make,model,variant,battery_capacity_kWh,battery_capacity_kWh_new,motor_power_kW,vehicle_weight_kg,drag_coefficient_Cd,frontal_area_m2,rolling_resistance_Cr,motor_efficiency_pct,ARAI_certified_range_km,avg_driving_speed_kmh,ambient_temperature_C,ac_usage,terrain_type,traffic_condition,driving_style,passengers,battery_age_years,tyre_pressure_deviation_psi,city_road_type,energy_consumption_kWh_per_km,real_world_range_km,price_lakh_INR
Tata,Nexon EV,Long Range,35.3,40.5,105,1610,0.34,2.4,0.0122,91,465,27.0,45.2,1,0,2,0,1,4.3,-2,Delhi,0.2504,141.0,17.5
Tata,Nexon EV,Long Range,40.5,40.5,105,1610,0.34,2.4,0.012,91,465,15.0,36.7,0,0,2,1,3,0.0,0,Delhi,0.1198,338.0,17.5
Tata,Nexon EV,Long Range,39.3,40.5,105,1610,0.34,2.4,0.0122,91,465,20.8,32.6,1,0,1,1,3,1.0,-2,Delhi,0.1254,313.4,17.5
Tata,Nexon EV,Long Range,39.0,40.5,105,1610,0.34,2.4,0.012,91,465,33.8,26.7,0,0,0,1,1,1.2,0,Delhi,0.0883,441.75,17.5
Tata,Nexon EV,Long Range,37.9,40.5,105,1610,0.34,2.4,0.012,91,465,18.5,32.6,1,0,2,0,3,2.1,0,Delhi,0.196,193.4,17.5
Tata,Nexon EV,Long Range,38.8,40.5,105,1610,0.34,2.4,0.0126,91,465,18.9,44.1,1,0,0,1,2,1.4,-5,Delhi,0.1384,280.4,17.5
Tata,Nexon EV,Long Range,37.9,40.5,105,1610,0.34,2.4,0.012,91,465,20.5,45.7,1,0,2,0,1,2.1,0,Delhi,0.2658,142.6,17.5
Tata,Nexon EV,Long Range,38.4,40.5,105,1610,0.34,2.4,0.012,91,465,22.2,38.5,1,0,0,2,3,1.7,0,Delhi,0.1164,329.8,17.5
Tata,Nexon EV,Long Range,34.5,40.5,105,1610,0.34,2.4,0.0126,91,465,26.8,34.7,1,0,2,1,2,4.9,-5,Delhi,0.1774,194.5,17.5
Tata,Nexon EV,Long Range,36.6,40.5,105,1610,0.34,2.4,0.012,91,465,23.6,28.3,1,0,2,0,1,3.2,0,Delhi,0.1426,256.7,17.5
Tata,Nexon EV,Long Range,36.9,40.5,105,1610,0.34,2.4,0.0126,91,465,27.1,35.7,0,0,1,0,4,3.0,-5,Delhi,0.0835,441.75,17.5
Tata,Nexon EV,Long Range,35.0,40.5,105,1610,0.34,2.4,0.012,91,465,27.9,22.4,0,0,2,0,2,4.5,0,Mumbai,0.1036,337.7,17.5
Tata,Nexon EV,Long Range,39.2,40.5,105,1610,0.34,2.4,0.012,91,465,27.5,26.5,1,0,2,1,2,1.1,0,Mumbai,0.166,236.2,17.5
Tata,Nexon EV,Long Range,36.2,40.5,105,1610,0.34,2.4,0.0126,91,465,19.3,22.4,1,0,2,1,1,3.5,-5,Mumbai,0.1423,254.4,17.5
Tata,Nexon EV,Long Range,35.0,40.5,105,1610,0.34,2.4,0.012,91,465,23.0,23.7,0,0,0,0,1,4.5,0,Mumbai,0.0792,441.75,17.5
Tata,Nexon EV,Long Range,37.6,40.5,105,1610,0.34,2.4,0.0122,91,465,13.5,29.1,0,0,2,0,4,2.4,2,Mumbai,0.1073,350.5,17.5
Tata,Nexon EV,Long Range,36.9,40.5,105,1610,0.34,2.4,0.0126,91,465,27.0,28.7,0,0,0,0,1,3.0,-5,Mumbai,0.0835,441.75,17.5
Tata,Nexon EV,Long Range,36.4,40.5,105,1610,0.34,2.4,0.0126,91,465,28.9,25.0,0,0,0,1,4,3.4,-5,Mumbai,0.0824,441.75,17.5
Tata,Nexon EV,Long Range,37.3,40.5,105,1610,0.34,2.4,0.012,91,465,16.6,36.5,0,0,2,2,2,2.6,0,Mumbai,0.1339,278.5,17.5
Tata,Nexon EV,Long Range,38.1,40.5,105,1610,0.34,2.4,0.013,91,465,17.0,35.7,0,0,1,2,4,2.0,-8,Mumbai,0.0891,427.5,17.5
Tata,Nexon EV,Long Range,34.5,40.5,105,1610,0.34,2.4,0.012,91,465,24.0,36.7,0,0,2,1,4,4.9,0,Mumbai,0.1136,303.8,17.5
Tata,Nexon EV,Long Range,36.6,40.5,105,1610,0.34,2.4,0.0126,91,465,24.8,31.0,1,0,1,1,3,3.2,-5,Mumbai,0.1188,308.0,17.5
Tata,Nexon EV,Long Range,37.6,40.5,105,1610,0.34,2.4,0.013,91,465,27.7,27.5,0,1,2,1,5,2.4,-8,Bangalore,0.3672,102.4,17.5
Tata,Nexon EV,Long Range,36.6,40.5,105,1610,0.34,2.4,0.012,91,465,18.9,28.3,0,1,1,1,1,3.2,0,Bangalore,0.1738,210.6,17.5
Tata,Nexon EV,Long Range,37.1,40.5,105,1610,0.34,2.4,0.0122,91,465,32.7,25.8,0,1,1,2,2,2.8,-2,Bangalore,0.2313,160.4,17.5
Tata,Nexon EV,Long Range,34.8,40.5,105,1610,0.34,2.4,0.012,91,465,24.7,19.4,0,1,1,1,4,4.7,0,Bangalore,0.217,160.4,17.5
Tata,Nexon EV,Long Range,36.2,40.5,105,1610,0.34,2.4,0.0126,91,465,17.8,29.1,0,1,2,2,3,3.5,-5,Bangalore,0.4294,84.3,17.5
Tata,Nexon EV,Long Range,39.3,40.5,105,1610,0.34,2.4,0.012,91,465,27.2,24.7,1,1,1,0,3,1.0,0,Bangalore,0.1884,208.6,17.5
Tata,Nexon EV,Long Range,40.3,40.5,105,1610,0.34,2.4,0.0122,91,465,21.8,33.3,1,1,2,0,2,0.2,-2,Bangalore,0.3745,107.6,17.5
Tata,Nexon EV,Long Range,39.2,40.5,105,1610,0.34,2.4,0.0122,91,465,22.2,15.9,0,1,2,1,3,1.1,-2,Bangalore,0.3289,119.2,17.5
Tata,Nexon EV,Long Range,36.1,40.5,105,1610,0.34,2.4,0.012,91,465,29.0,25.9,1,0,2,0,5,3.6,0,Chennai,0.1587,227.5,17.5
Tata,Nexon EV,Long Range,39.5,40.5,105,1610,0.34,2.4,0.012,91,465,31.7,22.5,0,0,2,1,1,0.8,0,Chennai,0.1175,336.2,17.5
Tata,Nexon EV,Long Range,36.0,40.5,105,1610,0.34,2.4,0.012,91,465,27.8,25.7,0,0,2,1,2,3.7,0,Chennai,0.1101,326.9,17.5
Tata,Nexon EV,Long Range,37.6,40.5,105,1610,0.34,2.4,0.012,91,465,15.9,22.3,1,0,1,2,3,2.4,0,Chennai,0.1077,349.0,17.5
Tata,Nexon EV,Long Range,35.2,40.5,105,1610,0.34,2.4,0.012,91,465,24.3,38.1,0,0,1,0,4,4.4,0,Chennai,0.0797,441.75,17.5
Tata,Nexon EV,Long Range,37.0,40.5,105,1610,0.34,2.4,0.013,91,465,18.3,39.1,1,0,2,1,1,2.9,-8,Chennai,0.2345,157.8,17.5
Tata,Nexon EV,Long Range,35.5,40.5,105,1610,0.34,2.4,0.0126,91,465,17.6,35.5,0,0,2,2,3,4.1,-5,Chennai,0.1419,250.2,17.5
Tata,Nexon EV,Long Range,39.8,40.5,105,1610,0.34,2.4,0.0126,91,465,31.9,23.4,1,0,1,2,1,0.6,-5,Chennai,0.0975,408.3,17.5
Tata,Nexon EV,Long Range,37.1,40.5,105,1610,0.34,2.4,0.0122,91,465,23.4,40.7,0,0,0,1,2,2.8,-2,Chennai,0.084,441.75,17.5
Tata,Nexon EV,Long Range,35.9,40.5,105,1610,0.34,2.4,0.012,91,465,33.6,37.5,0,0,1,1,3,3.8,0,Chennai,0.0813,441.75,17.5
Tata,Nexon EV,Long Range,34.7,40.5,105,1610,0.34,2.4,0.0126,91,465,22.8,32.7,1,0,2,0,1,4.8,-5,Chennai,0.1754,197.8,17.5
Tata,Nexon EV,Long Range,36.4,40.5,105,1610,0.34,2.4,0.0126,91,465,27.6,41.0,1,0,2,1,2,3.4,-5,Chennai,0.2661,136.8,17.5
Tata,Nexon EV,Long Range,37.2,40.5,105,1610,0.34,2.4,0.0126,91,465,39.4,15.2,0,1,2,0,3,2.7,-5,Pune,0.3103,119.9,17.5
Tata,Nexon EV,Long Range,36.2,40.5,105,1610,0.34,2.4,0.012,91,465,19.9,29.3,0,1,0,0,4,3.5,0,Pune,0.143,253.1,17.5
Tata,Nexon EV,Long Range,36.9,40.5,105,1610,0.34,2.4,0.012,91,465,37.0,18.5,0,1,2,0,4,3.0,0,Pune,0.3621,101.9,17.5
Tata,Nexon EV,Long Range,37.0,40.5,105,1610,0.34,2.4,0.0126,91,465,25.3,31.7,0,1,1,1,2,2.9,-5,Pune,0.1988,186.1,17.5
Tata,Nexon EV,Long Range,38.8,40.5,105,1610,0.34,2.4,0.013,91,465,34.4,15.3,0,1,2,2,2,1.4,-8,Pune,0.3609,107.5,17.5
Tata,Nexon EV,Long Range,38.9,40.5,105,1610,0.34,2.4,0.0126,91,465,25.1,39.4,1,1,2,2,4,1.3,-5,Pune,0.5293,73.5,17.5
Tata,Nexon EV,Long Range,36.0,40.5,105,1610,0.34,2.4,0.013,91,465,24.5,16.7,0,1,1,1,2,3.7,-8,Pune,0.1775,202.8,17.5
Tata,Nexon EV,Long Range,34.5,40.5,105,1610,0.34,2.4,0.0122,91,465,28.2,19.8,0,1,0,1,1,4.9,2,Pune,0.1439,239.7,17.5
Tata,Nexon EV,Long Range,34.8,40.5,105,1610,0.34,2.4,0.0126,91,465,28.7,23.7,0,0,2,2,4,4.7,-5,Hyderabad,0.1505,231.3,17.5
Tata,Nexon EV,Long Range,36.0,40.5,105,1610,0.34,2.4,0.012,91,465,30.6,19.6,0,0,1,2,2,3.7,0,Hyderabad,0.0815,441.75,17.5
Tata,Nexon EV,Long Range,36.2,40.5,105,1610,0.34,2.4,0.0122,91,465,15.7,30.9,1,0,0,0,1,3.5,-2,Hyderabad,0.094,385.3,17.5
Tata,Nexon EV,Long Range,34.7,40.5,105,1610,0.34,2.4,0.0122,91,465,32.0,36.5,1,0,2,1,1,4.8,-2,Hyderabad,0.1982,175.1,17.5
Tata,Nexon EV,Long Range,35.8,40.5,105,1610,0.34,2.4,0.0122,91,465,22.2,33.8,1,0,2,1,2,3.9,-2,Hyderabad,0.2077,172.4,17.5
Tata,Nexon EV,Long Range,34.5,40.5,105,1610,0.34,2.4,0.0122,91,465,27.8,26.8,0,0,2,2,3,4.9,-2,Hyderabad,0.1249,276.3,17.5
Tata,Nexon EV,Long Range,38.1,40.5,105,1610,0.34,2.4,0.0122,91,465,33.1,26.0,0,0,1,1,3,2.0,-2,Hyderabad,0.0862,441.75,17.5
Tata,Nexon EV,Long Range,39.0,40.5,105,1610,0.34,2.4,0.012,91,465,34.6,22.2,0,0,1,1,3,1.2,0,Hyderabad,0.0883,441.75,17.5
Tata,Nexon EV,Long Range,36.5,40.5,105,1610,0.34,2.4,0.012,91,465,14.9,16.2,0,0,2,2,2,3.3,0,Kolkata,0.1375,265.4,17.5
Tata,Nexon EV,Long Range,39.8,40.5,105,1610,0.34,2.4,0.012,91,465,20.8,22.4,0,0,0,1,4,0.6,0,Kolkata,0.0901,441.75,17.5
Tata,Nexon EV,Long Range,40.1,40.5,105,1610,0.34,2.4,0.012,91,465,22.0,13.2,1,0,2,2,4,0.3,0,Kolkata,0.175,229.1,17.5
Tata,Nexon EV,Long Range,36.1,40.5,105,1610,0.34,2.4,0.012,91,465,26.8,41.6,1,0,2,1,2,3.6,0,Kolkata,0.272,132.7,17.5
Tata,Nexon EV,Long Range,38.1,40.5,105,1610,0.34,2.4,0.012,91,465,24.0,32.6,1,0,2,2,2,2.0,0,Kolkata,0.2216,171.9,17.5
Tata,Nexon EV,Long Range,38.3,40.5,105,1610,0.34,2.4,0.0122,91,465,20.6,37.2,1,0,0,1,2,1.8,-2,Kolkata,0.1165,328.7,17.5
Tata,Nexon EV,Long Range,38.8,40.5,105,1610,0.34,2.4,0.012,91,465,21.4,14.6,0,0,2,1,1,1.4,0,Kolkata,0.1299,298.8,17.5
Tata,Nexon EV,Long Range,37.6,40.5,105,1610,0.34,2.4,0.013,91,465,26.9,26.9,1,0,1,0,2,2.4,-8,Kolkata,0.089,422.4,17.5
Tata,Nexon EV,Long Range,39.8,40.5,105,1610,0.34,2.4,0.012,91,465,13.3,17.2,0,0,2,1,5,0.6,0,Kolkata,0.1305,304.9,17.5
Tata,Nexon EV,Long Range,39.3,40.5,105,1610,0.34,2.4,0.0122,91,465,23.5,33.7,0,0,2,1,4,1.0,2,Kolkata,0.1213,323.9,17.5
Tata,Nexon EV,Long Range,37.5,40.5,105,1610,0.34,2.4,0.013,91,465,85.9,21.0,0,0,1,1,1,2.5,-8,Highway_NH,0.1405,266.9,17.5
Tata,Nexon EV,Long Range,38.9,40.5,105,1610,0.34,2.4,0.0126,91,465,71.9,25.1,0,0,0,1,4,1.3,-5,Highway_NH,0.0881,441.75,17.5
Tata,Nexon EV,Long Range,36.0,40.5,105,1610,0.34,2.4,0.0122,91,465,88.2,18.5,0,0,0,0,4,3.7,-2,Highway_NH,0.0949,379.4,17.5
Tata,Nexon EV,Long Range,39.5,40.5,105,1610,0.34,2.4,0.0126,91,465,74.2,32.2,0,0,1,0,1,0.8,-5,Highway_NH,0.1046,377.8,17.5
Tata,Nexon EV,Long Range,38.2,40.5,105,1610,0.34,2.4,0.0122,91,465,96.3,30.7,0,0,0,2,2,1.9,-2,Highway_NH,0.1485,257.3,17.5
Tata,Nexon EV,Long Range,37.2,40.5,105,1610,0.34,2.4,0.0122,91,465,81.7,32.3,0,0,0,0,1,2.7,-2,Highway_NH,0.0842,441.75,17.5
Tata,Nexon EV,Long Range,35.0,40.5,105,1610,0.34,2.4,0.0126,91,465,74.2,33.8,0,0,0,1,2,4.5,-5,Highway_NH,0.0839,417.3,17.5
Tata,Nexon EV,Long Range,39.9,40.5,105,1610,0.34,2.4,0.0122,91,465,76.1,38.4,0,0,0,1,3,0.5,-2,Highway_NH,0.0903,441.75,17.5
Tata,Nexon EV,Long Range,36.1,40.5,105,1610,0.34,2.4,0.0126,91,465,81.9,40.4,0,0,0,0,1,3.6,-5,Highway_NH,0.0864,417.8,17.5
Tata,Nexon EV,Long Range,37.9,40.5,105,1610,0.34,2.4,0.012,91,465,94.8,36.5,0,0,1,1,1,2.1,0,Highway_NH,0.1349,280.9,17.5
Tata,Nexon EV,Long Range,39.9,40.5,105,1610,0.34,2.4,0.013,91,465,84.0,42.4,1,0,0,1,2,0.5,-8,Expressway,0.126,316.7,17.5
Tata,Nexon EV,Long Range,34.9,40.5,105,1610,0.34,2.4,0.0122,91,465,104.3,19.6,0,0,0,1,4,4.6,-2,Expressway,0.127,274.8,17.5
Tata,Nexon EV,Long Range,39.2,40.5,105,1610,0.34,2.4,0.0122,91,465,87.5,22.1,0,0,0,1,2,1.1,-2,Expressway,0.1032,379.9,17.5
Tata,Nexon EV,Long Range,38.4,40.5,105,1610,0.34,2.4,0.012,91,465,93.3,39.1,1,0,0,1,4,1.7,0,Expressway,0.1277,300.7,17.5
Tata,Nexon EV,Long Range,39.5,40.5,105,1610,0.34,2.4,0.012,91,465,81.3,42.6,0,0,0,0,2,0.8,0,Expressway,0.0894,441.75,17.5
Tata,Nexon EV,Long Range,37.9,40.5,105,1610,0.34,2.4,0.012,91,465,106.5,34.0,1,0,0,2,1,2.1,0,Expressway,0.1707,222.0,17.5
Tata,Nexon EV,Long Range,39.3,40.5,105,1610,0.34,2.4,0.012,91,465,82.7,30.1,0,0,0,0,4,1.0,0,Expressway,0.089,441.75,17.5
Tata,Nexon EV,Long Range,37.5,40.5,105,1610,0.34,2.4,0.0126,91,465,108.6,32.6,0,0,0,1,2,2.5,-5,Expressway,0.1361,275.5,17.5
Tata,Nexon EV,Long Range,38.1,40.5,105,1610,0.34,2.4,0.012,91,465,117.8,20.5,0,0,1,1,3,2.0,0,Expressway,0.191,199.5,17.5
Tata,Nexon EV,Long Range,35.2,40.5,105,1610,0.34,2.4,0.0122,91,465,100.2,22.6,0,0,0,1,2,4.4,-2,Expressway,0.1338,263.1,17.5
Tata,Nexon EV,Long Range,36.5,40.5,105,1610,0.34,2.4,0.012,91,465,108.9,18.0,0,0,0,2,2,3.3,0,Expressway,0.1569,232.6,17.5
Tata,Nexon EV,Long Range,35.0,40.5,105,1610,0.34,2.4,0.0126,91,465,20.5,7.1,0,2,0,1,2,4.5,-5,Hill_Station,0.3518,99.5,17.5
Tata,Nexon EV,Long Range,35.8,40.5,105,1610,0.34,2.4,0.012,91,465,27.3,13.4,1,2,2,2,2,3.9,0,Hill_Station,0.7699,46.5,17.5
Tata,Nexon EV,Long Range,36.0,40.5,105,1610,0.34,2.4,0.0126,91,465,29.4,19.1,0,2,2,1,2,3.7,-5,Hill_Station,0.6569,54.8,17.5
Tata,Nexon EV,Long Range,38.8,40.5,105,1610,0.34,2.4,0.012,91,465,36.7,11.4,0,2,0,1,1,1.4,0,Hill_Station,0.2906,133.5,17.5
Tata,Nexon EV,Long Range,39.6,40.5,105,1610,0.34,2.4,0.012,91,465,28.1,17.5,0,2,0,1,1,0.7,0,Hill_Station,0.2823,140.3,17.5
Tata,Nexon EV,Long Range,37.9,40.5,105,1610,0.34,2.4,0.012,91,465,32.0,26.8,0,2,1,0,4,2.1,0,Hill_Station,0.4023,94.2,17.5
Tata,Nexon EV,Long Range,38.7,40.5,105,1610,0.34,2.4,0.0122,91,465,27.8,20.1,0,2,0,1,3,1.5,-2,Hill_Station,0.3069,126.1,17.5
Tata,Nexon EV,Long Range,39.5,40.5,105,1610,0.34,2.4,0.0126,91,465,22.7,14.9,0,2,2,1,2,0.8,-5,Hill_Station,0.6361,62.1,17.5
Tata,Nexon EV,Long Range,36.4,40.5,105,1610,0.34,2.4,0.0122,91,465,22.1,13.4,1,2,2,1,2,3.4,-2,Hill_Station,0.749,48.6,17.5
Tata,Nexon EV,Long Range,39.9,40.5,105,1610,0.34,2.4,0.013,91,465,50.8,38.7,1,0,1,1,2,0.5,-8,Rural_Road,0.1228,325.0,17.5
Tata,Nexon EV,Long Range,36.2,40.5,105,1610,0.34,2.4,0.0126,91,465,56.2,16.5,0,0,0,2,3,3.5,-5,Rural_Road,0.0819,441.75,17.5
Tata,Nexon EV,Long Range,37.0,40.5,105,1610,0.34,2.4,0.0122,91,465,50.8,41.6,1,0,1,1,1,2.9,2,Rural_Road,0.1311,282.2,17.5
Tata,Nexon EV,Long Range,37.6,40.5,105,1610,0.34,2.4,0.013,91,465,38.9,11.2,0,0,1,2,4,2.4,-8,Rural_Road,0.108,348.0,17.5
Tata,Nexon EV,Long Range,37.6,40.5,105,1610,0.34,2.4,0.013,91,465,49.3,25.9,0,0,0,1,2,2.4,-8,Rural_Road,0.0851,441.75,17.5
Tata,Nexon EV,Long Range,35.2,40.5,105,1610,0.34,2.4,0.0122,91,465,46.2,12.3,0,0,0,1,3,4.4,-2,Rural_Road,0.0797,441.75,17.5
Tata,Nexon EV,Long Range,35.6,40.5,105,1610,0.34,2.4,0.0122,91,465,30.6,10.9,0,0,1,1,4,4.0,2,Rural_Road,0.0873,408.0,17.5
Tata,Nexon EV,Long Range,37.9,40.5,105,1610,0.34,2.4,0.0126,91,465,56.2,26.8,0,0,1,1,2,2.1,-5,Rural_Road,0.0888,426.8,17.5
Tata,Nexon EV,Long Range,38.8,40.5,105,1610,0.34,2.4,0.013,91,465,38.9,10.1,0,0,0,1,2,1.4,-8,Rural_Road,0.0878,441.75,17.5
Tata,Nexon EV,Long Range,35.2,40.5,105,1610,0.34,2.4,0.013,91,465,58.5,33.8,0,0,0,0,2,4.4,-8,Rural_Road,0.0797,441.75,17.5
Tata,Nexon EV,Long Range,35.4,40.5,105,1610,0.34,2.4,0.012,91,465,16.3,34.7,1,2,2,2,1,4.2,0,Ghat_Road,0.7613,46.5,17.5
Tata,Nexon EV,Long Range,34.9,40.5,105,1610,0.34,2.4,0.0122,91,465,22.0,14.7,1,2,2,2,4,4.6,2,Ghat_Road,0.7505,46.5,17.5
Tata,Nexon EV,Long Range,36.0,40.5,105,1610,0.34,2.4,0.012,91,465,34.9,22.9,0,2,1,1,3,3.7,0,Ghat_Road,0.4343,82.9,17.5
Tata,Nexon EV,Long Range,35.6,40.5,105,1610,0.34,2.4,0.0126,91,465,17.6,31.9,0,2,0,2,4,4.0,-5,Ghat_Road,0.3618,98.4,17.5
Tata,Nexon EV,Long Range,37.2,40.5,105,1610,0.34,2.4,0.0122,91,465,20.1,28.4,1,2,0,1,1,2.7,2,Ghat_Road,0.321,115.9,17.5
Tata,Nexon EV,Long Range,36.4,40.5,105,1610,0.34,2.4,0.0122,91,465,24.6,31.3,0,2,1,2,2,3.4,-2,Ghat_Road,0.4619,78.8,17.5
Tata,Nexon EV,Long Range,38.4,40.5,105,1610,0.34,2.4,0.012,91,465,32.4,28.3,1,2,1,0,1,1.7,0,Ghat_Road,0.3647,105.3,17.5
Tata,Nexon EV,Long Range,35.5,40.5,105,1610,0.34,2.4,0.012,91,465,34.2,14.7,0,2,2,2,1,4.1,0,Ghat_Road,0.7634,46.5,17.5
Tata,Nexon EV,Long Range,36.7,40.5,105,1610,0.34,2.4,0.0122,91,465,31.6,14.0,0,2,2,0,1,3.1,2,Ghat_Road,0.6284,58.4,17.5
Tata,Nexon EV,Long Range,35.4,40.5,105,1610,0.34,2.4,0.012,91,465,17.6,10.2,0,2,2,0,2,4.2,0,Ghat_Road,0.6717,52.7,17.5
Tata,Nexon EV,Long Range,36.2,40.5,105,1610,0.34,2.4,0.012,91,465,33.7,33.3,0,2,0,0,2,3.5,0,Ghat_Road,0.2745,131.9,17.5
Tata,Nexon EV,Long Range,36.9,40.5,105,1610,0.34,2.4,0.012,91,465,34.8,11.9,0,2,2,1,3,3.0,0,Ghat_Road,0.7577,48.7,17.5
Tata,Nexon EV,Medium Range,28.1,30.2,105,1560,0.34,2.4,0.013,91,325,31.4,40.4,1,0,1,0,1,2.3,-8,Delhi,0.2489,112.9,14.5
Tata,Nexon EV,Medium Range,28.9,30.2,105,1560,0.34,2.4,0.0122,91,325,19.4,39.4,1,0,2,1,3,1.4,2,Delhi,0.4439,65.1,14.5
Tata,Nexon EV,Medium Range,28.2,30.2,105,1560,0.34,2.4,0.012,91,325,33.2,11.2,0,0,2,2,3,2.2,0,Delhi,0.2757,102.3,14.5
Tata,Nexon EV,Medium Range,29.4,30.2,105,1560,0.34,2.4,0.013,91,325,22.4,11.2,0,0,2,1,5,0.9,-8,Delhi,0.2561,114.8,14.5
Tata,Nexon EV,Medium Range,26.0,30.2,105,1560,0.34,2.4,0.0122,91,325,30.2,38.5,0,0,2,0,1,4.6,-2,Delhi,0.1651,157.5,14.5
Tata,Nexon EV,Medium Range,27.5,30.2,105,1560,0.34,2.4,0.0122,91,325,19.5,19.2,0,0,2,1,2,3.0,-2,Delhi,0.1827,150.5,14.5
Tata,Nexon EV,Medium Range,27.2,30.2,105,1560,0.34,2.4,0.0126,91,325,28.6,15.5,0,0,2,2,3,3.3,-5,Delhi,0.2442,111.4,14.5
Tata,Nexon EV,Medium Range,29.2,30.2,105,1560,0.34,2.4,0.012,91,325,17.1,37.7,1,0,1,0,2,1.1,0,Delhi,0.2468,118.3,14.5
Tata,Nexon EV,Medium Range,29.8,30.2,105,1560,0.34,2.4,0.012,91,325,25.4,10.4,1,0,1,1,1,0.4,0,Delhi,0.1367,218.0,14.5
Tata,Nexon EV,Medium Range,27.4,30.2,105,1560,0.34,2.4,0.0122,91,325,34.0,11.5,0,0,2,2,2,3.1,-2,Delhi,0.2561,107.0,14.5
Tata,Nexon EV,Medium Range,27.2,30.2,105,1560,0.34,2.4,0.0122,91,325,23.3,36.7,0,0,2,1,2,3.3,-2,Mumbai,0.1981,137.3,14.5
Tata,Nexon EV,Medium Range,29.5,30.2,105,1560,0.34,2.4,0.013,91,325,25.2,30.9,1,0,2,0,1,0.8,-8,Mumbai,0.2796,105.5,14.5
Tata,Nexon EV,Medium Range,27.7,30.2,105,1560,0.34,2.4,0.0126,91,325,15.3,37.5,0,0,1,1,2,2.8,-5,Mumbai,0.1214,228.2,14.5
Tata,Nexon EV,Medium Range,26.4,30.2,105,1560,0.34,2.4,0.012,91,325,19.3,27.9,1,0,0,1,1,4.2,0,Mumbai,0.1451,182.0,14.5
Tata,Nexon EV,Medium Range,30.0,30.2,105,1560,0.34,2.4,0.013,91,325,19.7,32.5,1,0,2,1,5,0.2,-8,Mumbai,0.4043,74.2,14.5
Tata,Nexon EV,Medium Range,28.9,30.2,105,1560,0.34,2.4,0.012,91,325,22.8,25.9,0,0,2,1,5,1.4,0,Mumbai,0.2119,136.4,14.5
Tata,Nexon EV,Medium Range,29.4,30.2,105,1560,0.34,2.4,0.012,91,325,25.2,30.5,1,0,2,1,4,0.9,0,Mumbai,0.3899,75.4,14.5
Tata,Nexon EV,Medium Range,27.2,30.2,105,1560,0.34,2.4,0.012,91,325,13.8,19.4,0,0,2,1,2,3.3,0,Mumbai,0.195,139.5,14.5
Tata,Nexon EV,Medium Range,29.6,30.2,105,1560,0.34,2.4,0.0122,91,325,16.6,25.8,0,0,2,1,3,0.7,2,Mumbai,0.2037,145.3,14.5
Tata,Nexon EV,Medium Range,29.0,30.2,105,1560,0.34,2.4,0.012,91,325,17.9,25.3,0,1,2,1,4,1.3,0,Bangalore,0.5906,49.1,14.5
Tata,Nexon EV,Medium Range,27.6,30.2,105,1560,0.34,2.4,0.013,91,325,28.3,15.8,0,1,2,2,4,2.9,-8,Bangalore,0.7132,38.7,14.5
Tata,Nexon EV,Medium Range,29.4,30.2,105,1560,0.34,2.4,0.012,91,325,19.6,37.7,1,1,0,1,1,0.9,0,Bangalore,0.3352,87.7,14.5
Tata,Nexon EV,Medium Range,25.9,30.2,105,1560,0.34,2.4,0.0122,91,325,18.0,26.7,0,1,0,2,1,4.8,-2,Bangalore,0.2569,100.8,14.5
Tata,Nexon EV,Medium Range,29.3,30.2,105,1560,0.34,2.4,0.0126,91,325,17.8,26.2,1,1,2,1,3,1.0,-5,Bangalore,0.8049,36.4,14.5
Tata,Nexon EV,Medium Range,27.2,30.2,105,1560,0.34,2.4,0.0122,91,325,18.1,19.3,0,1,2,2,1,3.3,2,Bangalore,0.6044,45.0,14.5
Tata,Nexon EV,Medium Range,27.1,30.2,105,1560,0.34,2.4,0.012,91,325,26.4,29.2,1,1,2,2,3,3.4,0,Bangalore,0.6626,40.9,14.5
Tata,Nexon EV,Medium Range,28.8,30.2,105,1560,0.34,2.4,0.013,91,325,26.5,34.0,1,1,2,0,3,1.6,-8,Bangalore,0.6194,46.5,14.5
Tata,Nexon EV,Medium Range,26.6,30.2,105,1560,0.34,2.4,0.0126,91,325,32.6,28.0,0,1,2,1,3,4.0,-5,Bangalore,0.5708,46.6,14.5
Tata,Nexon EV,Medium Range,27.5,30.2,105,1560,0.34,2.4,0.0122,91,325,20.9,39.4,0,0,1,1,3,3.0,-2,Chennai,0.1303,211.1,14.5
Tata,Nexon EV,Medium Range,27.4,30.2,105,1560,0.34,2.4,0.0122,91,325,19.5,26.8,1,0,1,1,3,3.1,-2,Chennai,0.2082,131.6,14.5
Tata,Nexon EV,Medium Range,29.6,30.2,105,1560,0.34,2.4,0.0122,91,325,31.9,32.8,0,0,2,2,1,0.7,-2,Chennai,0.2043,144.9,14.5
Tata,Nexon EV,Medium Range,30.2,30.2,105,1560,0.34,2.4,0.0122,91,325,29.4,37.3,0,0,2,0,1,0.0,-2,Chennai,0.1694,178.3,14.5
Tata,Nexon EV,Medium Range,28.0,30.2,105,1560,0.34,2.4,0.012,91,325,16.2,26.9,0,0,2,1,1,2.4,0,Chennai,0.1823,153.6,14.5
Tata,Nexon EV,Medium Range,29.7,30.2,105,1560,0.34,2.4,0.012,91,325,27.2,32.8,0,0,1,1,2,0.6,0,Chennai,0.1243,239.0,14.5
Tata,Nexon EV,Medium Range,26.0,30.2,105,1560,0.34,2.4,0.0122,91,325,18.7,39.2,1,0,2,1,1,4.6,-2,Chennai,0.4414,58.9,14.5
Tata,Nexon EV,Medium Range,26.6,30.2,105,1560,0.34,2.4,0.0122,91,325,15.1,32.5,0,0,1,1,2,4.0,-2,Chennai,0.1152,231.0,14.5
Tata,Nexon EV,Medium Range,28.9,30.2,105,1560,0.34,2.4,0.0126,91,325,33.0,30.2,0,0,2,0,3,1.4,-5,Chennai,0.2054,140.7,14.5
Tata,Nexon EV,Medium Range,29.2,30.2,105,1560,0.34,2.4,0.012,91,325,26.7,34.5,1,0,2,1,4,1.1,0,Chennai,0.3311,88.2,14.5
Tata,Nexon EV,Medium Range,27.9,30.2,105,1560,0.34,2.4,0.0122,91,325,30.0,30.0,1,1,2,1,2,2.5,2,Pune,0.6078,45.9,14.5
Tata,Nexon EV,Medium Range,27.5,30.2,105,1560,0.34,2.4,0.012,91,325,33.9,24.4,1,1,1,1,4,3.0,0,Pune,0.3581,76.8,14.5
Tata,Nexon EV,Medium Range,29.2,30.2,105,1560,0.34,2.4,0.012,91,325,19.9,19.7,0,1,0,0,2,1.1,0,Pune,0.2014,145.0,14.5
Tata,Nexon EV,Medium Range,29.1,30.2,105,1560,0.34,2.4,0.0122,91,325,32.1,30.7,1,1,0,1,3,1.2,-2,Pune,0.3041,95.7,14.5
Tata,Nexon EV,Medium Range,29.9,30.2,105,1560,0.34,2.4,0.0122,91,325,32.6,30.7,0,1,2,1,2,0.3,-2,Pune,0.5496,54.4,14.5
Tata,Nexon EV,Medium Range,28.8,30.2,105,1560,0.34,2.4,0.0122,91,325,27.0,33.1,1,1,0,2,1,1.5,2,Pune,0.3211,89.7,14.5
Tata,Nexon EV,Medium Range,27.8,30.2,105,1560,0.34,2.4,0.0126,91,325,26.8,38.0,1,1,1,2,4,2.7,-5,Pune,0.5388,51.6,14.5
Tata,Nexon EV,Medium Range,29.7,30.2,105,1560,0.34,2.4,0.012,91,325,31.4,34.1,0,1,2,0,1,0.6,0,Pune,0.4869,61.0,14.5
Tata,Nexon EV,Medium Range,28.2,30.2,105,1560,0.34,2.4,0.0122,91,325,38.6,22.1,0,1,0,1,2,2.2,-2,Pune,0.248,113.7,14.5
Tata,Nexon EV,Medium Range,28.5,30.2,105,1560,0.34,2.4,0.013,91,325,22.6,39.8,0,1,2,0,4,1.9,-8,Pune,0.5154,55.3,14.5
Tata,Nexon EV,Medium Range,29.5,30.2,105,1560,0.34,2.4,0.012,91,325,22.7,32.2,0,1,0,1,1,0.8,0,Pune,0.229,128.8,14.5
Tata,Nexon EV,Medium Range,26.8,30.2,105,1560,0.34,2.4,0.012,91,325,37.0,35.0,0,1,0,1,3,3.8,0,Pune,0.2528,106.0,14.5
Tata,Nexon EV,Medium Range,25.9,30.2,105,1560,0.34,2.4,0.0122,91,325,22.4,26.2,1,0,0,0,1,4.8,-2,Hyderabad,0.1121,231.0,14.5
Tata,Nexon EV,Medium Range,27.5,30.2,105,1560,0.34,2.4,0.012,91,325,20.6,41.2,0,0,2,0,1,3.0,0,Hyderabad,0.1934,142.2,14.5
Tata,Nexon EV,Medium Range,27.0,30.2,105,1560,0.34,2.4,0.0122,91,325,24.2,16.7,1,0,2,2,1,3.5,2,Hyderabad,0.2647,102.0,14.5
Tata,Nexon EV,Medium Range,29.2,30.2,105,1560,0.34,2.4,0.012,91,325,27.4,20.0,0,0,2,0,1,1.1,0,Hyderabad,0.1655,176.4,14.5
Tata,Nexon EV,Medium Range,28.6,30.2,105,1560,0.34,2.4,0.0122,91,325,17.6,29.8,0,0,1,1,1,1.8,-2,Hyderabad,0.118,242.3,14.5
Tata,Nexon EV,Medium Range,27.1,30.2,105,1560,0.34,2.4,0.012,91,325,17.7,42.0,1,0,1,1,2,3.4,0,Hyderabad,0.3647,74.3,14.5
Tata,Nexon EV,Medium Range,28.0,30.2,105,1560,0.34,2.4,0.012,91,325,19.8,21.0,0,0,0,2,5,2.4,0,Hyderabad,0.1035,270.6,14.5
Tata,Nexon EV,Medium Range,28.5,30.2,105,1560,0.34,2.4,0.012,91,325,18.0,17.7,0,0,1,1,2,1.9,0,Hyderabad,0.1201,237.4,14.5
Tata,Nexon EV,Medium Range,26.6,30.2,105,1560,0.34,2.4,0.012,91,325,17.7,26.0,1,0,2,1,4,4.0,0,Hyderabad,0.3252,81.8,14.5
Tata,Nexon EV,Medium Range,27.8,30.2,105,1560,0.34,2.4,0.012,91,325,32.9,32.8,0,0,2,1,1,2.6,0,Hyderabad,0.1891,147.0,14.5
Tata,Nexon EV,Medium Range,29.8,30.2,105,1560,0.34,2.4,0.012,91,325,12.7,27.4,1,0,2,1,1,0.4,0,Kolkata,0.4005,74.4,14.5
Tata,Nexon EV,Medium Range,28.3,30.2,105,1560,0.34,2.4,0.0122,91,325,27.5,25.9,0,0,2,1,2,2.1,-2,Kolkata,0.1997,141.7,14.5
Tata,Nexon EV,Medium Range,29.2,30.2,105,1560,0.34,2.4,0.0122,91,325,13.3,14.1,0,0,2,2,3,1.1,2,Kolkata,0.2664,109.6,14.5
Tata,Nexon EV,Medium Range,26.6,30.2,105,1560,0.34,2.4,0.012,91,325,22.3,30.5,0,0,2,0,5,4.0,0,Kolkata,0.1973,134.8,14.5
Tata,Nexon EV,Medium Range,30.0,30.2,105,1560,0.34,2.4,0.012,91,325,26.7,15.4,0,0,2,1,1,0.2,0,Kolkata,0.1952,153.7,14.5
Tata,Nexon EV,Medium Range,29.3,30.2,105,1560,0.34,2.4,0.013,91,325,21.8,25.0,0,0,2,0,1,1.0,-8,Kolkata,0.1916,152.9,14.5
Tata,Nexon EV,Medium Range,26.8,30.2,105,1560,0.34,2.4,0.0122,91,325,25.8,20.6,0,0,2,2,1,3.8,-2,Kolkata,0.216,124.1,14.5
Tata,Nexon EV,Medium Range,26.9,30.2,105,1560,0.34,2.4,0.012,91,325,17.1,17.4,0,0,0,1,2,3.6,0,Kolkata,0.0871,308.75,14.5
Tata,Nexon EV,Medium Range,27.8,30.2,105,1560,0.34,2.4,0.0122,91,325,15.4,33.8,0,0,2,2,3,2.7,-2,Kolkata,0.2298,121.0,14.5
Tata,Nexon EV,Medium Range,30.2,30.2,105,1560,0.34,2.4,0.012,91,325,22.2,32.7,0,0,2,0,2,0.0,0,Kolkata,0.1902,158.8,14.5
Tata,Nexon EV,Medium Range,26.8,30.2,105,1560,0.34,2.4,0.0126,91,325,15.1,38.4,0,0,1,1,2,3.7,-5,Kolkata,0.1278,209.7,14.5
Tata,Nexon EV,Medium Range,26.8,30.2,105,1560,0.34,2.4,0.0126,91,325,95.4,31.2,0,0,1,2,1,3.7,-5,Highway_NH,0.3157,84.9,14.5
Tata,Nexon EV,Medium Range,28.2,30.2,105,1560,0.34,2.4,0.0126,91,325,79.2,24.8,0,0,0,2,2,2.2,-5,Highway_NH,0.1864,151.3,14.5
Tata,Nexon EV,Medium Range,28.5,30.2,105,1560,0.34,2.4,0.0122,91,325,75.4,34.9,1,0,0,0,1,1.9,-2,Highway_NH,0.1508,189.0,14.5
Tata,Nexon EV,Medium Range,27.5,30.2,105,1560,0.34,2.4,0.0126,91,325,71.9,29.4,0,0,1,1,2,3.0,-5,Highway_NH,0.1987,138.4,14.5
Tata,Nexon EV,Medium Range,29.3,30.2,105,1560,0.34,2.4,0.0126,91,325,74.5,24.7,0,0,1,1,5,1.0,-5,Highway_NH,0.2145,136.6,14.5
Tata,Nexon EV,Medium Range,27.5,30.2,105,1560,0.34,2.4,0.0126,91,325,79.8,28.2,0,0,0,0,1,3.0,-5,Highway_NH,0.1471,187.0,14.5
Tata,Nexon EV,Medium Range,26.8,30.2,105,1560,0.34,2.4,0.0126,91,325,84.9,20.2,0,0,1,1,5,3.7,-5,Highway_NH,0.2318,115.6,14.5
Tata,Nexon EV,Medium Range,26.4,30.2,105,1560,0.34,2.4,0.012,91,325,80.9,32.6,1,0,0,0,1,4.2,0,Highway_NH,0.1606,164.4,14.5
Tata,Nexon EV,Medium Range,30.0,30.2,105,1560,0.34,2.4,0.013,91,325,83.1,28.9,0,0,0,1,3,0.2,-8,Highway_NH,0.1843,162.8,14.5
Tata,Nexon EV,Medium Range,26.8,30.2,105,1560,0.34,2.4,0.0126,91,325,93.0,28.1,1,0,1,1,1,3.8,-5,Highway_NH,0.2797,95.8,14.5
Tata,Nexon EV,Medium Range,29.5,30.2,105,1560,0.34,2.4,0.013,91,325,81.1,38.6,1,0,2,2,1,0.8,-8,Highway_NH,0.506,58.3,14.5
Tata,Nexon EV,Medium Range,26.1,30.2,105,1560,0.34,2.4,0.012,91,325,74.2,16.9,0,0,2,1,2,4.5,0,Highway_NH,0.3222,81.0,14.5
Tata,Nexon EV,Medium Range,27.2,30.2,105,1560,0.34,2.4,0.012,91,325,90.4,16.6,0,0,0,2,1,3.3,0,Expressway,0.1975,137.7,14.5
Tata,Nexon EV,Medium Range,26.9,30.2,105,1560,0.34,2.4,0.0122,91,325,117.9,25.1,0,0,0,0,1,3.6,-2,Expressway,0.2203,122.1,14.5
Tata,Nexon EV,Medium Range,27.4,30.2,105,1560,0.34,2.4,0.012,91,325,96.2,44.4,1,0,0,1,2,3.1,0,Expressway,0.219,125.1,14.5
Tata,Nexon EV,Medium Range,28.3,30.2,105,1560,0.34,2.4,0.0126,91,325,117.8,29.5,0,0,0,1,2,2.1,-5,Expressway,0.2448,115.6,14.5
Tata,Nexon EV,Medium Range,26.2,30.2,105,1560,0.34,2.4,0.0122,91,325,119.1,18.4,0,0,0,1,2,4.4,-2,Expressway,0.2665,98.3,14.5
Tata,Nexon EV,Medium Range,29.1,30.2,105,1560,0.34,2.4,0.0122,91,325,88.2,37.7,0,0,0,2,4,1.2,-2,Expressway,0.2098,138.7,14.5
Tata,Nexon EV,Medium Range,28.5,30.2,105,1560,0.34,2.4,0.0126,91,325,99.9,42.3,1,0,0,1,4,1.9,-5,Expressway,0.2686,106.1,14.5
Tata,Nexon EV,Medium Range,26.6,30.2,105,1560,0.34,2.4,0.012,91,325,91.5,21.1,0,0,0,1,3,4.0,0,Expressway,0.1856,143.3,14.5
Tata,Nexon EV,Medium Range,29.5,30.2,105,1560,0.34,2.4,0.0122,91,325,86.6,28.4,0,0,0,1,4,0.8,-2,Expressway,0.1704,173.1,14.5
Tata,Nexon EV,Medium Range,27.4,30.2,105,1560,0.34,2.4,0.012,91,325,115.8,21.1,0,0,0,0,2,3.1,0,Expressway,0.2188,125.2,14.5
Tata,Nexon EV,Medium Range,25.7,30.2,105,1560,0.34,2.4,0.0122,91,325,99.4,24.6,1,0,2,1,2,5.0,2,Expressway,0.475,54.1,14.5
Tata,Nexon EV,Medium Range,25.8,30.2,105,1560,0.34,2.4,0.012,91,325,81.2,35.6,0,0,0,0,2,4.9,0,Expressway,0.1415,182.3,14.5
Tata,Nexon EV,Medium Range,26.5,30.2,105,1560,0.34,2.4,0.013,91,325,38.0,24.0,0,2,2,1,1,4.1,-8,Hill_Station,0.8154,32.5,14.5
Tata,Nexon EV,Medium Range,28.7,30.2,105,1560,0.34,2.4,0.0122,91,325,36.5,9.3,0,2,2,0,1,1.7,-2,Hill_Station,0.8831,32.5,14.5
Tata,Nexon EV,Medium Range,27.1,30.2,105,1560,0.34,2.4,0.012,91,325,29.4,13.8,0,2,2,1,1,3.4,0,Hill_Station,0.8338,32.5,14.5
Tata,Nexon EV,Medium Range,29.8,30.2,105,1560,0.34,2.4,0.012,91,325,23.3,5.1,0,2,1,2,1,0.4,0,Hill_Station,0.8976,33.2,14.5
Tata,Nexon EV,Medium Range,26.6,30.2,105,1560,0.34,2.4,0.012,91,325,28.2,6.7,0,2,2,2,1,4.0,0,Hill_Station,0.8185,32.5,14.5
Tata,Nexon EV,Medium Range,28.1,30.2,105,1560,0.34,2.4,0.013,91,325,33.4,11.5,0,2,2,0,2,2.3,-8,Hill_Station,0.8646,32.5,14.5
Tata,Nexon EV,Medium Range,29.7,30.2,105,1560,0.34,2.4,0.0126,91,325,20.4,25.1,0,2,1,0,5,0.6,-5,Hill_Station,0.7315,40.6,14.5
Tata,Nexon EV,Medium Range,28.8,30.2,105,1560,0.34,2.4,0.0126,91,325,36.1,27.8,1,2,2,2,3,1.5,-5,Hill_Station,0.8862,32.5,14.5
Tata,Nexon EV,Medium Range,28.8,30.2,105,1560,0.34,2.4,0.012,91,325,20.2,7.4,0,2,0,1,2,1.5,0,Hill_Station,0.5343,53.9,14.5
Tata,Nexon EV,Medium Range,25.8,30.2,105,1560,0.34,2.4,0.0122,91,325,37.5,20.0,0,2,0,1,2,4.9,-2,Hill_Station,0.485,53.2,14.5
Tata,Nexon EV,Medium Range,27.5,30.2,105,1560,0.34,2.4,0.012,91,325,55.7,30.4,0,0,2,0,4,3.0,0,Rural_Road,0.2502,109.9,14.5
Tata,Nexon EV,Medium Range,28.2,30.2,105,1560,0.34,2.4,0.012,91,325,54.9,41.8,0,0,1,1,2,2.2,0,Rural_Road,0.1769,159.4,14.5
Tata,Nexon EV,Medium Range,27.3,30.2,105,1560,0.34,2.4,0.0126,91,325,35.1,21.9,0,0,0,1,3,3.2,-5,Rural_Road,0.1003,272.3,14.5
Tata,Nexon EV,Medium Range,26.8,30.2,105,1560,0.34,2.4,0.0122,91,325,44.6,13.6,0,0,0,2,3,3.7,-2,Rural_Road,0.1262,212.3,14.5
Tata,Nexon EV,Medium Range,28.1,30.2,105,1560,0.34,2.4,0.0122,91,325,48.1,10.1,0,0,0,0,2,2.3,-2,Rural_Road,0.1058,265.7,14.5
Tata,Nexon EV,Medium Range,30.2,30.2,105,1560,0.34,2.4,0.012,91,325,38.4,16.9,0,0,1,1,1,0.0,0,Rural_Road,0.1296,233.0,14.5
Tata,Nexon EV,Medium Range,26.5,30.2,105,1560,0.34,2.4,0.012,91,325,36.6,26.2,0,0,0,0,1,4.1,0,Rural_Road,0.0858,308.75,14.5
Tata,Nexon EV,Medium Range,25.7,30.2,105,1560,0.34,2.4,0.012,91,325,45.2,14.0,0,0,0,1,3,5.0,0,Rural_Road,0.1174,218.9,14.5
Tata,Nexon EV,Medium Range,26.9,30.2,105,1560,0.34,2.4,0.0122,91,325,50.1,35.5,1,0,1,1,1,3.6,2,Rural_Road,0.2092,128.6,14.5
Tata,Nexon EV,Medium Range,27.1,30.2,105,1560,0.34,2.4,0.012,91,325,31.5,10.1,0,0,1,0,3,3.4,0,Rural_Road,0.1208,224.3,14.5
Tata,Nexon EV,Medium Range,26.8,30.2,105,1560,0.34,2.4,0.0122,91,325,46.5,13.2,0,0,0,1,2,3.7,-2,Rural_Road,0.108,248.1,14.5
Tata,Nexon EV,Medium Range,29.5,30.2,105,1560,0.34,2.4,0.012,91,325,27.0,26.2,0,2,2,0,1,0.8,0,Ghat_Road,0.9077,32.5,14.5
Tata,Nexon EV,Medium Range,30.0,30.2,105,1560,0.34,2.4,0.012,91,325,23.4,13.6,0,2,0,1,2,0.2,0,Ghat_Road,0.5682,52.8,14.5
Tata,Nexon EV,Medium Range,28.4,30.2,105,1560,0.34,2.4,0.012,91,325,31.3,15.4,1,2,1,1,4,2.0,0,Ghat_Road,0.7065,40.2,14.5
Tata,Nexon EV,Medium Range,28.8,30.2,105,1560,0.34,2.4,0.0122,91,325,31.4,21.2,0,2,2,2,2,1.6,-2,Ghat_Road,0.8862,32.5,14.5
Tata,Nexon EV,Medium Range,26.8,30.2,105,1560,0.34,2.4,0.013,91,325,25.2,19.8,0,2,1,1,1,3.8,-8,Ghat_Road,0.6505,41.2,14.5
Tata,Nexon EV,Medium Range,27.5,30.2,105,1560,0.34,2.4,0.012,91,325,16.4,25.9,0,2,1,1,3,3.0,0,Ghat_Road,0.7033,39.1,14.5
Tata,Nexon EV,Medium Range,27.8,30.2,105,1560,0.34,2.4,0.012,91,325,18.3,24.0,0,2,0,0,5,2.7,0,Ghat_Road,0.5326,52.2,14.5
Tata,Nexon EV,Medium Range,25.9,30.2,105,1560,0.34,2.4,0.012,91,325,24.2,10.6,0,2,2,2,1,4.8,0,Ghat_Road,0.7969,32.5,14.5
Tata,Nexon EV,Prime LR,34.5,40.5,105,1620,0.34,2.4,0.0126,91,465,16.8,46.8,1,0,2,0,1,4.9,-5,Delhi,0.6,57.5,19.0
Tata,Nexon EV,Prime LR,39.3,40.5,105,1620,0.34,2.4,0.012,91,465,31.7,30.0,0,0,2,1,1,1.0,0,Delhi,0.2343,167.7,19.0
Tata,Nexon EV,Prime LR,34.4,40.5,105,1620,0.34,2.4,0.012,91,465,31.6,35.1,0,0,1,0,2,5.0,0,Delhi,0.1416,242.9,19.0
Tata,Nexon EV,Prime LR,38.1,40.5,105,1620,0.34,2.4,0.012,91,465,27.5,46.8,1,0,2,1,1,2.0,0,Delhi,0.51,74.7,19.0
Tata,Nexon EV,Prime LR,37.7,40.5,105,1620,0.34,2.4,0.012,91,465,17.6,36.3,0,0,2,1,2,2.3,0,Delhi,0.224,168.3,19.0
Tata,Nexon EV,Prime LR,39.9,40.5,105,1620,0.34,2.4,0.0126,91,465,15.7,35.2,0,0,2,2,2,0.5,-5,Delhi,0.2593,153.9,19.0
Tata,Nexon EV,Prime LR,37.3,40.5,105,1620,0.34,2.4,0.0122,91,465,20.7,31.8,1,0,1,1,2,2.6,-2,Delhi,0.2333,159.9,19.0
Tata,Nexon EV,Prime LR,34.4,40.5,105,1620,0.34,2.4,0.012,91,465,27.0,26.9,0,0,2,2,2,5.0,0,Delhi,0.2515,136.8,19.0
Tata,Nexon EV,Prime LR,37.3,40.5,105,1620,0.34,2.4,0.0122,91,465,32.9,26.2,1,0,2,2,2,2.6,-2,Delhi,0.3283,113.6,19.0
Tata,Nexon EV,Prime LR,35.5,40.5,105,1620,0.34,2.4,0.012,91,465,32.4,44.4,1,0,0,1,3,4.1,0,Delhi,0.2009,176.7,19.0
Tata,Nexon EV,Prime LR,38.7,40.5,105,1620,0.34,2.4,0.012,91,465,15.2,17.8,0,0,2,1,4,1.5,0,Delhi,0.2194,176.4,19.0
Tata,Nexon EV,Prime LR,39.9,40.5,105,1620,0.34,2.4,0.012,91,465,26.8,18.1,0,0,2,2,3,0.5,0,Mumbai,0.2828,141.1,19.0
Tata,Nexon EV,Prime LR,35.6,40.5,105,1620,0.34,2.4,0.013,91,465,19.3,19.6,1,0,2,1,1,4.0,-8,Mumbai,0.2612,136.3,19.0
Tata,Nexon EV,Prime LR,36.5,40.5,105,1620,0.34,2.4,0.012,91,465,16.4,20.3,0,0,2,0,3,3.3,0,Mumbai,0.1966,185.7,19.0
Tata,Nexon EV,Prime LR,37.6,40.5,105,1620,0.34,2.4,0.012,91,465,28.7,23.6,0,0,2,2,2,2.4,0,Mumbai,0.2624,143.3,19.0
Tata,Nexon EV,Prime LR,37.1,40.5,105,1620,0.34,2.4,0.0122,91,465,25.0,33.2,0,0,1,1,4,2.8,-2,Mumbai,0.1562,237.5,19.0
Tata,Nexon EV,Prime LR,39.6,40.5,105,1620,0.34,2.4,0.0126,91,465,26.8,22.8,0,0,2,1,2,0.7,-5,Mumbai,0.2412,164.2,19.0
Tata,Nexon EV,Prime LR,39.4,40.5,105,1620,0.34,2.4,0.0126,91,465,25.0,35.6,1,0,2,1,1,0.9,-5,Mumbai,0.4227,93.2,19.0
Tata,Nexon EV,Prime LR,36.0,40.5,105,1620,0.34,2.4,0.012,91,465,13.1,23.5,0,0,2,0,1,3.7,0,Mumbai,0.1953,184.3,19.0
Tata,Nexon EV,Prime LR,38.2,40.5,105,1620,0.34,2.4,0.013,91,465,22.3,29.3,0,0,2,2,2,1.9,-8,Mumbai,0.2653,144.0,19.0
Tata,Nexon EV,Prime LR,39.6,40.5,105,1620,0.34,2.4,0.012,91,465,22.2,20.3,0,0,0,2,3,0.7,0,Mumbai,0.1151,344.1,19.0
Tata,Nexon EV,Prime LR,36.6,40.5,105,1620,0.34,2.4,0.012,91,465,24.6,33.2,1,0,2,0,3,3.2,0,Mumbai,0.3333,109.8,19.0
Tata,Nexon EV,Prime LR,35.8,40.5,105,1620,0.34,2.4,0.012,91,465,27.6,28.0,0,0,1,0,3,3.9,0,Mumbai,0.1266,282.7,19.0
Tata,Nexon EV,Prime LR,35.6,40.5,105,1620,0.34,2.4,0.0126,91,465,22.4,24.6,0,1,2,1,3,4.0,-5,Bangalore,0.5973,59.6,19.0
Tata,Nexon EV,Prime LR,38.1,40.5,105,1620,0.34,2.4,0.0126,91,465,28.0,21.8,0,1,0,1,3,2.0,-5,Bangalore,0.2873,132.6,19.0
Tata,Nexon EV,Prime LR,40.4,40.5,105,1620,0.34,2.4,0.012,91,465,17.2,23.5,0,1,0,1,4,0.1,0,Bangalore,0.2823,143.1,19.0
Tata,Nexon EV,Prime LR,35.0,40.5,105,1620,0.34,2.4,0.012,91,465,34.0,34.3,1,1,2,1,2,4.5,0,Bangalore,0.7014,49.9,19.0
Tata,Nexon EV,Prime LR,34.5,40.5,105,1620,0.34,2.4,0.012,91,465,21.2,26.9,0,1,2,1,2,4.9,0,Bangalore,0.6085,56.7,19.0
Tata,Nexon EV,Prime LR,35.8,40.5,105,1620,0.34,2.4,0.0122,91,465,17.4,32.7,1,1,2,0,1,3.9,-2,Bangalore,0.7006,51.1,19.0
Tata,Nexon EV,Prime LR,38.1,40.5,105,1620,0.34,2.4,0.012,91,465,33.0,34.5,0,1,0,1,2,2.0,0,Bangalore,0.2706,140.8,19.0
Tata,Nexon EV,Prime LR,37.0,40.5,105,1620,0.34,2.4,0.0122,91,465,27.1,31.3,0,1,2,0,3,2.9,2,Bangalore,0.5103,72.5,19.0
Tata,Nexon EV,Prime LR,35.0,40.5,105,1620,0.34,2.4,0.0126,91,465,30.5,29.8,1,1,2,1,3,4.5,-5,Bangalore,0.7056,49.6,19.0
Tata,Nexon EV,Prime LR,35.6,40.5,105,1620,0.34,2.4,0.013,91,465,25.5,21.4,0,1,2,0,3,4.0,-8,Bangalore,0.5894,60.4,19.0
Tata,Nexon EV,Prime LR,37.8,40.5,105,1620,0.34,2.4,0.012,91,465,16.2,35.5,1,1,2,0,3,2.2,0,Bangalore,0.8129,46.5,19.0
Tata,Nexon EV,Prime LR,34.9,40.5,105,1620,0.34,2.4,0.0126,91,465,22.1,21.9,0,1,2,2,3,4.6,-5,Bangalore,0.7505,46.5,19.0
Tata,Nexon EV,Prime LR,35.6,40.5,105,1620,0.34,2.4,0.013,91,465,19.2,25.3,1,0,2,2,5,4.0,-8,Chennai,0.3942,90.3,19.0
Tata,Nexon EV,Prime LR,37.3,40.5,105,1620,0.34,2.4,0.012,91,465,27.7,35.2,1,0,1,1,5,2.6,0,Chennai,0.2325,160.4,19.0
Tata,Nexon EV,Prime LR,34.8,40.5,105,1620,0.34,2.4,0.0122,91,465,34.6,23.5,0,0,2,1,4,4.7,2,Chennai,0.2663,130.7,19.0
Tata,Nexon EV,Prime LR,36.6,40.5,105,1620,0.34,2.4,0.0126,91,465,18.2,41.5,1,0,2,1,1,3.2,-5,Chennai,0.571,64.1,19.0
Tata,Nexon EV,Prime LR,36.6,40.5,105,1620,0.34,2.4,0.012,91,465,15.2,32.0,1,0,0,2,1,3.2,0,Chennai,0.2268,161.4,19.0
Tata,Nexon EV,Prime LR,36.5,40.5,105,1620,0.34,2.4,0.012,91,465,16.9,39.0,1,0,2,0,2,3.3,0,Chennai,0.458,79.7,19.0
Tata,Nexon EV,Prime LR,37.8,40.5,105,1620,0.34,2.4,0.012,91,465,27.7,32.3,1,0,2,0,1,2.2,0,Chennai,0.2976,127.0,19.0
Tata,Nexon EV,Prime LR,39.3,40.5,105,1620,0.34,2.4,0.013,91,465,26.3,37.8,1,0,1,1,1,1.0,-8,Chennai,0.2716,144.7,19.0
Tata,Nexon EV,Prime LR,37.0,40.5,105,1620,0.34,2.4,0.0122,91,465,18.5,22.8,0,0,0,1,5,2.9,-2,Chennai,0.1085,340.9,19.0
Tata,Nexon EV,Prime LR,35.0,40.5,105,1620,0.34,2.4,0.0122,91,465,20.6,32.3,1,0,2,2,4,4.5,-2,Chennai,0.5022,69.7,19.0
Tata,Nexon EV,Prime LR,35.2,40.5,105,1620,0.34,2.4,0.0122,91,465,18.7,20.3,0,1,2,1,1,4.4,-2,Pune,0.5837,60.3,19.0
Tata,Nexon EV,Prime LR,39.5,40.5,105,1620,0.34,2.4,0.013,91,465,25.3,34.7,0,1,2,1,3,0.8,-8,Pune,0.6465,61.1,19.0
Tata,Nexon EV,Prime LR,39.3,40.5,105,1620,0.34,2.4,0.012,91,465,31.0,27.3,1,1,1,1,3,1.0,0,Pune,0.4132,95.1,19.0
Tata,Nexon EV,Prime LR,36.5,40.5,105,1620,0.34,2.4,0.0126,91,465,18.0,20.5,0,1,1,2,1,3.3,-5,Pune,0.3946,92.5,19.0
Tata,Nexon EV,Prime LR,34.4,40.5,105,1620,0.34,2.4,0.0122,91,465,23.6,37.1,1,1,2,0,2,5.0,-2,Pune,0.6825,50.4,19.0
Tata,Nexon EV,Prime LR,36.2,40.5,105,1620,0.34,2.4,0.012,91,465,31.0,33.1,0,1,1,0,2,3.5,0,Pune,0.3178,113.9,19.0
Tata,Nexon EV,Prime LR,35.8,40.5,105,1620,0.34,2.4,0.0126,91,465,38.9,25.5,0,1,1,0,2,3.9,-5,Pune,0.3741,95.7,19.0
Tata,Nexon EV,Prime LR,39.8,40.5,105,1620,0.34,2.4,0.012,91,465,21.5,39.2,1,1,1,0,4,0.6,0,Pune,0.4883,81.5,19.0
Tata,Nexon EV,Prime LR,37.5,40.5,105,1620,0.34,2.4,0.012,91,465,29.0,42.4,1,0,2,1,4,2.5,0,Hyderabad,0.5054,74.2,19.0
Tata,Nexon EV,Prime LR,35.6,40.5,105,1620,0.34,2.4,0.0122,91,465,33.1,29.2,1,0,1,1,1,4.0,-2,Hyderabad,0.191,186.4,19.0
Tata,Nexon EV,Prime LR,36.1,40.5,105,1620,0.34,2.4,0.013,91,465,25.9,34.7,0,0,2,0,2,3.6,-8,Hyderabad,0.2124,170.0,19.0
Tata,Nexon EV,Prime LR,36.4,40.5,105,1620,0.34,2.4,0.0122,91,465,34.0,41.9,1,0,2,2,4,3.4,-2,Hyderabad,0.5298,68.7,19.0
Tata,Nexon EV,Prime LR,40.4,40.5,105,1620,0.34,2.4,0.0126,91,465,27.5,37.3,1,0,1,2,4,0.1,-5,Hyderabad,0.2855,141.5,19.0
Tata,Nexon EV,Prime LR,36.0,40.5,105,1620,0.34,2.4,0.0122,91,465,21.1,30.4,0,0,1,1,2,3.7,-2,Hyderabad,0.1379,261.0,19.0
Tata,Nexon EV,Prime LR,36.4,40.5,105,1620,0.34,2.4,0.0122,91,465,16.1,34.2,1,0,1,2,3,3.4,-2,Hyderabad,0.344,105.8,19.0
Tata,Nexon EV,Prime LR,34.9,40.5,105,1620,0.34,2.4,0.012,91,465,27.0,36.9,0,0,2,1,4,4.6,0,Hyderabad,0.2308,151.2,19.0
Tata,Nexon EV,Prime LR,36.9,40.5,105,1620,0.34,2.4,0.0122,91,465,26.6,30.6,1,0,1,1,1,3.0,-2,Hyderabad,0.2127,173.5,19.0
Tata,Nexon EV,Prime LR,40.0,40.5,105,1620,0.34,2.4,0.0122,91,465,28.1,22.5,0,0,1,1,1,0.4,2,Hyderabad,0.1212,330.0,19.0
Tata,Nexon EV,Prime LR,37.1,40.5,105,1620,0.34,2.4,0.0122,91,465,26.1,27.8,0,0,0,1,2,2.8,-2,Hyderabad,0.1032,359.5,19.0
Tata,Nexon EV,Prime LR,36.7,40.5,105,1620,0.34,2.4,0.012,91,465,12.0,27.8,1,0,1,0,2,3.1,0,Kolkata,0.2424,151.4,19.0
Tata,Nexon EV,Prime LR,39.2,40.5,105,1620,0.34,2.4,0.0126,91,465,18.2,13.5,0,0,2,1,4,1.1,-5,Kolkata,0.2475,158.4,19.0
Tata,Nexon EV,Prime LR,39.9,40.5,105,1620,0.34,2.4,0.0126,91,465,27.6,17.7,0,0,2,0,2,0.5,-5,Kolkata,0.2247,177.6,19.0
Tata,Nexon EV,Prime LR,39.0,40.5,105,1620,0.34,2.4,0.0126,91,465,12.1,25.0,0,0,2,1,3,1.2,-5,Kolkata,0.2502,155.9,19.0
Tata,Nexon EV,Prime LR,40.4,40.5,105,1620,0.34,2.4,0.012,91,465,12.8,31.6,0,0,2,0,2,0.1,0,Kolkata,0.2039,198.1,19.0
Tata,Nexon EV,Prime LR,35.6,40.5,105,1620,0.34,2.4,0.0126,91,465,22.8,34.0,1,0,2,2,4,4.0,-5,Kolkata,0.4728,75.3,19.0
Tata,Nexon EV,Prime LR,35.8,40.5,105,1620,0.34,2.4,0.0122,91,465,20.2,35.6,1,0,1,2,1,3.9,-2,Kolkata,0.3278,109.2,19.0
Tata,Nexon EV,Prime LR,35.2,40.5,105,1620,0.34,2.4,0.0122,91,465,25.8,38.0,1,0,2,1,2,4.4,-2,Kolkata,0.3946,89.2,19.0
Tata,Nexon EV,Prime LR,35.8,40.5,105,1620,0.34,2.4,0.0122,91,465,74.3,30.0,0,0,1,1,2,3.9,-2,Highway_NH,0.2191,163.4,19.0
Tata,Nexon EV,Prime LR,36.5,40.5,105,1620,0.34,2.4,0.012,91,465,97.8,16.7,0,0,0,1,2,3.3,0,Highway_NH,0.2406,151.7,19.0
Tata,Nexon EV,Prime LR,35.5,40.5,105,1620,0.34,2.4,0.0122,91,465,93.6,18.4,0,0,1,1,3,4.1,-2,Highway_NH,0.2993,118.6,19.0
Tata,Nexon EV,Prime LR,35.8,40.5,105,1620,0.34,2.4,0.012,91,465,86.1,22.5,0,0,1,1,4,3.9,0,Highway_NH,0.2786,128.5,19.0
Tata,Nexon EV,Prime LR,38.6,40.5,105,1620,0.34,2.4,0.013,91,465,89.0,39.3,1,0,1,1,1,1.6,-8,Highway_NH,0.2972,129.9,19.0
Tata,Nexon EV,Prime LR,37.8,40.5,105,1620,0.34,2.4,0.0122,91,465,90.3,20.8,0,0,2,2,3,2.2,-2,Highway_NH,0.4522,83.6,19.0
Tata,Nexon EV,Prime LR,36.0,40.5,105,1620,0.34,2.4,0.013,91,465,91.7,28.8,0,0,0,1,2,3.7,-8,Highway_NH,0.2063,174.5,19.0
Tata,Nexon EV,Prime LR,38.3,40.5,105,1620,0.34,2.4,0.012,91,465,70.6,19.8,0,0,0,2,1,1.8,0,Highway_NH,0.1588,241.2,19.0
Tata,Nexon EV,Prime LR,38.4,40.5,105,1620,0.34,2.4,0.0126,91,465,79.3,18.6,0,0,0,0,1,1.7,-5,Highway_NH,0.1467,261.8,19.0
Tata,Nexon EV,Prime LR,37.9,40.5,105,1620,0.34,2.4,0.013,91,465,107.9,27.9,0,0,0,0,2,2.1,-8,Expressway,0.2056,184.3,19.0
Tata,Nexon EV,Prime LR,34.5,40.5,105,1620,0.34,2.4,0.0122,91,465,107.9,15.7,0,0,1,2,2,4.9,-2,Expressway,0.369,93.5,19.0
Tata,Nexon EV,Prime LR,37.6,40.5,105,1620,0.34,2.4,0.0122,91,465,96.8,21.1,1,0,0,1,1,2.4,-2,Expressway,0.2195,171.3,19.0
Tata,Nexon EV,Prime LR,35.5,40.5,105,1620,0.34,2.4,0.0126,91,465,80.4,35.7,0,0,0,1,4,4.1,-5,Expressway,0.1755,202.3,19.0
Tata,Nexon EV,Prime LR,38.2,40.5,105,1620,0.34,2.4,0.0126,91,465,114.2,28.5,0,0,0,1,1,1.9,-5,Expressway,0.2758,138.5,19.0
Tata,Nexon EV,Prime LR,37.2,40.5,105,1620,0.34,2.4,0.0122,91,465,99.2,21.2,0,0,0,1,4,2.7,2,Expressway,0.2155,172.6,19.0
Tata,Nexon EV,Prime LR,38.2,40.5,105,1620,0.34,2.4,0.012,91,465,102.4,28.0,0,0,2,0,2,1.9,0,Expressway,0.4722,80.9,19.0
Tata,Nexon EV,Prime LR,36.5,40.5,105,1620,0.34,2.4,0.0122,91,465,106.3,28.9,0,0,1,0,1,3.3,-2,Expressway,0.3042,120.0,19.0
Tata,Nexon EV,Prime LR,35.9,40.5,105,1620,0.34,2.4,0.012,91,465,31.0,19.5,0,2,1,1,3,3.8,0,Hill_Station,0.772,46.5,19.0
Tata,Nexon EV,Prime LR,35.0,40.5,105,1620,0.34,2.4,0.0126,91,465,23.4,20.5,0,2,2,2,3,4.5,-5,Hill_Station,0.7527,46.5,19.0
Tata,Nexon EV,Prime LR,38.2,40.5,105,1620,0.34,2.4,0.0122,91,465,35.2,26.3,0,2,1,1,3,1.9,-2,Hill_Station,0.818,46.7,19.0
Tata,Nexon EV,Prime LR,37.0,40.5,105,1620,0.34,2.4,0.012,91,465,37.4,20.0,0,2,2,1,2,2.9,0,Hill_Station,0.7957,46.5,19.0
Tata,Nexon EV,Prime LR,37.3,40.5,105,1620,0.34,2.4,0.0126,91,465,30.7,15.8,0,2,1,1,1,2.6,-5,Hill_Station,0.7343,50.8,19.0
Tata,Nexon EV,Prime LR,35.8,40.5,105,1620,0.34,2.4,0.0126,91,465,31.9,22.4,0,2,0,1,4,3.9,-5,Hill_Station,0.585,61.2,19.0
Tata,Nexon EV,Prime LR,35.2,40.5,105,1620,0.34,2.4,0.0126,91,465,24.3,23.7,0,2,0,1,2,4.4,-5,Hill_Station,0.5483,64.2,19.0
Tata,Nexon EV,Prime LR,34.4,40.5,105,1620,0.34,2.4,0.0126,91,465,38.0,21.7,0,2,1,1,4,5.0,-5,Hill_Station,0.7398,46.5,19.0
Tata,Nexon EV,Prime LR,35.3,40.5,105,1620,0.34,2.4,0.0122,91,465,60.0,12.4,0,0,0,1,4,4.3,2,Rural_Road,0.1509,234.0,19.0
Tata,Nexon EV,Prime LR,38.1,40.5,105,1620,0.34,2.4,0.012,91,465,39.5,30.0,0,0,0,2,4,2.0,0,Rural_Road,0.1394,273.3,19.0
Tata,Nexon EV,Prime LR,38.1,40.5,105,1620,0.34,2.4,0.012,91,465,30.2,14.6,0,0,0,1,2,2.0,0,Rural_Road,0.1033,368.9,19.0
Tata,Nexon EV,Prime LR,34.9,40.5,105,1620,0.34,2.4,0.013,91,465,51.2,36.5,1,0,0,0,2,4.6,-8,Rural_Road,0.1656,210.8,19.0
Tata,Nexon EV,Prime LR,40.1,40.5,105,1620,0.34,2.4,0.0122,91,465,49.5,44.8,1,0,2,1,2,0.3,-2,Rural_Road,0.4266,94.0,19.0
Tata,Nexon EV,Prime LR,36.6,40.5,105,1620,0.34,2.4,0.0122,91,465,33.3,22.7,0,0,1,1,1,3.2,2,Rural_Road,0.1251,292.6,19.0
Tata,Nexon EV,Prime LR,34.8,40.5,105,1620,0.34,2.4,0.012,91,465,36.1,38.4,1,0,0,1,2,4.7,0,Rural_Road,0.1635,212.8,19.0
Tata,Nexon EV,Prime LR,37.2,40.5,105,1620,0.34,2.4,0.0122,91,465,51.0,37.3,0,0,1,2,5,2.7,-2,Rural_Road,0.2046,181.8,19.0
Tata,Nexon EV,Prime LR,36.2,40.5,105,1620,0.34,2.4,0.012,91,465,32.4,39.2,0,0,1,0,2,3.5,0,Rural_Road,0.1181,306.5,19.0
Tata,Nexon EV,Prime LR,35.3,40.5,105,1620,0.34,2.4,0.013,91,465,56.4,13.0,0,0,1,1,1,4.3,-8,Rural_Road,0.184,191.8,19.0
Tata,Nexon EV,Prime LR,36.7,40.5,105,1620,0.34,2.4,0.013,91,465,36.0,41.0,1,0,0,1,3,3.1,-8,Rural_Road,0.2145,171.1,19.0
Tata,Nexon EV,Prime LR,38.7,40.5,105,1620,0.34,2.4,0.0122,91,465,43.1,14.5,0,0,0,1,4,1.5,-2,Rural_Road,0.1314,294.6,19.0
Tata,Nexon EV,Prime LR,40.5,40.5,105,1620,0.34,2.4,0.012,91,465,25.6,11.9,0,2,1,0,1,0.0,0,Ghat_Road,0.7642,53.0,19.0
Tata,Nexon EV,Prime LR,36.4,40.5,105,1620,0.34,2.4,0.012,91,465,19.7,18.2,0,2,0,1,2,3.4,0,Ghat_Road,0.5369,67.8,19.0
Tata,Nexon EV,Prime LR,39.4,40.5,105,1620,0.34,2.4,0.013,91,465,30.6,13.9,0,2,1,1,1,0.9,-8,Ghat_Road,0.7351,53.6,19.0
Tata,Nexon EV,Prime LR,36.1,40.5,105,1620,0.34,2.4,0.0122,91,465,31.4,21.5,1,2,1,1,2,3.6,-2,Ghat_Road,0.7537,47.9,19.0
Tata,Nexon EV,Prime LR,39.3,40.5,105,1620,0.34,2.4,0.0122,91,465,31.8,17.8,0,2,1,2,2,1.0,-2,Ghat_Road,0.8452,46.5,19.0
Tata,Nexon EV,Prime LR,39.8,40.5,105,1620,0.34,2.4,0.0126,91,465,28.7,26.4,0,2,1,0,3,0.6,-5,Ghat_Road,0.6838,58.2,19.0
Tata,Nexon EV,Prime LR,38.1,40.5,105,1620,0.34,2.4,0.0122,91,465,25.2,32.2,0,2,2,1,4,2.0,2,Ghat_Road,0.8194,46.5,19.0
Tata,Nexon EV,Prime LR,39.2,40.5,105,1620,0.34,2.4,0.012,91,465,17.8,19.3,0,2,1,0,1,1.1,0,Ghat_Road,0.6501,60.3,19.0
Tata,Nexon EV,Prime LR,35.0,40.5,105,1620,0.34,2.4,0.012,91,465,22.4,24.4,0,2,1,1,4,4.5,0,Ghat_Road,0.7527,46.5,19.0
Tata,Tiago EV,Long Range,23.1,24.0,55,1110,0.33,2.1,0.012,90,315,28.5,39.4,1,0,1,0,4,1.2,0,Delhi,0.173,133.5,11.5
Tata,Tiago EV,Long Range,22.9,24.0,55,1110,0.33,2.1,0.012,90,315,19.6,12.0,0,0,1,1,1,1.5,0,Delhi,0.092,248.8,11.5
Tata,Tiago EV,Long Range,22.3,24.0,55,1110,0.33,2.1,0.0126,90,315,19.2,11.5,0,0,1,2,2,2.3,-5,Delhi,0.1158,192.5,11.5
Tata,Tiago EV,Long Range,21.6,24.0,55,1110,0.33,2.1,0.0126,90,315,33.7,29.0,0,0,2,1,2,3.4,-5,Delhi,0.1701,127.0,11.5
Tata,Tiago EV,Long Range,23.8,24.0,55,1110,0.33,2.1,0.012,90,315,27.3,22.6,0,0,2,1,2,0.3,0,Delhi,0.1673,142.3,11.5
Tata,Tiago EV,Long Range,21.5,24.0,55,1110,0.33,2.1,0.0122,90,315,30.5,22.4,0,0,2,0,4,3.5,-2,Delhi,0.1579,136.2,11.5
Tata,Tiago EV,Long Range,22.0,24.0,55,1110,0.33,2.1,0.013,90,315,17.5,24.5,0,0,2,0,3,2.8,-8,Delhi,0.1695,129.8,11.5
Tata,Tiago EV,Long Range,22.8,24.0,55,1110,0.33,2.1,0.012,90,315,16.8,37.7,1,0,2,1,1,1.7,0,Delhi,0.4588,49.7,11.5
Tata,Tiago EV,Long Range,20.6,24.0,55,1110,0.33,2.1,0.013,90,315,27.2,44.5,1,0,1,1,4,4.7,-8,Delhi,0.2569,80.2,11.5
Tata,Tiago EV,Long Range,21.1,24.0,55,1110,0.33,2.1,0.012,90,315,28.6,22.6,0,0,2,1,2,4.0,0,Delhi,0.1647,128.1,11.5
Tata,Tiago EV,Long Range,23.4,24.0,55,1110,0.33,2.1,0.012,90,315,20.2,12.9,0,0,2,2,4,0.9,0,Delhi,0.2183,107.2,11.5
Tata,Tiago EV,Long Range,23.4,24.0,55,1110,0.33,2.1,0.012,90,315,20.5,18.9,0,0,2,1,4,0.9,0,Delhi,0.1778,131.6,11.5
Tata,Tiago EV,Long Range,23.8,24.0,55,1110,0.33,2.1,0.012,90,315,22.4,33.0,0,0,2,2,3,0.3,0,Mumbai,0.1921,123.9,11.5
Tata,Tiago EV,Long Range,23.6,24.0,55,1110,0.33,2.1,0.0122,90,315,18.4,32.3,0,0,2,1,1,0.5,-2,Mumbai,0.1471,160.4,11.5
Tata,Tiago EV,Long Range,22.1,24.0,55,1110,0.33,2.1,0.012,90,315,19.7,21.7,0,0,1,0,3,2.7,0,Mumbai,0.0866,255.3,11.5
Tata,Tiago EV,Long Range,21.9,24.0,55,1110,0.33,2.1,0.012,90,315,18.4,29.7,1,0,1,0,1,2.9,0,Mumbai,0.1358,161.3,11.5
Tata,Tiago EV,Long Range,21.0,24.0,55,1110,0.33,2.1,0.0126,90,315,28.2,29.3,0,0,2,1,1,4.1,-5,Mumbai,0.1628,129.0,11.5
Tata,Tiago EV,Long Range,20.9,24.0,55,1110,0.33,2.1,0.012,90,315,28.1,29.7,0,0,1,1,3,4.3,0,Mumbai,0.1038,201.3,11.5
Tata,Tiago EV,Long Range,23.1,24.0,55,1110,0.33,2.1,0.0122,90,315,17.3,21.5,0,0,2,2,5,1.3,2,Mumbai,0.2173,106.3,11.5
Tata,Tiago EV,Long Range,23.5,24.0,55,1110,0.33,2.1,0.0126,90,315,21.4,20.3,0,0,0,2,2,0.7,-5,Mumbai,0.087,270.2,11.5
Tata,Tiago EV,Long Range,22.0,24.0,55,1110,0.33,2.1,0.012,90,315,32.9,32.1,0,1,0,0,1,2.8,0,Bangalore,0.1794,122.6,11.5
Tata,Tiago EV,Long Range,22.3,24.0,55,1110,0.33,2.1,0.012,90,315,22.6,34.3,0,1,1,2,2,2.3,0,Bangalore,0.3457,64.5,11.5
Tata,Tiago EV,Long Range,22.8,24.0,55,1110,0.33,2.1,0.012,90,315,16.5,15.4,0,1,2,1,4,1.6,0,Bangalore,0.475,48.0,11.5
Tata,Tiago EV,Long Range,21.6,24.0,55,1110,0.33,2.1,0.012,90,315,23.4,31.4,1,1,0,1,4,3.3,0,Bangalore,0.267,80.9,11.5
Tata,Tiago EV,Long Range,20.8,24.0,55,1110,0.33,2.1,0.0122,90,315,33.8,20.3,1,1,2,1,2,4.5,2,Bangalore,0.4871,42.7,11.5
Tata,Tiago EV,Long Range,21.0,24.0,55,1110,0.33,2.1,0.012,90,315,16.4,30.5,0,1,2,0,1,4.1,0,Bangalore,0.4031,52.1,11.5
Tata,Tiago EV,Long Range,23.1,24.0,55,1110,0.33,2.1,0.012,90,315,29.2,20.1,1,1,2,1,5,1.3,0,Bangalore,0.5088,45.4,11.5
Tata,Tiago EV,Long Range,21.3,24.0,55,1110,0.33,2.1,0.0126,90,315,30.0,29.5,0,1,1,1,2,3.7,-5,Bangalore,0.2576,82.7,11.5
Tata,Tiago EV,Long Range,22.2,24.0,55,1110,0.33,2.1,0.0122,90,315,33.9,30.1,1,1,0,0,3,2.5,-2,Bangalore,0.1993,111.4,11.5
Tata,Tiago EV,Long Range,20.5,24.0,55,1110,0.33,2.1,0.0122,90,315,21.5,22.1,1,1,2,1,1,4.9,2,Bangalore,0.5,41.0,11.5
Tata,Tiago EV,Long Range,22.6,24.0,55,1110,0.33,2.1,0.0122,90,315,32.1,20.4,0,1,1,1,1,1.9,-2,Bangalore,0.2271,99.5,11.5
Tata,Tiago EV,Long Range,22.9,24.0,55,1110,0.33,2.1,0.0122,90,315,33.8,30.8,1,1,0,1,1,1.5,-2,Bangalore,0.2177,105.2,11.5
Tata,Tiago EV,Long Range,22.6,24.0,55,1110,0.33,2.1,0.012,90,315,23.4,25.2,0,0,1,2,1,2.0,0,Chennai,0.1098,205.9,11.5
Tata,Tiago EV,Long Range,23.0,24.0,55,1110,0.33,2.1,0.012,90,315,34.0,26.7,0,0,2,1,1,1.4,0,Chennai,0.1608,143.0,11.5
Tata,Tiago EV,Long Range,23.9,24.0,55,1110,0.33,2.1,0.0126,90,315,26.5,23.0,0,0,0,0,2,0.1,-5,Chennai,0.0799,299.25,11.5
Tata,Tiago EV,Long Range,21.3,24.0,55,1110,0.33,2.1,0.012,90,315,15.1,29.3,1,0,2,1,2,3.8,0,Chennai,0.3193,66.7,11.5
Tata,Tiago EV,Long Range,23.1,24.0,55,1110,0.33,2.1,0.012,90,315,23.2,25.9,1,0,0,0,2,1.3,0,Chennai,0.1005,229.8,11.5
Tata,Tiago EV,Long Range,22.2,24.0,55,1110,0.33,2.1,0.0122,90,315,16.7,28.7,1,0,2,1,1,2.5,-2,Chennai,0.291,76.3,11.5
Tata,Tiago EV,Long Range,20.7,24.0,55,1110,0.33,2.1,0.0122,90,315,26.1,31.7,1,0,2,0,1,4.6,-2,Chennai,0.2664,77.7,11.5
Tata,Tiago EV,Long Range,23.3,24.0,55,1110,0.33,2.1,0.0122,90,315,16.1,30.2,1,0,2,1,3,1.0,-2,Chennai,0.4088,57.0,11.5
Tata,Tiago EV,Long Range,21.6,24.0,55,1110,0.33,2.1,0.0126,90,315,24.5,36.8,1,1,2,1,1,3.4,-5,Pune,0.6243,34.6,11.5
Tata,Tiago EV,Long Range,23.9,24.0,55,1110,0.33,2.1,0.0122,90,315,29.8,13.3,1,1,2,0,5,0.2,-2,Pune,0.5129,46.6,11.5
Tata,Tiago EV,Long Range,23.0,24.0,55,1110,0.33,2.1,0.0122,90,315,35.5,39.7,0,1,2,1,4,1.4,-2,Pune,0.5192,44.3,11.5
Tata,Tiago EV,Long Range,23.0,24.0,55,1110,0.33,2.1,0.012,90,315,29.0,29.3,0,1,2,0,2,1.4,0,Pune,0.4267,53.9,11.5
Tata,Tiago EV,Long Range,22.9,24.0,55,1110,0.33,2.1,0.012,90,315,36.0,33.8,1,1,0,2,5,1.5,0,Pune,0.3021,75.8,11.5
Tata,Tiago EV,Long Range,23.4,24.0,55,1110,0.33,2.1,0.013,90,315,24.3,26.3,1,1,0,2,1,0.8,-8,Pune,0.2356,99.3,11.5
Tata,Tiago EV,Long Range,22.3,24.0,55,1110,0.33,2.1,0.013,90,315,18.0,33.4,1,1,0,0,1,2.3,-8,Pune,0.2259,98.7,11.5
Tata,Tiago EV,Long Range,21.3,24.0,55,1110,0.33,2.1,0.012,90,315,20.9,18.1,0,1,0,2,1,3.7,0,Pune,0.1987,107.2,11.5
Tata,Tiago EV,Long Range,21.0,24.0,55,1110,0.33,2.1,0.0122,90,315,20.8,28.6,1,1,1,1,4,4.2,-2,Pune,0.3201,65.6,11.5
Tata,Tiago EV,Long Range,21.9,24.0,55,1110,0.33,2.1,0.0122,90,315,32.6,16.9,0,1,1,0,4,2.9,-2,Pune,0.2932,74.7,11.5
Tata,Tiago EV,Long Range,23.4,24.0,55,1110,0.33,2.1,0.013,90,315,36.5,22.2,0,1,1,2,4,0.8,-8,Pune,0.3431,68.2,11.5
Tata,Tiago EV,Long Range,24.0,24.0,55,1110,0.33,2.1,0.012,90,315,28.5,40.2,0,0,2,2,1,0.0,0,Hyderabad,0.2092,114.7,11.5
Tata,Tiago EV,Long Range,21.6,24.0,55,1110,0.33,2.1,0.0122,90,315,26.9,33.5,1,0,2,1,2,3.3,-2,Hyderabad,0.2831,76.3,11.5
Tata,Tiago EV,Long Range,23.0,24.0,55,1110,0.33,2.1,0.012,90,315,25.0,40.9,1,0,1,2,3,1.4,0,Hyderabad,0.3129,73.5,11.5
Tata,Tiago EV,Long Range,20.9,24.0,55,1110,0.33,2.1,0.0122,90,315,22.1,15.0,0,0,2,0,2,4.3,2,Hyderabad,0.1441,145.0,11.5
Tata,Tiago EV,Long Range,22.3,24.0,55,1110,0.33,2.1,0.012,90,315,28.3,37.7,0,0,1,0,2,2.4,0,Hyderabad,0.0843,264.4,11.5
Tata,Tiago EV,Long Range,21.9,24.0,55,1110,0.33,2.1,0.0126,90,315,23.9,20.0,0,0,2,2,5,2.9,-5,Hyderabad,0.2183,100.3,11.5
Tata,Tiago EV,Long Range,23.6,24.0,55,1110,0.33,2.1,0.0122,90,315,28.9,39.1,1,0,2,1,3,0.6,-2,Hyderabad,0.3705,63.7,11.5
Tata,Tiago EV,Long Range,23.9,24.0,55,1110,0.33,2.1,0.012,90,315,25.0,36.1,0,0,2,1,1,0.1,0,Hyderabad,0.1457,164.0,11.5
Tata,Tiago EV,Long Range,22.1,24.0,55,1110,0.33,2.1,0.012,90,315,34.3,20.5,0,0,0,1,2,2.7,0,Hyderabad,0.0739,299.25,11.5
Tata,Tiago EV,Long Range,20.6,24.0,55,1110,0.33,2.1,0.0122,90,315,24.5,38.3,1,0,2,0,1,4.7,-2,Hyderabad,0.3275,62.9,11.5
Tata,Tiago EV,Long Range,22.7,24.0,55,1110,0.33,2.1,0.0122,90,315,33.0,23.6,0,0,2,1,3,1.8,-2,Hyderabad,0.1662,136.6,11.5
Tata,Tiago EV,Long Range,22.8,24.0,55,1110,0.33,2.1,0.012,90,315,26.1,20.3,0,0,2,2,1,1.6,0,Hyderabad,0.1791,127.3,11.5
Tata,Tiago EV,Long Range,23.1,24.0,55,1110,0.33,2.1,0.012,90,315,24.1,32.3,0,0,1,1,4,1.3,0,Kolkata,0.1006,229.6,11.5
Tata,Tiago EV,Long Range,23.8,24.0,55,1110,0.33,2.1,0.0122,90,315,25.1,29.4,0,0,1,0,1,0.3,-2,Kolkata,0.0925,257.3,11.5
Tata,Tiago EV,Long Range,22.4,24.0,55,1110,0.33,2.1,0.0122,90,315,26.1,24.0,0,0,1,1,3,2.2,-2,Kolkata,0.1068,209.7,11.5
Tata,Tiago EV,Long Range,23.1,24.0,55,1110,0.33,2.1,0.0122,90,315,23.7,25.7,1,0,2,0,1,1.3,-2,Kolkata,0.2399,96.3,11.5
Tata,Tiago EV,Long Range,22.0,24.0,55,1110,0.33,2.1,0.0122,90,315,14.6,15.8,0,0,1,0,1,2.8,-2,Kolkata,0.0901,244.1,11.5
Tata,Tiago EV,Long Range,21.8,24.0,55,1110,0.33,2.1,0.012,90,315,16.1,15.0,0,0,1,1,3,3.0,0,Kolkata,0.1059,205.8,11.5
Tata,Tiago EV,Long Range,21.9,24.0,55,1110,0.33,2.1,0.0126,90,315,21.5,16.5,1,0,2,2,3,2.9,-5,Kolkata,0.2447,89.5,11.5
Tata,Tiago EV,Long Range,21.6,24.0,55,1110,0.33,2.1,0.012,90,315,26.7,21.5,0,0,2,1,1,3.4,0,Kolkata,0.1496,144.4,11.5
Tata,Tiago EV,Long Range,23.9,24.0,55,1110,0.33,2.1,0.0122,90,315,22.8,29.4,0,0,2,2,5,0.1,2,Kolkata,0.239,100.0,11.5
Tata,Tiago EV,Long Range,23.6,24.0,55,1110,0.33,2.1,0.012,90,315,21.1,12.4,0,0,1,1,1,0.6,0,Kolkata,0.0996,237.0,11.5
Tata,Tiago EV,Long Range,22.7,24.0,55,1110,0.33,2.1,0.0126,90,315,12.8,18.5,0,0,2,2,2,1.8,-5,Kolkata,0.1904,119.2,11.5
Tata,Tiago EV,Long Range,22.1,24.0,55,1110,0.33,2.1,0.0122,90,315,93.5,39.8,1,0,1,1,5,2.7,-2,Highway_NH,0.26,85.0,11.5
Tata,Tiago EV,Long Range,22.1,24.0,55,1110,0.33,2.1,0.012,90,315,94.7,15.6,0,0,1,1,4,2.7,0,Highway_NH,0.2295,96.3,11.5
Tata,Tiago EV,Long Range,22.6,24.0,55,1110,0.33,2.1,0.0122,90,315,75.5,28.3,1,0,0,1,1,2.0,-2,Highway_NH,0.1357,166.5,11.5
Tata,Tiago EV,Long Range,20.4,24.0,55,1110,0.33,2.1,0.012,90,315,70.2,20.8,1,0,0,1,2,5.0,0,Highway_NH,0.1158,176.2,11.5
Tata,Tiago EV,Long Range,21.7,24.0,55,1110,0.33,2.1,0.012,90,315,72.9,43.8,1,0,0,0,2,3.2,0,Highway_NH,0.1624,133.6,11.5
Tata,Tiago EV,Long Range,23.4,24.0,55,1110,0.33,2.1,0.012,90,315,99.5,28.5,0,0,2,1,3,0.8,0,Highway_NH,0.3482,67.2,11.5
Tata,Tiago EV,Long Range,24.0,24.0,55,1110,0.33,2.1,0.0126,90,315,74.3,35.5,1,0,2,1,1,0.0,-5,Highway_NH,0.3409,70.4,11.5
Tata,Tiago EV,Long Range,22.1,24.0,55,1110,0.33,2.1,0.0122,90,315,70.7,34.6,0,0,1,0,5,2.7,2,Highway_NH,0.1446,152.8,11.5
Tata,Tiago EV,Long Range,22.1,24.0,55,1110,0.33,2.1,0.0122,90,315,72.9,26.8,1,0,0,1,3,2.7,-2,Highway_NH,0.1369,161.4,11.5
Tata,Tiago EV,Long Range,22.3,24.0,55,1110,0.33,2.1,0.0122,90,315,93.0,34.4,0,0,1,2,3,2.4,-2,Expressway,0.2572,86.7,11.5
Tata,Tiago EV,Long Range,21.9,24.0,55,1110,0.33,2.1,0.0126,90,315,112.0,44.3,1,0,0,1,2,2.9,-5,Expressway,0.2555,85.7,11.5
Tata,Tiago EV,Long Range,20.4,24.0,55,1110,0.33,2.1,0.012,90,315,102.7,35.3,1,0,0,1,3,5.0,0,Expressway,0.1828,111.6,11.5
Tata,Tiago EV,Long Range,22.3,24.0,55,1110,0.33,2.1,0.0122,90,315,119.7,41.4,1,0,1,1,3,2.4,-2,Expressway,0.3704,60.2,11.5
Tata,Tiago EV,Long Range,21.0,24.0,55,1110,0.33,2.1,0.012,90,315,88.0,22.3,0,0,0,0,1,4.1,0,Expressway,0.1247,168.4,11.5
Tata,Tiago EV,Long Range,21.3,24.0,55,1110,0.33,2.1,0.0122,90,315,90.4,38.4,0,0,0,1,3,3.7,-2,Expressway,0.1707,124.8,11.5
Tata,Tiago EV,Long Range,20.8,24.0,55,1110,0.33,2.1,0.012,90,315,107.8,42.4,1,0,0,1,2,4.5,0,Expressway,0.241,86.3,11.5
Tata,Tiago EV,Long Range,21.8,24.0,55,1110,0.33,2.1,0.0122,90,315,117.7,15.7,0,0,0,1,1,3.1,-2,Expressway,0.2045,106.6,11.5
Tata,Tiago EV,Long Range,21.1,24.0,55,1110,0.33,2.1,0.0122,90,315,22.4,11.9,0,2,1,1,3,4.0,-2,Hill_Station,0.5944,35.5,11.5
Tata,Tiago EV,Long Range,22.0,24.0,55,1110,0.33,2.1,0.0122,90,315,25.4,19.3,0,2,0,0,2,2.8,-2,Hill_Station,0.3571,61.6,11.5
Tata,Tiago EV,Long Range,21.0,24.0,55,1110,0.33,2.1,0.012,90,315,30.4,7.2,0,2,0,1,2,4.1,0,Hill_Station,0.4565,46.0,11.5
Tata,Tiago EV,Long Range,22.3,24.0,55,1110,0.33,2.1,0.0122,90,315,38.7,21.7,1,2,2,0,4,2.3,-2,Hill_Station,0.7079,31.5,11.5
Tata,Tiago EV,Long Range,23.8,24.0,55,1110,0.33,2.1,0.012,90,315,24.2,5.5,0,2,2,1,2,0.3,0,Hill_Station,0.7556,31.5,11.5
Tata,Tiago EV,Long Range,21.3,24.0,55,1110,0.33,2.1,0.0126,90,315,37.2,10.5,0,2,0,1,1,3.8,-5,Hill_Station,0.3901,54.6,11.5
Tata,Tiago EV,Long Range,23.4,24.0,55,1110,0.33,2.1,0.012,90,315,21.7,20.5,0,2,2,1,4,0.8,0,Hill_Station,0.7429,31.5,11.5
Tata,Tiago EV,Long Range,22.2,24.0,55,1110,0.33,2.1,0.012,90,315,33.4,14.8,0,2,0,1,1,2.5,0,Hill_Station,0.4111,54.0,11.5
Tata,Tiago EV,Long Range,21.0,24.0,55,1110,0.33,2.1,0.0126,90,315,20.1,20.9,0,2,1,2,4,4.1,-5,Hill_Station,0.6667,31.5,11.5
Tata,Tiago EV,Long Range,23.8,24.0,55,1110,0.33,2.1,0.0122,90,315,23.7,27.4,0,2,2,1,2,0.3,-2,Hill_Station,0.7556,31.5,11.5
Tata,Tiago EV,Long Range,23.6,24.0,55,1110,0.33,2.1,0.013,90,315,37.4,18.6,0,2,2,1,4,0.5,-8,Hill_Station,0.7492,31.5,11.5
Tata,Tiago EV,Long Range,24.0,24.0,55,1110,0.33,2.1,0.0122,90,315,37.3,33.4,1,0,0,0,1,0.0,-2,Rural_Road,0.0986,243.3,11.5
Tata,Tiago EV,Long Range,21.5,24.0,55,1110,0.33,2.1,0.0126,90,315,58.4,36.3,1,0,1,2,1,3.5,-5,Rural_Road,0.2203,97.6,11.5
Tata,Tiago EV,Long Range,23.7,24.0,55,1110,0.33,2.1,0.012,90,315,39.2,31.9,0,0,1,2,1,0.4,0,Rural_Road,0.1099,215.7,11.5
Tata,Tiago EV,Long Range,20.6,24.0,55,1110,0.33,2.1,0.013,90,315,39.2,24.1,0,0,0,1,5,4.7,-8,Rural_Road,0.0869,237.1,11.5
Tata,Tiago EV,Long Range,23.6,24.0,55,1110,0.33,2.1,0.0122,90,315,50.9,39.4,1,0,1,2,3,0.6,-2,Rural_Road,0.2149,109.8,11.5
Tata,Tiago EV,Long Range,23.5,24.0,55,1110,0.33,2.1,0.0122,90,315,37.0,22.2,0,0,1,1,4,0.7,2,Rural_Road,0.1158,203.0,11.5
Tata,Tiago EV,Long Range,23.4,24.0,55,1110,0.33,2.1,0.012,90,315,36.6,44.8,1,0,2,1,2,0.9,0,Rural_Road,0.3617,64.7,11.5
Tata,Tiago EV,Long Range,21.8,24.0,55,1110,0.33,2.1,0.0122,90,315,59.5,27.8,1,0,0,0,3,3.0,-2,Rural_Road,0.1016,214.6,11.5
Tata,Tiago EV,Long Range,23.1,24.0,55,1110,0.33,2.1,0.0126,90,315,31.4,29.6,0,2,0,1,2,1.3,-5,Ghat_Road,0.3684,62.7,11.5
Tata,Tiago EV,Long Range,22.3,24.0,55,1110,0.33,2.1,0.013,90,315,20.2,17.8,1,2,2,1,2,2.4,-8,Ghat_Road,0.7079,31.5,11.5
Tata,Tiago EV,Long Range,23.8,24.0,55,1110,0.33,2.1,0.0126,90,315,31.9,10.0,0,2,2,0,1,0.3,-5,Ghat_Road,0.7556,31.5,11.5
Tata,Tiago EV,Long Range,21.3,24.0,55,1110,0.33,2.1,0.013,90,315,16.5,17.7,0,2,0,1,1,3.7,-8,Ghat_Road,0.3859,55.2,11.5
Tata,Tiago EV,Long Range,21.3,24.0,55,1110,0.33,2.1,0.0126,90,315,20.5,15.8,0,2,2,0,2,3.7,-5,Ghat_Road,0.6762,31.5,11.5
Tata,Tiago EV,Long Range,22.0,24.0,55,1110,0.33,2.1,0.012,90,315,25.7,26.8,1,2,0,2,2,2.8,0,Ghat_Road,0.4681,47.0,11.5
Tata,Tiago EV,Long Range,22.8,24.0,55,1110,0.33,2.1,0.0122,90,315,32.3,32.2,1,2,1,1,4,1.6,2,Ghat_Road,0.6146,37.1,11.5
Tata,Tiago EV,Long Range,22.0,24.0,55,1110,0.33,2.1,0.012,90,315,19.8,10.0,0,2,1,0,1,2.8,0,Ghat_Road,0.5011,43.9,11.5
Tata,Tiago EV,Long Range,21.0,24.0,55,1110,0.33,2.1,0.012,90,315,34.5,19.1,0,2,1,1,2,4.2,0,Ghat_Road,0.557,37.7,11.5
Tata,Tiago EV,Long Range,23.7,24.0,55,1110,0.33,2.1,0.013,90,315,30.7,18.0,0,2,0,1,1,0.4,-8,Ghat_Road,0.3847,61.6,11.5
Tata,Tiago EV,Long Range,23.4,24.0,55,1110,0.33,2.1,0.013,90,315,16.6,30.5,0,2,1,0,4,0.8,-8,Ghat_Road,0.5455,42.9,11.5
Tata,Tiago EV,Long Range,22.2,24.0,55,1110,0.33,2.1,0.013,90,315,15.3,30.9,0,2,1,2,3,2.5,-8,Ghat_Road,0.6647,33.4,11.5
Tata,Tiago EV,Medium Range,16.8,19.2,45,1073,0.33,2.1,0.0126,90,250,26.8,37.9,0,0,2,0,2,4.1,-5,Delhi,0.1138,147.6,9.0
Tata,Tiago EV,Medium Range,16.4,19.2,45,1073,0.33,2.1,0.0122,90,250,22.5,30.2,0,0,0,0,1,4.8,2,Delhi,0.0691,237.5,9.0
Tata,Tiago EV,Medium Range,16.8,19.2,45,1073,0.33,2.1,0.0122,90,250,32.1,37.2,1,0,2,1,2,4.1,-2,Delhi,0.214,78.5,9.0
Tata,Tiago EV,Medium Range,16.7,19.2,45,1073,0.33,2.1,0.0122,90,250,18.8,22.7,0,0,2,2,4,4.4,-2,Delhi,0.1494,111.8,9.0
Tata,Tiago EV,Medium Range,16.8,19.2,45,1073,0.33,2.1,0.0126,90,250,26.2,44.2,1,0,2,2,3,4.1,-5,Delhi,0.3836,43.8,9.0
Tata,Tiago EV,Medium Range,18.2,19.2,45,1073,0.33,2.1,0.0126,90,250,21.0,17.3,0,0,1,1,3,1.8,-5,Delhi,0.0766,237.5,9.0
Tata,Tiago EV,Medium Range,18.6,19.2,45,1073,0.33,2.1,0.0122,90,250,24.5,17.1,0,0,2,1,2,1.0,-2,Delhi,0.1178,157.9,9.0
Tata,Tiago EV,Medium Range,19.0,19.2,45,1073,0.33,2.1,0.013,90,250,22.7,32.6,1,0,1,0,1,0.4,-8,Delhi,0.123,154.5,9.0
Tata,Tiago EV,Medium Range,17.5,19.2,45,1073,0.33,2.1,0.0126,90,250,31.2,24.7,0,0,1,0,2,2.9,-5,Delhi,0.0737,237.5,9.0
Tata,Tiago EV,Medium Range,18.1,19.2,45,1073,0.33,2.1,0.0126,90,250,18.9,30.5,1,0,2,2,2,1.9,-5,Delhi,0.2868,63.1,9.0
Tata,Tiago EV,Medium Range,17.8,19.2,45,1073,0.33,2.1,0.012,90,250,26.7,10.1,0,0,2,0,2,2.5,0,Delhi,0.1124,158.4,9.0
Tata,Tiago EV,Medium Range,17.6,19.2,45,1073,0.33,2.1,0.0126,90,250,20.0,24.8,0,0,2,1,4,2.8,-5,Mumbai,0.1369,128.6,9.0
Tata,Tiago EV,Medium Range,17.5,19.2,45,1073,0.33,2.1,0.012,90,250,26.3,24.2,0,0,2,2,3,3.0,0,Mumbai,0.1361,128.6,9.0
Tata,Tiago EV,Medium Range,18.2,19.2,45,1073,0.33,2.1,0.0122,90,250,19.2,25.9,0,0,0,1,3,1.8,-2,Mumbai,0.0766,237.5,9.0
Tata,Tiago EV,Medium Range,18.1,19.2,45,1073,0.33,2.1,0.012,90,250,14.0,31.2,0,0,1,1,1,1.9,0,Mumbai,0.0762,237.5,9.0
Tata,Tiago EV,Medium Range,18.6,19.2,45,1073,0.33,2.1,0.012,90,250,24.7,36.0,1,0,2,1,1,1.0,0,Mumbai,0.2831,65.7,9.0
Tata,Tiago EV,Medium Range,16.7,19.2,45,1073,0.33,2.1,0.013,90,250,18.0,18.4,0,0,1,0,3,4.3,-8,Mumbai,0.0703,237.5,9.0
Tata,Tiago EV,Medium Range,18.9,19.2,45,1073,0.33,2.1,0.0126,90,250,28.9,26.4,0,0,1,1,1,0.5,-5,Mumbai,0.0796,237.5,9.0
Tata,Tiago EV,Medium Range,19.0,19.2,45,1073,0.33,2.1,0.012,90,250,22.0,24.5,0,0,1,0,4,0.4,0,Mumbai,0.08,237.5,9.0
Tata,Tiago EV,Medium Range,19.1,19.2,45,1073,0.33,2.1,0.012,90,250,21.6,21.3,0,0,2,0,1,0.2,0,Mumbai,0.1033,184.9,9.0
Tata,Tiago EV,Medium Range,18.5,19.2,45,1073,0.33,2.1,0.012,90,250,34.1,30.3,0,1,1,2,2,1.3,0,Bangalore,0.2197,84.2,9.0
Tata,Tiago EV,Medium Range,16.4,19.2,45,1073,0.33,2.1,0.0126,90,250,27.0,27.2,1,1,2,1,3,4.8,-5,Bangalore,0.3905,42.0,9.0
Tata,Tiago EV,Medium Range,18.5,19.2,45,1073,0.33,2.1,0.0122,90,250,18.7,17.8,0,1,2,1,1,1.2,-2,Bangalore,0.2795,66.2,9.0
Tata,Tiago EV,Medium Range,17.1,19.2,45,1073,0.33,2.1,0.0126,90,250,30.5,33.7,1,1,1,1,4,3.7,-5,Bangalore,0.2714,63.0,9.0
Tata,Tiago EV,Medium Range,19.1,19.2,45,1073,0.33,2.1,0.0122,90,250,33.5,23.0,0,1,2,1,3,0.2,-2,Bangalore,0.3299,57.9,9.0
Tata,Tiago EV,Medium Range,17.9,19.2,45,1073,0.33,2.1,0.0122,90,250,28.5,16.5,0,1,1,0,1,2.3,-2,Bangalore,0.162,110.5,9.0
Tata,Tiago EV,Medium Range,17.0,19.2,45,1073,0.33,2.1,0.012,90,250,31.7,16.7,0,1,0,0,2,3.8,0,Bangalore,0.1155,147.2,9.0
Tata,Tiago EV,Medium Range,18.5,19.2,45,1073,0.33,2.1,0.012,90,250,22.7,24.3,0,1,1,1,4,1.3,0,Bangalore,0.2083,88.8,9.0
Tata,Tiago EV,Medium Range,18.9,19.2,45,1073,0.33,2.1,0.012,90,250,26.6,15.9,0,1,1,1,2,0.5,0,Bangalore,0.181,104.4,9.0
Tata,Tiago EV,Medium Range,17.0,19.2,45,1073,0.33,2.1,0.012,90,250,20.7,34.0,0,0,2,1,2,3.8,0,Chennai,0.1062,160.1,9.0
Tata,Tiago EV,Medium Range,19.0,19.2,45,1073,0.33,2.1,0.012,90,250,17.3,23.9,0,0,2,1,1,0.3,0,Chennai,0.1069,177.8,9.0
Tata,Tiago EV,Medium Range,19.0,19.2,45,1073,0.33,2.1,0.0126,90,250,15.3,32.3,0,0,0,1,3,0.4,-5,Chennai,0.08,237.5,9.0
Tata,Tiago EV,Medium Range,17.6,19.2,45,1073,0.33,2.1,0.012,90,250,15.7,39.0,0,0,1,2,1,2.7,0,Chennai,0.0803,219.2,9.0
Tata,Tiago EV,Medium Range,18.7,19.2,45,1073,0.33,2.1,0.012,90,250,28.4,38.9,1,0,2,1,3,0.8,0,Chennai,0.2551,73.3,9.0
Tata,Tiago EV,Medium Range,16.4,19.2,45,1073,0.33,2.1,0.012,90,250,15.8,26.5,0,0,2,1,1,4.9,0,Chennai,0.1115,147.1,9.0
Tata,Tiago EV,Medium Range,18.3,19.2,45,1073,0.33,2.1,0.012,90,250,31.2,41.7,1,0,2,0,2,1.5,0,Chennai,0.247,74.1,9.0
Tata,Tiago EV,Medium Range,17.0,19.2,45,1073,0.33,2.1,0.013,90,250,22.8,32.8,0,0,2,0,4,3.8,-8,Chennai,0.1097,155.0,9.0
Tata,Tiago EV,Medium Range,18.1,19.2,45,1073,0.33,2.1,0.012,90,250,22.5,33.4,0,1,2,1,1,1.9,0,Pune,0.3002,60.3,9.0
Tata,Tiago EV,Medium Range,17.4,19.2,45,1073,0.33,2.1,0.0122,90,250,19.0,38.7,1,1,2,1,1,3.1,-2,Pune,0.4615,37.7,9.0
Tata,Tiago EV,Medium Range,18.3,19.2,45,1073,0.33,2.1,0.013,90,250,31.0,30.3,0,1,1,0,1,1.5,-8,Pune,0.1472,124.3,9.0
Tata,Tiago EV,Medium Range,17.5,19.2,45,1073,0.33,2.1,0.0126,90,250,32.6,20.1,0,1,1,2,4,2.9,-5,Pune,0.2229,78.5,9.0
Tata,Tiago EV,Medium Range,17.3,19.2,45,1073,0.33,2.1,0.012,90,250,27.0,23.7,0,1,2,0,3,3.3,0,Pune,0.2768,62.5,9.0
Tata,Tiago EV,Medium Range,17.6,19.2,45,1073,0.33,2.1,0.0126,90,250,29.3,33.0,0,1,1,1,2,2.7,-5,Pune,0.2037,86.4,9.0
Tata,Tiago EV,Medium Range,19.0,19.2,45,1073,0.33,2.1,0.0122,90,250,33.3,22.8,1,1,2,2,2,0.3,-2,Pune,0.427,44.5,9.0
Tata,Tiago EV,Medium Range,17.7,19.2,45,1073,0.33,2.1,0.012,90,250,36.2,36.6,0,1,1,0,5,2.6,0,Pune,0.1962,90.2,9.0
Tata,Tiago EV,Medium Range,18.7,19.2,45,1073,0.33,2.1,0.012,90,250,21.0,20.4,0,0,0,1,1,0.8,0,Hyderabad,0.0787,237.5,9.0
Tata,Tiago EV,Medium Range,18.5,19.2,45,1073,0.33,2.1,0.012,90,250,24.1,38.0,1,0,0,0,2,1.3,0,Hyderabad,0.1023,180.9,9.0
Tata,Tiago EV,Medium Range,17.9,19.2,45,1073,0.33,2.1,0.0122,90,250,15.8,22.9,1,0,1,1,1,2.3,-2,Hyderabad,0.0934,191.6,9.0
Tata,Tiago EV,Medium Range,16.9,19.2,45,1073,0.33,2.1,0.0122,90,250,26.2,27.8,1,0,1,1,2,4.0,2,Hyderabad,0.1025,164.9,9.0
Tata,Tiago EV,Medium Range,17.9,19.2,45,1073,0.33,2.1,0.012,90,250,27.3,40.0,0,0,1,2,2,2.3,0,Hyderabad,0.0817,219.1,9.0
Tata,Tiago EV,Medium Range,17.5,19.2,45,1073,0.33,2.1,0.0126,90,250,21.5,22.4,0,0,1,2,3,2.9,-5,Hyderabad,0.0844,207.3,9.0
Tata,Tiago EV,Medium Range,18.2,19.2,45,1073,0.33,2.1,0.0122,90,250,16.7,22.2,0,0,1,2,4,1.7,-2,Hyderabad,0.1037,175.5,9.0
Tata,Tiago EV,Medium Range,16.5,19.2,45,1073,0.33,2.1,0.0126,90,250,33.8,37.2,0,0,2,1,3,4.7,-5,Hyderabad,0.1323,124.7,9.0
Tata,Tiago EV,Medium Range,18.0,19.2,45,1073,0.33,2.1,0.012,90,250,34.9,34.4,1,0,2,1,2,2.0,0,Hyderabad,0.2103,85.6,9.0
Tata,Tiago EV,Medium Range,18.3,19.2,45,1073,0.33,2.1,0.012,90,250,31.9,18.6,1,0,0,1,1,1.5,0,Hyderabad,0.0771,237.5,9.0
Tata,Tiago EV,Medium Range,17.8,19.2,45,1073,0.33,2.1,0.0126,90,250,22.7,36.6,1,0,1,1,3,2.4,-5,Hyderabad,0.1564,113.8,9.0
Tata,Tiago EV,Medium Range,18.8,19.2,45,1073,0.33,2.1,0.012,90,250,29.1,37.3,1,0,1,1,1,0.7,0,Hyderabad,0.1638,114.8,9.0
Tata,Tiago EV,Medium Range,17.3,19.2,45,1073,0.33,2.1,0.012,90,250,26.0,33.2,1,0,2,1,4,3.3,0,Kolkata,0.2157,80.2,9.0
Tata,Tiago EV,Medium Range,17.7,19.2,45,1073,0.33,2.1,0.0126,90,250,23.5,19.9,0,0,2,1,2,2.6,-5,Kolkata,0.1194,148.2,9.0
Tata,Tiago EV,Medium Range,19.1,19.2,45,1073,0.33,2.1,0.012,90,250,23.0,21.6,0,0,2,1,1,0.2,0,Kolkata,0.1043,183.1,9.0
Tata,Tiago EV,Medium Range,17.7,19.2,45,1073,0.33,2.1,0.0126,90,250,27.2,34.4,0,0,0,0,3,2.6,-5,Kolkata,0.0745,237.5,9.0
Tata,Tiago EV,Medium Range,19.0,19.2,45,1073,0.33,2.1,0.0122,90,250,23.5,19.2,0,0,2,0,3,0.3,-2,Kolkata,0.1089,174.4,9.0
Tata,Tiago EV,Medium Range,16.4,19.2,45,1073,0.33,2.1,0.012,90,250,25.5,37.2,1,0,0,0,1,4.8,0,Kolkata,0.1059,154.9,9.0
Tata,Tiago EV,Medium Range,17.1,19.2,45,1073,0.33,2.1,0.012,90,250,13.4,19.6,0,0,2,1,3,3.6,0,Kolkata,0.1238,138.1,9.0
Tata,Tiago EV,Medium Range,19.0,19.2,45,1073,0.33,2.1,0.012,90,250,27.6,23.0,0,0,1,2,1,0.3,0,Kolkata,0.08,237.5,9.0
Tata,Tiago EV,Medium Range,17.4,19.2,45,1073,0.33,2.1,0.0122,90,250,12.2,14.7,0,0,2,0,1,3.2,2,Kolkata,0.1247,139.5,9.0
Tata,Tiago EV,Medium Range,18.3,19.2,45,1073,0.33,2.1,0.0122,90,250,23.1,24.3,0,0,1,1,4,1.5,-2,Kolkata,0.0771,237.5,9.0
Tata,Tiago EV,Medium Range,17.5,19.2,45,1073,0.33,2.1,0.013,90,250,87.0,19.7,0,0,1,1,2,2.9,-8,Highway_NH,0.1298,134.8,9.0
Tata,Tiago EV,Medium Range,18.7,19.2,45,1073,0.33,2.1,0.0122,90,250,71.5,34.0,1,0,1,1,2,0.9,-2,Highway_NH,0.1394,134.1,9.0
Tata,Tiago EV,Medium Range,16.9,19.2,45,1073,0.33,2.1,0.0126,90,250,96.0,19.0,0,0,2,0,3,4.0,-5,Highway_NH,0.2708,62.4,9.0
Tata,Tiago EV,Medium Range,18.5,19.2,45,1073,0.33,2.1,0.0126,90,250,85.0,28.2,0,0,0,1,4,1.3,-5,Highway_NH,0.1203,153.8,9.0
Tata,Tiago EV,Medium Range,18.8,19.2,45,1073,0.33,2.1,0.013,90,250,90.7,31.4,0,0,0,0,1,0.7,-8,Highway_NH,0.1031,182.3,9.0
Tata,Tiago EV,Medium Range,17.4,19.2,45,1073,0.33,2.1,0.012,90,250,97.3,35.0,1,0,0,0,3,3.2,0,Highway_NH,0.1289,135.0,9.0
Tata,Tiago EV,Medium Range,17.1,19.2,45,1073,0.33,2.1,0.012,90,250,88.3,26.6,0,0,2,1,1,3.7,0,Highway_NH,0.2429,70.4,9.0
Tata,Tiago EV,Medium Range,17.1,19.2,45,1073,0.33,2.1,0.0126,90,250,78.4,44.9,0,0,0,0,3,3.6,-5,Highway_NH,0.0943,181.3,9.0
Tata,Tiago EV,Medium Range,17.5,19.2,45,1073,0.33,2.1,0.012,90,250,86.2,41.4,1,0,1,1,3,2.9,0,Highway_NH,0.1953,89.6,9.0
Tata,Tiago EV,Medium Range,16.5,19.2,45,1073,0.33,2.1,0.012,90,250,113.0,16.9,0,0,0,1,3,4.7,0,Expressway,0.1576,104.7,9.0
Tata,Tiago EV,Medium Range,17.1,19.2,45,1073,0.33,2.1,0.012,90,250,99.1,44.2,1,0,0,1,3,3.6,0,Expressway,0.1579,108.3,9.0
Tata,Tiago EV,Medium Range,16.4,19.2,45,1073,0.33,2.1,0.0122,90,250,84.1,25.3,1,0,0,0,3,4.9,2,Expressway,0.1006,163.0,9.0
Tata,Tiago EV,Medium Range,17.6,19.2,45,1073,0.33,2.1,0.012,90,250,96.9,39.6,0,0,0,2,1,2.8,0,Expressway,0.1397,126.0,9.0
Tata,Tiago EV,Medium Range,17.4,19.2,45,1073,0.33,2.1,0.0122,90,250,81.0,22.6,0,0,0,1,3,3.2,-2,Expressway,0.0986,176.4,9.0
Tata,Tiago EV,Medium Range,16.8,19.2,45,1073,0.33,2.1,0.012,90,250,87.5,32.5,1,0,0,0,2,4.2,0,Expressway,0.1087,154.5,9.0
Tata,Tiago EV,Medium Range,16.4,19.2,45,1073,0.33,2.1,0.0122,90,250,119.9,18.3,0,0,0,1,5,4.8,-2,Expressway,0.1613,101.7,9.0
Tata,Tiago EV,Medium Range,17.2,19.2,45,1073,0.33,2.1,0.013,90,250,88.2,37.3,1,0,0,0,1,3.4,-8,Expressway,0.1021,168.5,9.0
Tata,Tiago EV,Medium Range,17.0,19.2,45,1073,0.33,2.1,0.012,90,250,93.7,17.3,0,0,0,1,2,3.9,0,Expressway,0.1118,152.0,9.0
Tata,Tiago EV,Medium Range,17.1,19.2,45,1073,0.33,2.1,0.012,90,250,39.2,21.0,1,2,1,1,1,3.6,0,Hill_Station,0.3608,47.4,9.0
Tata,Tiago EV,Medium Range,18.6,19.2,45,1073,0.33,2.1,0.012,90,250,29.7,20.5,1,2,0,2,5,1.1,0,Hill_Station,0.375,49.6,9.0
Tata,Tiago EV,Medium Range,18.7,19.2,45,1073,0.33,2.1,0.012,90,250,36.7,19.3,0,2,1,2,4,0.8,0,Hill_Station,0.496,37.7,9.0
Tata,Tiago EV,Medium Range,16.6,19.2,45,1073,0.33,2.1,0.012,90,250,31.3,12.4,0,2,1,2,1,4.5,0,Hill_Station,0.4312,38.5,9.0
Tata,Tiago EV,Medium Range,19.0,19.2,45,1073,0.33,2.1,0.0126,90,250,33.7,10.6,0,2,1,1,2,0.4,-5,Hill_Station,0.4471,42.5,9.0
Tata,Tiago EV,Medium Range,17.4,19.2,45,1073,0.33,2.1,0.012,90,250,28.5,8.6,0,2,0,0,1,3.2,0,Hill_Station,0.2871,60.6,9.0
Tata,Tiago EV,Medium Range,19.1,19.2,45,1073,0.33,2.1,0.0122,90,250,33.5,21.4,0,2,1,1,1,0.2,-2,Hill_Station,0.3387,56.4,9.0
Tata,Tiago EV,Medium Range,17.9,19.2,45,1073,0.33,2.1,0.0126,90,250,28.5,17.8,0,2,0,0,1,2.3,-5,Hill_Station,0.2518,71.1,9.0
Tata,Tiago EV,Medium Range,17.5,19.2,45,1073,0.33,2.1,0.012,90,250,29.0,26.4,0,2,2,0,1,2.9,0,Hill_Station,0.5503,31.8,9.0
Tata,Tiago EV,Medium Range,18.5,19.2,45,1073,0.33,2.1,0.013,90,250,37.5,28.5,0,2,0,1,1,1.3,-8,Hill_Station,0.2882,64.2,9.0
Tata,Tiago EV,Medium Range,18.5,19.2,45,1073,0.33,2.1,0.0126,90,250,27.5,23.0,0,2,0,0,4,1.2,-5,Hill_Station,0.2729,67.8,9.0
Tata,Tiago EV,Medium Range,18.6,19.2,45,1073,0.33,2.1,0.012,90,250,57.3,13.8,0,0,0,2,5,1.1,0,Rural_Road,0.1013,183.6,9.0
Tata,Tiago EV,Medium Range,17.1,19.2,45,1073,0.33,2.1,0.0122,90,250,48.9,12.9,0,0,1,1,1,3.7,-2,Rural_Road,0.0881,194.0,9.0
Tata,Tiago EV,Medium Range,17.4,19.2,45,1073,0.33,2.1,0.0122,90,250,41.3,19.5,1,0,1,1,5,3.1,-2,Rural_Road,0.0948,183.6,9.0
Tata,Tiago EV,Medium Range,17.4,19.2,45,1073,0.33,2.1,0.0122,90,250,37.3,35.5,1,0,1,1,1,3.1,2,Rural_Road,0.1352,128.7,9.0
Tata,Tiago EV,Medium Range,17.4,19.2,45,1073,0.33,2.1,0.013,90,250,33.8,36.3,0,0,0,1,1,3.2,-8,Rural_Road,0.0733,237.5,9.0
Tata,Tiago EV,Medium Range,18.9,19.2,45,1073,0.33,2.1,0.012,90,250,48.1,41.0,1,0,0,1,1,0.5,0,Rural_Road,0.1027,184.1,9.0
Tata,Tiago EV,Medium Range,16.4,19.2,45,1073,0.33,2.1,0.012,90,250,40.4,19.7,0,0,0,1,4,4.8,0,Rural_Road,0.0691,237.5,9.0
Tata,Tiago EV,Medium Range,17.7,19.2,45,1073,0.33,2.1,0.012,90,250,30.3,36.7,1,0,0,1,2,2.6,0,Rural_Road,0.0986,179.5,9.0
Tata,Tiago EV,Medium Range,18.7,19.2,45,1073,0.33,2.1,0.012,90,250,56.3,36.1,1,0,0,2,2,0.9,0,Rural_Road,0.1056,177.1,9.0
Tata,Tiago EV,Medium Range,19.0,19.2,45,1073,0.33,2.1,0.013,90,250,15.6,24.9,0,2,2,0,3,0.3,-8,Ghat_Road,0.5793,32.8,9.0
Tata,Tiago EV,Medium Range,17.9,19.2,45,1073,0.33,2.1,0.0126,90,250,24.7,34.9,0,2,1,2,4,2.3,-5,Ghat_Road,0.4674,38.3,9.0
Tata,Tiago EV,Medium Range,16.5,19.2,45,1073,0.33,2.1,0.0122,90,250,20.0,12.0,0,2,0,1,2,4.7,-2,Ghat_Road,0.2811,58.7,9.0
Tata,Tiago EV,Medium Range,19.0,19.2,45,1073,0.33,2.1,0.0122,90,250,33.6,21.4,0,2,0,0,2,0.3,-2,Ghat_Road,0.2493,76.2,9.0
Tata,Tiago EV,Medium Range,17.5,19.2,45,1073,0.33,2.1,0.012,90,250,16.7,20.5,0,2,1,1,1,2.9,0,Ghat_Road,0.3521,49.7,9.0
Tata,Tiago EV,Medium Range,19.2,19.2,45,1073,0.33,2.1,0.0122,90,250,34.3,17.7,0,2,2,1,5,0.0,-2,Ghat_Road,0.7385,26.0,9.0
Tata,Tiago EV,Medium Range,18.5,19.2,45,1073,0.33,2.1,0.012,90,250,22.8,16.2,0,2,2,1,1,1.2,0,Ghat_Road,0.6046,30.6,9.0
Tata,Tiago EV,Medium Range,19.2,19.2,45,1073,0.33,2.1,0.0126,90,250,32.6,15.9,0,2,0,1,2,0.0,-5,Ghat_Road,0.287,66.9,9.0
Tata,Tiago EV,Medium Range,17.0,19.2,45,1073,0.33,2.1,0.0126,90,250,15.9,29.8,0,2,1,1,2,3.8,-5,Ghat_Road,0.382,44.5,9.0
Tata,Tigor EV,Ziptron,25.7,26.0,55,1235,0.33,2.15,0.013,90,306,30.4,45.0,1,0,2,2,4,0.4,-8,Delhi,0.4849,53.0,12.5
Tata,Tigor EV,Ziptron,24.5,26.0,55,1235,0.33,2.15,0.0122,90,306,18.0,30.1,0,0,2,0,2,1.9,2,Delhi,0.1452,168.7,12.5
Tata,Tigor EV,Ziptron,23.8,26.0,55,1235,0.33,2.15,0.013,90,306,34.2,33.9,1,0,0,0,1,2.8,-8,Delhi,0.1182,201.4,12.5
Tata,Tigor EV,Ziptron,23.0,26.0,55,1235,0.33,2.15,0.012,90,306,29.3,45.3,1,0,2,1,1,3.8,0,Delhi,0.3821,60.2,12.5
Tata,Tigor EV,Ziptron,22.3,26.0,55,1235,0.33,2.15,0.0122,90,306,18.4,15.5,0,0,2,1,1,4.8,-2,Delhi,0.1698,131.3,12.5
Tata,Tigor EV,Ziptron,22.6,26.0,55,1235,0.33,2.15,0.0122,90,306,27.4,11.2,0,0,1,0,3,4.3,-2,Delhi,0.0996,227.0,12.5
Tata,Tigor EV,Ziptron,25.6,26.0,55,1235,0.33,2.15,0.012,90,306,23.4,30.2,0,0,0,2,1,0.5,0,Delhi,0.0881,290.7,12.5
Tata,Tigor EV,Ziptron,24.9,26.0,55,1235,0.33,2.15,0.012,90,306,34.2,10.6,0,0,2,1,1,1.4,0,Delhi,0.1779,140.0,12.5
Tata,Tigor EV,Ziptron,25.4,26.0,55,1235,0.33,2.15,0.0126,90,306,32.3,42.3,1,0,1,0,2,0.8,-5,Delhi,0.206,123.3,12.5
Tata,Tigor EV,Ziptron,23.7,26.0,55,1235,0.33,2.15,0.0126,90,306,24.5,12.9,0,0,1,1,2,2.9,-5,Delhi,0.1045,226.8,12.5
Tata,Tigor EV,Ziptron,23.7,26.0,55,1235,0.33,2.15,0.012,90,306,27.0,27.8,0,0,2,1,2,2.9,0,Mumbai,0.1592,148.9,12.5
Tata,Tigor EV,Ziptron,24.3,26.0,55,1235,0.33,2.15,0.012,90,306,25.9,29.1,1,0,2,1,1,2.2,0,Mumbai,0.2065,117.7,12.5
Tata,Tigor EV,Ziptron,24.5,26.0,55,1235,0.33,2.15,0.012,90,306,21.9,24.5,0,0,2,1,5,1.9,0,Mumbai,0.2013,121.7,12.5
Tata,Tigor EV,Ziptron,23.2,26.0,55,1235,0.33,2.15,0.013,90,306,24.0,32.6,1,0,0,1,1,3.6,-8,Mumbai,0.1348,172.1,12.5
Tata,Tigor EV,Ziptron,23.2,26.0,55,1235,0.33,2.15,0.012,90,306,27.3,32.8,1,0,0,2,2,3.6,0,Mumbai,0.1526,152.0,12.5
Tata,Tigor EV,Ziptron,24.8,26.0,55,1235,0.33,2.15,0.012,90,306,14.2,28.4,1,0,1,1,3,1.6,0,Mumbai,0.2008,123.5,12.5
Tata,Tigor EV,Ziptron,25.8,26.0,55,1235,0.33,2.15,0.012,90,306,23.9,23.4,0,0,2,1,3,0.3,0,Mumbai,0.161,160.2,12.5
Tata,Tigor EV,Ziptron,25.2,26.0,55,1235,0.33,2.15,0.013,90,306,25.1,35.3,1,0,2,1,3,1.0,-8,Mumbai,0.3657,68.9,12.5
Tata,Tigor EV,Ziptron,22.9,26.0,55,1235,0.33,2.15,0.0122,90,306,13.8,19.5,0,0,0,2,3,4.0,-2,Mumbai,0.0926,247.3,12.5
Tata,Tigor EV,Ziptron,23.2,26.0,55,1235,0.33,2.15,0.0122,90,306,34.9,15.6,0,1,1,1,1,3.6,-2,Bangalore,0.2522,92.0,12.5
Tata,Tigor EV,Ziptron,24.8,26.0,55,1235,0.33,2.15,0.012,90,306,29.5,15.7,0,1,2,2,1,1.5,0,Bangalore,0.5156,48.1,12.5
Tata,Tigor EV,Ziptron,25.4,26.0,55,1235,0.33,2.15,0.013,90,306,21.1,28.0,0,1,2,1,2,0.8,-8,Bangalore,0.4504,56.4,12.5
Tata,Tigor EV,Ziptron,25.5,26.0,55,1235,0.33,2.15,0.0122,90,306,19.0,27.9,0,1,1,1,1,0.6,2,Bangalore,0.2673,95.4,12.5
Tata,Tigor EV,Ziptron,23.5,26.0,55,1235,0.33,2.15,0.012,90,306,17.0,20.9,0,1,0,2,1,3.2,0,Bangalore,0.2168,108.4,12.5
Tata,Tigor EV,Ziptron,23.4,26.0,55,1235,0.33,2.15,0.012,90,306,16.5,34.4,0,1,1,1,4,3.3,0,Bangalore,0.294,79.6,12.5
Tata,Tigor EV,Ziptron,22.3,26.0,55,1235,0.33,2.15,0.012,90,306,28.6,22.3,0,1,2,1,1,4.7,0,Bangalore,0.4055,55.0,12.5
Tata,Tigor EV,Ziptron,25.2,26.0,55,1235,0.33,2.15,0.012,90,306,22.5,18.5,0,1,1,1,3,1.0,0,Bangalore,0.2788,90.4,12.5
Tata,Tigor EV,Ziptron,24.6,26.0,55,1235,0.33,2.15,0.0122,90,306,25.0,26.3,0,1,0,2,1,1.8,-2,Bangalore,0.2426,101.4,12.5
Tata,Tigor EV,Ziptron,25.3,26.0,55,1235,0.33,2.15,0.012,90,306,29.6,26.3,0,0,1,1,1,0.9,0,Chennai,0.0962,263.0,12.5
Tata,Tigor EV,Ziptron,23.4,26.0,55,1235,0.33,2.15,0.0126,90,306,15.4,25.5,0,0,1,1,3,3.3,-5,Chennai,0.1135,206.1,12.5
Tata,Tigor EV,Ziptron,25.8,26.0,55,1235,0.33,2.15,0.013,90,306,25.4,39.7,1,0,2,1,4,0.3,-8,Chennai,0.344,75.0,12.5
Tata,Tigor EV,Ziptron,22.7,26.0,55,1235,0.33,2.15,0.0122,90,306,34.2,31.1,0,0,2,1,3,4.2,-2,Chennai,0.1712,132.6,12.5
Tata,Tigor EV,Ziptron,24.3,26.0,55,1235,0.33,2.15,0.0122,90,306,29.3,33.3,1,0,2,1,4,2.2,2,Chennai,0.278,87.4,12.5
Tata,Tigor EV,Ziptron,23.3,26.0,55,1235,0.33,2.15,0.012,90,306,34.9,41.3,1,0,2,1,3,3.5,0,Chennai,0.3883,60.0,12.5
Tata,Tigor EV,Ziptron,24.5,26.0,55,1235,0.33,2.15,0.012,90,306,24.7,37.7,0,0,2,1,2,1.9,0,Chennai,0.1544,158.7,12.5
Tata,Tigor EV,Ziptron,23.8,26.0,55,1235,0.33,2.15,0.012,90,306,29.6,39.8,1,0,2,1,1,2.8,0,Chennai,0.3028,78.6,12.5
Tata,Tigor EV,Ziptron,25.2,26.0,55,1235,0.33,2.15,0.0122,90,306,25.2,22.6,0,0,2,1,1,1.0,2,Chennai,0.1501,167.9,12.5
Tata,Tigor EV,Ziptron,25.5,26.0,55,1235,0.33,2.15,0.0122,90,306,22.7,26.7,0,0,2,1,1,0.6,-2,Chennai,0.1522,167.5,12.5
Tata,Tigor EV,Ziptron,22.8,26.0,55,1235,0.33,2.15,0.013,90,306,17.1,40.0,0,0,2,1,4,4.1,-8,Chennai,0.1878,121.4,12.5
Tata,Tigor EV,Ziptron,22.3,26.0,55,1235,0.33,2.15,0.0122,90,306,25.4,36.2,1,0,0,1,4,4.8,-2,Chennai,0.1573,141.8,12.5
Tata,Tigor EV,Ziptron,24.2,26.0,55,1235,0.33,2.15,0.0122,90,306,19.4,38.5,1,1,2,0,2,2.3,-2,Pune,0.602,40.2,12.5
Tata,Tigor EV,Ziptron,24.0,26.0,55,1235,0.33,2.15,0.0126,90,306,31.5,13.7,0,1,2,1,3,2.6,-5,Pune,0.4669,51.4,12.5
Tata,Tigor EV,Ziptron,25.1,26.0,55,1235,0.33,2.15,0.0122,90,306,37.6,35.2,0,1,2,1,1,1.2,-2,Pune,0.432,58.1,12.5
Tata,Tigor EV,Ziptron,25.5,26.0,55,1235,0.33,2.15,0.0122,90,306,27.4,19.5,0,1,2,1,3,0.7,-2,Pune,0.4713,54.1,12.5
Tata,Tigor EV,Ziptron,25.2,26.0,55,1235,0.33,2.15,0.013,90,306,27.7,25.9,0,1,1,1,4,1.0,-8,Pune,0.2947,85.5,12.5
Tata,Tigor EV,Ziptron,25.3,26.0,55,1235,0.33,2.15,0.012,90,306,24.6,12.7,0,1,1,0,1,0.9,0,Pune,0.2265,111.7,12.5
Tata,Tigor EV,Ziptron,24.2,26.0,55,1235,0.33,2.15,0.012,90,306,38.1,23.9,0,1,1,1,5,2.3,0,Pune,0.3311,73.1,12.5
Tata,Tigor EV,Ziptron,25.0,26.0,55,1235,0.33,2.15,0.0122,90,306,35.3,32.4,0,1,1,0,3,1.3,-2,Pune,0.2564,97.5,12.5
Tata,Tigor EV,Ziptron,23.2,26.0,55,1235,0.33,2.15,0.012,90,306,26.3,29.3,0,1,2,2,3,3.6,0,Pune,0.5273,44.0,12.5
Tata,Tigor EV,Ziptron,25.6,26.0,55,1235,0.33,2.15,0.012,90,306,23.6,43.0,1,0,2,1,1,0.5,0,Hyderabad,0.4399,58.2,12.5
Tata,Tigor EV,Ziptron,25.0,26.0,55,1235,0.33,2.15,0.0126,90,306,27.3,40.4,1,0,1,0,2,1.3,-5,Hyderabad,0.2248,111.2,12.5
Tata,Tigor EV,Ziptron,25.1,26.0,55,1235,0.33,2.15,0.0122,90,306,22.1,34.7,1,0,2,2,3,1.1,-2,Hyderabad,0.3506,71.6,12.5
Tata,Tigor EV,Ziptron,25.5,26.0,55,1235,0.33,2.15,0.0122,90,306,33.5,42.1,1,0,2,0,2,0.6,-2,Hyderabad,0.3547,71.9,12.5
Tata,Tigor EV,Ziptron,24.9,26.0,55,1235,0.33,2.15,0.012,90,306,20.4,42.2,1,0,0,2,1,1.4,0,Hyderabad,0.2646,94.1,12.5
Tata,Tigor EV,Ziptron,25.1,26.0,55,1235,0.33,2.15,0.0126,90,306,34.3,26.5,1,0,1,1,1,1.1,-5,Hyderabad,0.1371,183.1,12.5
Tata,Tigor EV,Ziptron,24.7,26.0,55,1235,0.33,2.15,0.013,90,306,28.2,38.6,1,0,0,1,1,1.7,-8,Hyderabad,0.1454,169.9,12.5
Tata,Tigor EV,Ziptron,23.2,26.0,55,1235,0.33,2.15,0.0122,90,306,31.0,36.9,1,0,2,0,4,3.6,2,Hyderabad,0.2829,82.0,12.5
Tata,Tigor EV,Ziptron,25.7,26.0,55,1235,0.33,2.15,0.012,90,306,28.5,28.2,0,0,2,1,3,0.4,0,Hyderabad,0.1613,159.3,12.5
Tata,Tigor EV,Ziptron,24.1,26.0,55,1235,0.33,2.15,0.012,90,306,17.2,19.0,0,0,1,2,4,2.5,0,Kolkata,0.1301,185.3,12.5
Tata,Tigor EV,Ziptron,24.1,26.0,55,1235,0.33,2.15,0.012,90,306,16.3,36.1,1,0,2,0,2,2.5,0,Kolkata,0.3868,62.3,12.5
Tata,Tigor EV,Ziptron,24.9,26.0,55,1235,0.33,2.15,0.0122,90,306,19.7,34.5,1,0,1,1,1,1.4,-2,Kolkata,0.2038,122.2,12.5
Tata,Tigor EV,Ziptron,24.5,26.0,55,1235,0.33,2.15,0.0122,90,306,14.5,17.5,0,0,2,1,2,1.9,-2,Kolkata,0.1801,136.0,12.5
Tata,Tigor EV,Ziptron,24.9,26.0,55,1235,0.33,2.15,0.012,90,306,26.1,12.2,1,0,0,1,4,1.4,0,Kolkata,0.09,276.7,12.5
Tata,Tigor EV,Ziptron,24.9,26.0,55,1235,0.33,2.15,0.012,90,306,20.0,39.4,1,0,2,1,3,1.4,0,Kolkata,0.3897,63.9,12.5
Tata,Tigor EV,Ziptron,25.0,26.0,55,1235,0.33,2.15,0.013,90,306,25.7,21.0,0,0,1,1,1,1.3,-8,Kolkata,0.0914,273.5,12.5
Tata,Tigor EV,Ziptron,22.5,26.0,55,1235,0.33,2.15,0.0126,90,306,20.3,40.3,1,0,1,1,4,4.5,-5,Kolkata,0.3394,66.3,12.5
Tata,Tigor EV,Ziptron,23.7,26.0,55,1235,0.33,2.15,0.0122,90,306,12.9,14.6,0,0,2,1,3,3.0,-2,Kolkata,0.1988,119.2,12.5
Tata,Tigor EV,Ziptron,24.7,26.0,55,1235,0.33,2.15,0.0126,90,306,93.0,34.6,0,0,1,1,1,1.7,-5,Highway_NH,0.2074,119.1,12.5
Tata,Tigor EV,Ziptron,22.5,26.0,55,1235,0.33,2.15,0.0122,90,306,90.0,27.4,0,0,0,1,2,4.5,-2,Highway_NH,0.1402,160.5,12.5
Tata,Tigor EV,Ziptron,23.2,26.0,55,1235,0.33,2.15,0.012,90,306,90.9,21.8,1,0,1,1,1,3.6,0,Highway_NH,0.2185,106.2,12.5
Tata,Tigor EV,Ziptron,24.0,26.0,55,1235,0.33,2.15,0.012,90,306,83.1,27.9,0,0,0,1,2,2.6,0,Highway_NH,0.1402,171.2,12.5
Tata,Tigor EV,Ziptron,24.7,26.0,55,1235,0.33,2.15,0.0126,90,306,80.4,32.2,0,0,0,2,3,1.7,-5,Highway_NH,0.1648,149.9,12.5
Tata,Tigor EV,Ziptron,23.7,26.0,55,1235,0.33,2.15,0.0122,90,306,89.4,38.8,0,0,0,0,4,2.9,-2,Highway_NH,0.1376,172.3,12.5
Tata,Tigor EV,Ziptron,25.9,26.0,55,1235,0.33,2.15,0.012,90,306,77.0,30.8,0,0,1,1,3,0.1,0,Highway_NH,0.1909,135.7,12.5
Tata,Tigor EV,Ziptron,24.9,26.0,55,1235,0.33,2.15,0.0122,90,306,94.0,35.5,0,0,0,1,1,1.4,-2,Highway_NH,0.1666,149.5,12.5
Tata,Tigor EV,Ziptron,24.2,26.0,55,1235,0.33,2.15,0.0126,90,306,87.1,39.3,0,0,0,1,2,2.3,-5,Highway_NH,0.1373,176.3,12.5
Tata,Tigor EV,Ziptron,25.1,26.0,55,1235,0.33,2.15,0.012,90,306,76.8,23.0,0,0,0,1,2,1.1,0,Highway_NH,0.1317,190.6,12.5
Tata,Tigor EV,Ziptron,24.4,26.0,55,1235,0.33,2.15,0.0122,90,306,78.7,28.1,0,0,0,0,4,2.1,-2,Highway_NH,0.1241,196.6,12.5
Tata,Tigor EV,Ziptron,25.9,26.0,55,1235,0.33,2.15,0.0122,90,306,86.5,38.6,0,0,0,1,1,0.1,-2,Highway_NH,0.1321,196.0,12.5
Tata,Tigor EV,Ziptron,22.6,26.0,55,1235,0.33,2.15,0.0122,90,306,117.5,15.1,0,0,0,0,2,4.3,-2,Expressway,0.183,123.5,12.5
Tata,Tigor EV,Ziptron,24.0,26.0,55,1235,0.33,2.15,0.0122,90,306,109.9,41.5,0,0,0,1,1,2.6,-2,Expressway,0.2172,110.5,12.5
Tata,Tigor EV,Ziptron,24.0,26.0,55,1235,0.33,2.15,0.0122,90,306,82.6,32.9,0,0,0,1,2,2.6,-2,Expressway,0.1371,175.1,12.5
Tata,Tigor EV,Ziptron,24.9,26.0,55,1235,0.33,2.15,0.0126,90,306,114.8,24.8,0,0,0,0,2,1.4,-5,Expressway,0.1814,137.3,12.5
Tata,Tigor EV,Ziptron,23.0,26.0,55,1235,0.33,2.15,0.013,90,306,102.1,19.1,0,0,0,1,2,3.9,-8,Expressway,0.1986,115.8,12.5
Tata,Tigor EV,Ziptron,24.2,26.0,55,1235,0.33,2.15,0.012,90,306,113.0,40.5,1,0,0,1,2,2.3,0,Expressway,0.2237,108.2,12.5
Tata,Tigor EV,Ziptron,23.8,26.0,55,1235,0.33,2.15,0.012,90,306,111.5,26.0,0,0,0,2,4,2.8,0,Expressway,0.2212,107.6,12.5
Tata,Tigor EV,Ziptron,22.3,26.0,55,1235,0.33,2.15,0.013,90,306,111.8,16.6,0,0,0,0,1,4.7,-8,Expressway,0.1748,127.6,12.5
Tata,Tigor EV,Ziptron,25.5,26.0,55,1235,0.33,2.15,0.0122,90,306,109.9,43.0,1,0,1,0,2,0.6,2,Expressway,0.2815,90.6,12.5
Tata,Tigor EV,Ziptron,24.6,26.0,55,1235,0.33,2.15,0.0122,90,306,100.5,42.9,0,0,0,2,1,1.8,-2,Expressway,0.2179,112.9,12.5
Tata,Tigor EV,Ziptron,23.0,26.0,55,1235,0.33,2.15,0.012,90,306,82.9,28.5,1,0,0,2,4,3.9,0,Expressway,0.1891,121.6,12.5
Tata,Tigor EV,Ziptron,22.3,26.0,55,1235,0.33,2.15,0.012,90,306,116.4,33.8,0,0,0,0,4,4.8,0,Expressway,0.1899,117.4,12.5
Tata,Tigor EV,Ziptron,24.7,26.0,55,1235,0.33,2.15,0.013,90,306,39.2,9.5,0,2,1,0,3,1.7,-8,Hill_Station,0.6622,37.3,12.5
Tata,Tigor EV,Ziptron,25.7,26.0,55,1235,0.33,2.15,0.0122,90,306,29.7,17.0,0,2,0,0,1,0.4,-2,Hill_Station,0.3093,83.1,12.5
Tata,Tigor EV,Ziptron,25.5,26.0,55,1235,0.33,2.15,0.0126,90,306,36.7,17.8,0,2,1,1,1,0.6,-5,Hill_Station,0.5324,47.9,12.5
Tata,Tigor EV,Ziptron,25.8,26.0,55,1235,0.33,2.15,0.012,90,306,24.0,15.5,1,2,0,1,1,0.3,0,Hill_Station,0.4038,63.9,12.5
Tata,Tigor EV,Ziptron,23.0,26.0,55,1235,0.33,2.15,0.0126,90,306,21.2,27.6,0,2,0,1,2,3.8,-5,Hill_Station,0.3859,59.6,12.5
Tata,Tigor EV,Ziptron,23.6,26.0,55,1235,0.33,2.15,0.012,90,306,38.7,20.4,1,2,1,0,2,3.1,0,Hill_Station,0.545,43.3,12.5
Tata,Tigor EV,Ziptron,24.3,26.0,55,1235,0.33,2.15,0.012,90,306,33.1,23.0,0,2,2,0,1,2.2,0,Hill_Station,0.7941,30.6,12.5
Tata,Tigor EV,Ziptron,25.8,26.0,55,1235,0.33,2.15,0.0122,90,306,26.2,24.2,0,2,1,2,3,0.2,-2,Hill_Station,0.6807,37.9,12.5
Tata,Tigor EV,Ziptron,23.3,26.0,55,1235,0.33,2.15,0.0122,90,306,54.6,25.6,0,0,0,1,3,3.5,2,Rural_Road,0.0954,244.3,12.5
Tata,Tigor EV,Ziptron,22.6,26.0,55,1235,0.33,2.15,0.0122,90,306,56.1,43.9,1,0,2,1,4,4.3,-2,Rural_Road,0.352,64.2,12.5
Tata,Tigor EV,Ziptron,23.0,26.0,55,1235,0.33,2.15,0.012,90,306,46.4,12.1,0,0,0,1,4,3.9,0,Rural_Road,0.1056,217.7,12.5
Tata,Tigor EV,Ziptron,25.8,26.0,55,1235,0.33,2.15,0.0126,90,306,40.6,27.8,0,0,1,1,4,0.2,-5,Rural_Road,0.1211,213.1,12.5
Tata,Tigor EV,Ziptron,23.3,26.0,55,1235,0.33,2.15,0.0126,90,306,34.8,22.2,0,0,1,1,2,3.5,-5,Rural_Road,0.1046,222.7,12.5
Tata,Tigor EV,Ziptron,23.9,26.0,55,1235,0.33,2.15,0.012,90,306,54.9,11.4,0,0,0,1,2,2.7,0,Rural_Road,0.1085,220.2,12.5
Tata,Tigor EV,Ziptron,22.5,26.0,55,1235,0.33,2.15,0.012,90,306,48.2,10.5,0,0,0,0,1,4.5,0,Rural_Road,0.0791,284.3,12.5
Tata,Tigor EV,Ziptron,25.8,26.0,55,1235,0.33,2.15,0.0122,90,306,58.8,29.3,0,0,1,1,2,0.2,2,Rural_Road,0.1409,183.1,12.5
Tata,Tigor EV,Ziptron,22.6,26.0,55,1235,0.33,2.15,0.012,90,306,55.9,32.3,0,0,0,2,1,4.3,0,Rural_Road,0.1023,220.9,12.5
Tata,Tigor EV,Ziptron,25.9,26.0,55,1235,0.33,2.15,0.012,90,306,34.5,23.8,0,0,1,1,3,0.1,0,Rural_Road,0.1015,255.1,12.5
Tata,Tigor EV,Ziptron,22.5,26.0,55,1235,0.33,2.15,0.013,90,306,24.8,33.2,1,2,1,2,1,4.5,-8,Ghat_Road,0.6966,32.3,12.5
Tata,Tigor EV,Ziptron,24.5,26.0,55,1235,0.33,2.15,0.012,90,306,23.7,10.4,0,2,0,1,2,1.9,0,Ghat_Road,0.443,55.3,12.5
Tata,Tigor EV,Ziptron,23.5,26.0,55,1235,0.33,2.15,0.0122,90,306,16.5,20.8,0,2,1,0,2,3.2,-2,Ghat_Road,0.5199,45.2,12.5
Tata,Tigor EV,Ziptron,23.7,26.0,55,1235,0.33,2.15,0.0122,90,306,23.1,10.2,0,2,0,1,1,3.0,-2,Ghat_Road,0.427,55.5,12.5
Tata,Tigor EV,Ziptron,22.7,26.0,55,1235,0.33,2.15,0.012,90,306,28.8,12.3,0,2,2,1,2,4.2,0,Ghat_Road,0.7418,30.6,12.5
Tata,Tigor EV,Ziptron,24.8,26.0,55,1235,0.33,2.15,0.0122,90,306,21.4,16.9,0,2,2,2,1,1.6,-2,Ghat_Road,0.8105,30.6,12.5
Tata,Tigor EV,Ziptron,22.5,26.0,55,1235,0.33,2.15,0.0126,90,306,33.4,20.4,0,2,2,0,2,4.5,-5,Ghat_Road,0.7353,30.6,12.5
Tata,Tigor EV,Ziptron,23.7,26.0,55,1235,0.33,2.15,0.012,90,306,17.3,10.3,0,2,2,1,3,2.9,0,Ghat_Road,0.7745,30.6,12.5
Tata,Punch EV,Long Range,31.1,35.0,90,1355,0.35,2.3,0.013,91,421,24.2,45.0,1,0,1,0,2,3.7,-8,Delhi,0.192,162.0,14.0
Tata,Punch EV,Long Range,34.8,35.0,90,1355,0.35,2.3,0.0122,91,421,30.5,46.4,1,0,2,1,2,0.2,-2,Delhi,0.3308,105.2,14.0
Tata,Punch EV,Long Range,33.5,35.0,90,1355,0.35,2.3,0.0126,91,421,30.4,26.4,1,0,2,2,4,1.4,-5,Delhi,0.2248,149.0,14.0
Tata,Punch EV,Long Range,32.4,35.0,90,1355,0.35,2.3,0.0122,91,421,20.8,21.8,0,0,2,0,4,2.5,-2,Delhi,0.1416,228.8,14.0
Tata,Punch EV,Long Range,32.5,35.0,90,1355,0.35,2.3,0.0122,91,421,32.7,18.9,0,0,2,1,1,2.4,2,Delhi,0.1366,238.0,14.0
Tata,Punch EV,Long Range,33.8,35.0,90,1355,0.35,2.3,0.013,91,421,19.7,17.8,0,0,2,1,3,1.1,-8,Delhi,0.1484,227.7,14.0
Tata,Punch EV,Long Range,30.4,35.0,90,1355,0.35,2.3,0.012,91,421,17.3,19.4,0,0,2,1,4,4.4,0,Delhi,0.1449,209.8,14.0
Tata,Punch EV,Long Range,34.4,35.0,90,1355,0.35,2.3,0.013,91,421,33.9,38.3,1,0,2,0,2,0.6,-8,Delhi,0.2608,131.9,14.0
Tata,Punch EV,Long Range,30.5,35.0,90,1355,0.35,2.3,0.0126,91,421,33.9,38.1,0,0,2,2,1,4.3,-5,Delhi,0.164,186.0,14.0
Tata,Punch EV,Long Range,32.2,35.0,90,1355,0.35,2.3,0.0122,91,421,12.2,20.1,0,0,1,2,2,2.7,2,Mumbai,0.0987,326.4,14.0
Tata,Punch EV,Long Range,30.5,35.0,90,1355,0.35,2.3,0.0126,91,421,21.8,26.8,0,0,0,1,3,4.3,-5,Mumbai,0.0763,399.95,14.0
Tata,Punch EV,Long Range,34.7,35.0,90,1355,0.35,2.3,0.0122,91,421,12.4,37.4,0,0,2,1,4,0.3,-2,Mumbai,0.1462,237.3,14.0
Tata,Punch EV,Long Range,34.7,35.0,90,1355,0.35,2.3,0.012,91,421,16.8,35.1,0,0,2,1,2,0.3,0,Mumbai,0.1367,253.9,14.0
Tata,Punch EV,Long Range,31.1,35.0,90,1355,0.35,2.3,0.012,91,421,17.9,36.5,0,0,2,1,2,3.7,0,Mumbai,0.1337,232.6,14.0
Tata,Punch EV,Long Range,30.4,35.0,90,1355,0.35,2.3,0.012,91,421,29.4,25.1,0,0,1,0,2,4.4,0,Mumbai,0.0834,364.6,14.0
Tata,Punch EV,Long Range,33.9,35.0,90,1355,0.35,2.3,0.0122,91,421,22.3,33.2,1,0,2,0,3,1.0,-2,Mumbai,0.2493,136.0,14.0
Tata,Punch EV,Long Range,31.5,35.0,90,1355,0.35,2.3,0.012,91,421,13.2,37.2,0,0,2,1,4,3.3,0,Mumbai,0.1428,220.6,14.0
Tata,Punch EV,Long Range,30.2,35.0,90,1355,0.35,2.3,0.0126,91,421,19.7,30.8,1,0,1,2,1,4.6,-5,Mumbai,0.1794,168.3,14.0
Tata,Punch EV,Long Range,32.7,35.0,90,1355,0.35,2.3,0.013,91,421,13.2,24.1,0,0,1,0,3,2.2,-8,Mumbai,0.0818,399.95,14.0
Tata,Punch EV,Long Range,31.1,35.0,90,1355,0.35,2.3,0.012,91,421,29.1,27.2,1,1,1,0,1,3.7,0,Bangalore,0.2038,152.6,14.0
Tata,Punch EV,Long Range,33.9,35.0,90,1355,0.35,2.3,0.0122,91,421,16.6,19.3,0,1,0,1,4,1.0,2,Bangalore,0.1574,215.4,14.0
Tata,Punch EV,Long Range,32.6,35.0,90,1355,0.35,2.3,0.0122,91,421,28.9,36.7,1,1,1,1,1,2.3,-2,Bangalore,0.2801,116.4,14.0
Tata,Punch EV,Long Range,34.1,35.0,90,1355,0.35,2.3,0.0126,91,421,18.2,29.9,0,1,0,0,3,0.9,-5,Bangalore,0.1425,239.3,14.0
Tata,Punch EV,Long Range,32.0,35.0,90,1355,0.35,2.3,0.012,91,421,32.0,25.4,0,1,2,1,2,2.9,0,Bangalore,0.3587,89.2,14.0
Tata,Punch EV,Long Range,33.6,35.0,90,1355,0.35,2.3,0.0126,91,421,21.0,21.9,0,1,1,0,2,1.3,-5,Bangalore,0.1797,187.0,14.0
Tata,Punch EV,Long Range,34.5,35.0,90,1355,0.35,2.3,0.0122,91,421,34.7,24.9,0,1,1,1,2,0.5,2,Bangalore,0.211,163.5,14.0
Tata,Punch EV,Long Range,34.4,35.0,90,1355,0.35,2.3,0.012,91,421,26.8,16.8,0,1,1,1,4,0.6,0,Bangalore,0.2515,136.8,14.0
Tata,Punch EV,Long Range,33.8,35.0,90,1355,0.35,2.3,0.0126,91,421,28.8,20.7,0,1,0,1,2,1.1,-5,Bangalore,0.1603,210.9,14.0
Tata,Punch EV,Long Range,33.4,35.0,90,1355,0.35,2.3,0.012,91,421,20.1,24.8,0,1,1,1,2,1.5,0,Bangalore,0.2329,143.4,14.0
Tata,Punch EV,Long Range,32.1,35.0,90,1355,0.35,2.3,0.0122,91,421,23.9,17.7,0,1,2,1,1,2.8,-2,Bangalore,0.3302,97.2,14.0
Tata,Punch EV,Long Range,30.5,35.0,90,1355,0.35,2.3,0.012,91,421,23.6,26.3,0,0,1,2,2,4.3,0,Chennai,0.0986,309.3,14.0
Tata,Punch EV,Long Range,31.3,35.0,90,1355,0.35,2.3,0.0122,91,421,16.5,24.5,1,0,2,1,2,3.5,-2,Chennai,0.1656,189.0,14.0
Tata,Punch EV,Long Range,33.4,35.0,90,1355,0.35,2.3,0.0122,91,421,24.2,25.9,0,0,2,1,1,1.5,2,Chennai,0.1304,256.2,14.0
Tata,Punch EV,Long Range,30.5,35.0,90,1355,0.35,2.3,0.0126,91,421,27.2,41.9,1,0,2,2,2,4.3,-5,Chennai,0.3951,77.2,14.0
Tata,Punch EV,Long Range,34.3,35.0,90,1355,0.35,2.3,0.0122,91,421,15.4,28.7,0,0,1,1,4,0.7,-2,Chennai,0.0858,399.95,14.0
Tata,Punch EV,Long Range,31.4,35.0,90,1355,0.35,2.3,0.0122,91,421,17.8,30.9,0,0,1,1,2,3.4,-2,Chennai,0.084,373.9,14.0
Tata,Punch EV,Long Range,32.9,35.0,90,1355,0.35,2.3,0.0122,91,421,27.1,27.4,0,0,1,2,5,2.0,-2,Chennai,0.1017,323.4,14.0
Tata,Punch EV,Long Range,31.9,35.0,90,1355,0.35,2.3,0.013,91,421,26.1,24.5,0,0,1,1,2,3.0,-8,Chennai,0.0856,372.5,14.0
Tata,Punch EV,Long Range,30.9,35.0,90,1355,0.35,2.3,0.012,91,421,24.8,41.2,1,0,2,1,3,3.9,0,Chennai,0.3674,84.1,14.0
Tata,Punch EV,Long Range,30.6,35.0,90,1355,0.35,2.3,0.0122,91,421,38.5,30.4,0,1,2,1,1,4.2,-2,Pune,0.3621,84.5,14.0
Tata,Punch EV,Long Range,33.9,35.0,90,1355,0.35,2.3,0.012,91,421,35.4,35.5,1,1,2,1,2,1.0,0,Pune,0.5067,66.9,14.0
Tata,Punch EV,Long Range,31.9,35.0,90,1355,0.35,2.3,0.012,91,421,39.1,23.7,0,1,2,0,4,3.0,0,Pune,0.3344,95.4,14.0
Tata,Punch EV,Long Range,30.7,35.0,90,1355,0.35,2.3,0.0126,91,421,27.9,25.0,0,1,2,1,2,4.1,-5,Pune,0.3862,79.5,14.0
Tata,Punch EV,Long Range,33.5,35.0,90,1355,0.35,2.3,0.0126,91,421,24.4,29.7,0,1,1,1,4,1.4,-5,Pune,0.2331,143.7,14.0
Tata,Punch EV,Long Range,30.2,35.0,90,1355,0.35,2.3,0.0126,91,421,18.2,16.1,0,1,2,1,3,4.6,-5,Pune,0.4308,70.1,14.0
Tata,Punch EV,Long Range,33.8,35.0,90,1355,0.35,2.3,0.0126,91,421,32.9,22.4,0,1,2,1,2,1.1,-5,Pune,0.3619,93.4,14.0
Tata,Punch EV,Long Range,33.5,35.0,90,1355,0.35,2.3,0.0126,91,421,39.8,37.1,1,1,0,0,5,1.4,-5,Pune,0.198,169.2,14.0
Tata,Punch EV,Long Range,33.2,35.0,90,1355,0.35,2.3,0.012,91,421,21.4,31.2,0,0,2,0,3,1.7,0,Hyderabad,0.1197,277.3,14.0
Tata,Punch EV,Long Range,30.0,35.0,90,1355,0.35,2.3,0.012,91,421,15.8,38.5,0,0,1,0,4,4.8,0,Hyderabad,0.0788,380.6,14.0
Tata,Punch EV,Long Range,32.9,35.0,90,1355,0.35,2.3,0.012,91,421,21.9,17.6,0,0,2,1,1,2.0,0,Hyderabad,0.1122,293.2,14.0
Tata,Punch EV,Long Range,34.7,35.0,90,1355,0.35,2.3,0.012,91,421,28.3,24.1,1,0,2,1,3,0.3,0,Hyderabad,0.1615,214.8,14.0
Tata,Punch EV,Long Range,34.4,35.0,90,1355,0.35,2.3,0.0122,91,421,22.1,42.3,1,0,0,1,3,0.6,-2,Hyderabad,0.1607,214.1,14.0
Tata,Punch EV,Long Range,30.6,35.0,90,1355,0.35,2.3,0.0126,91,421,18.8,37.7,1,0,2,1,1,4.2,-5,Hyderabad,0.2962,103.3,14.0
Tata,Punch EV,Long Range,32.8,35.0,90,1355,0.35,2.3,0.0126,91,421,28.4,23.4,1,0,1,1,4,2.1,-5,Hyderabad,0.0986,332.7,14.0
Tata,Punch EV,Long Range,34.7,35.0,90,1355,0.35,2.3,0.013,91,421,26.6,29.8,0,0,2,2,1,0.3,-8,Hyderabad,0.1534,226.2,14.0
Tata,Punch EV,Long Range,31.7,35.0,90,1355,0.35,2.3,0.0126,91,421,29.8,31.2,0,0,2,1,1,3.1,-5,Hyderabad,0.1315,241.1,14.0
Tata,Punch EV,Long Range,31.0,35.0,90,1355,0.35,2.3,0.0122,91,421,23.0,32.3,1,0,2,1,5,3.8,-2,Kolkata,0.2756,112.5,14.0
Tata,Punch EV,Long Range,34.5,35.0,90,1355,0.35,2.3,0.012,91,421,17.4,32.8,1,0,2,1,1,0.5,0,Kolkata,0.2798,123.3,14.0
Tata,Punch EV,Long Range,30.1,35.0,90,1355,0.35,2.3,0.012,91,421,26.8,40.6,1,0,1,2,2,4.7,0,Kolkata,0.2251,133.7,14.0
Tata,Punch EV,Long Range,30.8,35.0,90,1355,0.35,2.3,0.012,91,421,12.9,29.0,0,0,2,1,2,4.0,0,Kolkata,0.1339,230.0,14.0
Tata,Punch EV,Long Range,31.1,35.0,90,1355,0.35,2.3,0.012,91,421,22.6,39.4,1,0,1,1,1,3.7,0,Kolkata,0.1741,178.6,14.0
Tata,Punch EV,Long Range,32.7,35.0,90,1355,0.35,2.3,0.0126,91,421,12.7,23.3,1,0,2,2,1,2.2,-5,Kolkata,0.1838,177.9,14.0
Tata,Punch EV,Long Range,32.0,35.0,90,1355,0.35,2.3,0.013,91,421,21.6,32.1,0,0,2,0,1,2.9,-8,Kolkata,0.1149,278.6,14.0
Tata,Punch EV,Long Range,31.3,35.0,90,1355,0.35,2.3,0.012,91,421,18.0,30.7,1,0,1,1,2,3.5,0,Kolkata,0.1578,198.3,14.0
Tata,Punch EV,Long Range,33.4,35.0,90,1355,0.35,2.3,0.012,91,421,89.0,28.1,0,0,2,1,1,1.5,0,Highway_NH,0.2567,130.1,14.0
Tata,Punch EV,Long Range,31.5,35.0,90,1355,0.35,2.3,0.0126,91,421,87.4,42.7,1,0,0,0,2,3.3,-5,Highway_NH,0.1504,209.4,14.0
Tata,Punch EV,Long Range,29.8,35.0,90,1355,0.35,2.3,0.012,91,421,83.6,23.1,0,0,1,1,2,5.0,0,Highway_NH,0.1523,195.7,14.0
Tata,Punch EV,Long Range,33.8,35.0,90,1355,0.35,2.3,0.0122,91,421,76.7,22.7,1,0,0,0,2,1.1,-2,Highway_NH,0.108,313.0,14.0
Tata,Punch EV,Long Range,33.2,35.0,90,1355,0.35,2.3,0.0122,91,421,91.8,26.4,0,0,0,2,4,1.7,-2,Highway_NH,0.1481,224.1,14.0
Tata,Punch EV,Long Range,33.9,35.0,90,1355,0.35,2.3,0.013,91,421,94.4,27.2,1,0,0,1,3,1.0,-8,Highway_NH,0.167,203.0,14.0
Tata,Punch EV,Long Range,30.5,35.0,90,1355,0.35,2.3,0.012,91,421,74.0,22.1,0,0,1,2,1,4.3,0,Highway_NH,0.1619,188.4,14.0
Tata,Punch EV,Long Range,32.8,35.0,90,1355,0.35,2.3,0.0122,91,421,90.9,15.4,0,0,0,1,2,2.1,-2,Highway_NH,0.1231,266.4,14.0
Tata,Punch EV,Long Range,34.1,35.0,90,1355,0.35,2.3,0.0122,91,421,70.4,27.3,0,0,0,1,2,0.9,-2,Highway_NH,0.0951,358.7,14.0
Tata,Punch EV,Long Range,32.2,35.0,90,1355,0.35,2.3,0.0122,91,421,95.2,25.7,1,0,0,2,4,2.7,-2,Highway_NH,0.1845,174.5,14.0
Tata,Punch EV,Long Range,30.7,35.0,90,1355,0.35,2.3,0.012,91,421,98.3,16.3,0,0,0,2,1,4.1,0,Expressway,0.1627,188.7,14.0
Tata,Punch EV,Long Range,31.3,35.0,90,1355,0.35,2.3,0.0122,91,421,102.8,43.3,0,0,0,1,1,3.5,-2,Expressway,0.1618,193.4,14.0
Tata,Punch EV,Long Range,34.8,35.0,90,1355,0.35,2.3,0.0122,91,421,103.1,22.7,0,0,1,1,4,0.2,2,Expressway,0.193,180.3,14.0
Tata,Punch EV,Long Range,32.7,35.0,90,1355,0.35,2.3,0.0126,91,421,83.5,23.8,0,0,1,1,3,2.2,-5,Expressway,0.1577,207.4,14.0
Tata,Punch EV,Long Range,34.6,35.0,90,1355,0.35,2.3,0.013,91,421,96.4,18.6,0,0,0,1,1,0.4,-8,Expressway,0.1472,235.1,14.0
Tata,Punch EV,Long Range,33.3,35.0,90,1355,0.35,2.3,0.0122,91,421,105.1,34.0,1,0,0,0,3,1.6,2,Expressway,0.1548,215.1,14.0
Tata,Punch EV,Long Range,30.3,35.0,90,1355,0.35,2.3,0.012,91,421,94.4,30.3,0,0,0,1,3,4.5,0,Expressway,0.1392,217.7,14.0
Tata,Punch EV,Long Range,34.1,35.0,90,1355,0.35,2.3,0.012,91,421,119.7,42.1,0,0,2,1,2,0.9,0,Expressway,0.4108,83.0,14.0
Tata,Punch EV,Long Range,30.3,35.0,90,1355,0.35,2.3,0.012,91,421,35.3,30.0,0,2,0,1,5,4.5,0,Hill_Station,0.3736,81.1,14.0
Tata,Punch EV,Long Range,34.9,35.0,90,1355,0.35,2.3,0.012,91,421,38.7,22.2,0,2,1,0,1,0.1,0,Hill_Station,0.3705,94.2,14.0
Tata,Punch EV,Long Range,30.9,35.0,90,1355,0.35,2.3,0.0126,91,421,24.2,22.7,0,2,0,0,2,3.9,-5,Hill_Station,0.2861,108.0,14.0
Tata,Punch EV,Long Range,32.1,35.0,90,1355,0.35,2.3,0.0122,91,421,22.7,12.4,0,2,1,2,3,2.8,2,Hill_Station,0.5836,55.0,14.0
Tata,Punch EV,Long Range,32.1,35.0,90,1355,0.35,2.3,0.012,91,421,34.4,27.7,0,2,0,0,4,2.8,0,Hill_Station,0.3567,90.0,14.0
Tata,Punch EV,Long Range,32.9,35.0,90,1355,0.35,2.3,0.0122,91,421,33.5,25.5,1,2,0,1,4,2.0,-2,Hill_Station,0.3406,96.6,14.0
Tata,Punch EV,Long Range,33.7,35.0,90,1355,0.35,2.3,0.0122,91,421,30.0,16.4,0,2,2,2,2,1.2,-2,Hill_Station,0.8005,42.1,14.0
Tata,Punch EV,Long Range,30.8,35.0,90,1355,0.35,2.3,0.013,91,421,36.4,5.3,1,2,2,1,2,4.0,-8,Hill_Station,0.7316,42.1,14.0
Tata,Punch EV,Long Range,31.3,35.0,90,1355,0.35,2.3,0.0122,91,421,39.5,26.4,0,2,1,1,1,3.5,-2,Hill_Station,0.4484,69.8,14.0
Tata,Punch EV,Long Range,30.0,35.0,90,1355,0.35,2.3,0.0126,91,421,37.4,22.7,0,2,0,0,1,4.8,-5,Hill_Station,0.2956,101.5,14.0
Tata,Punch EV,Long Range,32.9,35.0,90,1355,0.35,2.3,0.013,91,421,26.6,9.6,0,2,1,0,2,2.0,-8,Hill_Station,0.4544,72.4,14.0
Tata,Punch EV,Long Range,31.1,35.0,90,1355,0.35,2.3,0.0126,91,421,43.5,26.8,0,0,0,1,2,3.7,-5,Rural_Road,0.0778,399.95,14.0
Tata,Punch EV,Long Range,31.1,35.0,90,1355,0.35,2.3,0.013,91,421,57.9,35.6,0,0,0,1,3,3.7,-8,Rural_Road,0.0962,323.2,14.0
Tata,Punch EV,Long Range,32.7,35.0,90,1355,0.35,2.3,0.0122,91,421,51.9,33.1,1,0,2,2,4,2.2,-2,Rural_Road,0.2665,122.7,14.0
Tata,Punch EV,Long Range,31.0,35.0,90,1355,0.35,2.3,0.012,91,421,52.4,42.0,1,0,0,0,4,3.8,0,Rural_Road,0.1202,257.8,14.0
Tata,Punch EV,Long Range,32.4,35.0,90,1355,0.35,2.3,0.012,91,421,36.0,38.0,1,0,1,1,3,2.5,0,Rural_Road,0.1473,219.9,14.0
Tata,Punch EV,Long Range,29.9,35.0,90,1355,0.35,2.3,0.0126,91,421,39.4,21.6,0,0,1,1,3,4.9,-5,Rural_Road,0.0979,305.4,14.0
Tata,Punch EV,Long Range,33.7,35.0,90,1355,0.35,2.3,0.0126,91,421,30.0,32.9,1,0,0,2,4,1.2,-5,Rural_Road,0.1256,268.3,14.0
Tata,Punch EV,Long Range,30.4,35.0,90,1355,0.35,2.3,0.0122,91,421,39.3,37.7,0,0,0,1,2,4.4,-2,Rural_Road,0.076,399.95,14.0
Tata,Punch EV,Long Range,33.6,35.0,90,1355,0.35,2.3,0.0122,91,421,30.7,23.1,0,0,2,2,2,1.3,-2,Rural_Road,0.1615,208.0,14.0
Tata,Punch EV,Long Range,31.2,35.0,90,1355,0.35,2.3,0.013,91,421,28.6,31.7,0,2,0,1,2,3.6,-8,Ghat_Road,0.3257,95.8,14.0
Tata,Punch EV,Long Range,30.8,35.0,90,1355,0.35,2.3,0.0122,91,421,28.7,19.1,0,2,0,0,4,4.0,-2,Ghat_Road,0.3284,93.8,14.0
Tata,Punch EV,Long Range,33.2,35.0,90,1355,0.35,2.3,0.012,91,421,21.8,10.0,0,2,0,1,1,1.7,0,Ghat_Road,0.3287,101.0,14.0
Tata,Punch EV,Long Range,31.4,35.0,90,1355,0.35,2.3,0.012,91,421,21.7,31.8,1,2,1,1,2,3.4,0,Ghat_Road,0.4701,66.8,14.0
Tata,Punch EV,Long Range,30.1,35.0,90,1355,0.35,2.3,0.0122,91,421,17.2,10.1,0,2,2,1,2,4.7,-2,Ghat_Road,0.715,42.1,14.0
Tata,Punch EV,Long Range,32.4,35.0,90,1355,0.35,2.3,0.0122,91,421,30.2,13.9,1,2,0,1,2,2.5,-2,Ghat_Road,0.3557,91.1,14.0
Tata,Punch EV,Long Range,33.1,35.0,90,1355,0.35,2.3,0.012,91,421,17.0,31.8,0,2,0,1,2,1.8,0,Ghat_Road,0.343,96.5,14.0
Tata,Punch EV,Long Range,32.7,35.0,90,1355,0.35,2.3,0.012,91,421,21.3,20.6,0,2,0,1,1,2.2,0,Ghat_Road,0.2902,112.7,14.0
Tata,Punch EV,Long Range,30.8,35.0,90,1355,0.35,2.3,0.0126,91,421,22.2,21.3,0,2,1,0,2,4.0,-5,Ghat_Road,0.3879,79.4,14.0
Tata,Punch EV,Smart,23.8,25.0,60,1280,0.35,2.3,0.012,90,315,34.9,17.6,0,0,1,0,1,1.6,0,Delhi,0.0795,299.25,10.5
Tata,Punch EV,Smart,24.8,25.0,60,1280,0.35,2.3,0.0126,90,315,26.9,11.3,0,0,1,1,4,0.3,-5,Delhi,0.1084,228.7,10.5
Tata,Punch EV,Smart,23.5,25.0,60,1280,0.35,2.3,0.012,90,315,25.4,12.6,0,0,2,1,2,2.0,0,Delhi,0.1538,152.8,10.5
Tata,Punch EV,Smart,23.3,25.0,60,1280,0.35,2.3,0.0126,90,315,33.1,39.5,0,0,1,2,2,2.2,-5,Delhi,0.1073,217.1,10.5
Tata,Punch EV,Smart,21.9,25.0,60,1280,0.35,2.3,0.0126,90,315,31.8,17.0,0,0,2,1,1,4.1,-5,Delhi,0.1628,134.5,10.5
Tata,Punch EV,Smart,22.7,25.0,60,1280,0.35,2.3,0.0122,90,315,30.3,14.6,0,0,2,1,3,3.1,2,Delhi,0.1715,132.4,10.5
Tata,Punch EV,Smart,21.8,25.0,60,1280,0.35,2.3,0.0122,90,315,22.9,11.1,0,0,2,2,3,4.3,-2,Delhi,0.1982,110.0,10.5
Tata,Punch EV,Smart,21.6,25.0,60,1280,0.35,2.3,0.012,90,315,19.2,30.1,0,0,2,1,2,4.5,0,Delhi,0.1508,143.2,10.5
Tata,Punch EV,Smart,23.7,25.0,60,1280,0.35,2.3,0.0122,90,315,26.3,25.9,0,0,1,1,1,1.7,-2,Delhi,0.0857,276.5,10.5
Tata,Punch EV,Smart,24.6,25.0,60,1280,0.35,2.3,0.0122,90,315,27.8,18.5,1,0,0,1,4,0.5,-2,Mumbai,0.0822,299.25,10.5
Tata,Punch EV,Smart,23.0,25.0,60,1280,0.35,2.3,0.012,90,315,21.9,19.0,0,0,2,1,1,2.7,0,Mumbai,0.1294,177.8,10.5
Tata,Punch EV,Smart,22.4,25.0,60,1280,0.35,2.3,0.0122,90,315,27.5,31.0,0,0,2,0,2,3.4,-2,Mumbai,0.1281,174.9,10.5
Tata,Punch EV,Smart,23.1,25.0,60,1280,0.35,2.3,0.012,90,315,15.1,29.6,1,0,1,1,2,2.6,0,Mumbai,0.1622,142.4,10.5
Tata,Punch EV,Smart,24.7,25.0,60,1280,0.35,2.3,0.0122,90,315,18.0,27.8,0,0,2,0,3,0.4,2,Mumbai,0.1342,184.0,10.5
Tata,Punch EV,Smart,23.6,25.0,60,1280,0.35,2.3,0.012,90,315,22.4,21.5,0,0,0,1,4,1.8,0,Mumbai,0.0789,299.25,10.5
Tata,Punch EV,Smart,23.7,25.0,60,1280,0.35,2.3,0.0122,90,315,19.6,34.6,1,0,2,0,2,1.7,2,Mumbai,0.2479,95.6,10.5
Tata,Punch EV,Smart,24.5,25.0,60,1280,0.35,2.3,0.0122,90,315,12.9,27.0,0,0,1,1,3,0.7,-2,Mumbai,0.0924,265.1,10.5
Tata,Punch EV,Smart,24.9,25.0,60,1280,0.35,2.3,0.0126,90,315,16.8,26.4,0,0,2,0,4,0.2,-5,Mumbai,0.1445,172.3,10.5
Tata,Punch EV,Smart,22.5,25.0,60,1280,0.35,2.3,0.012,90,315,19.6,23.3,0,0,2,1,3,3.3,0,Mumbai,0.1459,154.2,10.5
Tata,Punch EV,Smart,23.9,25.0,60,1280,0.35,2.3,0.013,90,315,20.2,21.0,0,1,2,1,1,1.4,-8,Bangalore,0.4099,58.3,10.5
Tata,Punch EV,Smart,21.4,25.0,60,1280,0.35,2.3,0.012,90,315,33.9,31.0,1,1,1,1,2,4.8,0,Bangalore,0.2779,77.0,10.5
Tata,Punch EV,Smart,21.4,25.0,60,1280,0.35,2.3,0.012,90,315,34.1,27.3,1,1,2,1,3,4.8,0,Bangalore,0.4563,46.9,10.5
Tata,Punch EV,Smart,22.5,25.0,60,1280,0.35,2.3,0.0126,90,315,18.4,21.5,0,1,1,1,1,3.3,-5,Bangalore,0.2354,95.6,10.5
Tata,Punch EV,Smart,24.9,25.0,60,1280,0.35,2.3,0.013,90,315,21.3,17.5,1,1,1,0,3,0.1,-8,Bangalore,0.2817,88.4,10.5
Tata,Punch EV,Smart,21.2,25.0,60,1280,0.35,2.3,0.0122,90,315,24.4,33.6,0,1,0,0,5,5.0,-2,Bangalore,0.1618,131.0,10.5
Tata,Punch EV,Smart,21.4,25.0,60,1280,0.35,2.3,0.013,90,315,28.8,36.3,0,1,2,0,2,4.8,-8,Bangalore,0.3508,61.0,10.5
Tata,Punch EV,Smart,24.0,25.0,60,1280,0.35,2.3,0.012,90,315,16.0,25.4,1,1,2,1,2,1.3,0,Bangalore,0.5594,42.9,10.5
Tata,Punch EV,Smart,22.7,25.0,60,1280,0.35,2.3,0.0122,90,315,24.8,35.2,0,0,1,1,2,3.1,2,Chennai,0.0961,236.2,10.5
Tata,Punch EV,Smart,21.7,25.0,60,1280,0.35,2.3,0.0122,90,315,30.7,22.4,0,0,2,1,1,4.4,-2,Chennai,0.1385,156.7,10.5
Tata,Punch EV,Smart,21.9,25.0,60,1280,0.35,2.3,0.012,90,315,26.9,24.6,0,0,2,2,4,4.2,0,Chennai,0.1801,121.6,10.5
Tata,Punch EV,Smart,24.8,25.0,60,1280,0.35,2.3,0.0122,90,315,28.0,40.3,1,0,0,1,3,0.3,-2,Chennai,0.1553,159.7,10.5
Tata,Punch EV,Smart,23.2,25.0,60,1280,0.35,2.3,0.012,90,315,28.7,30.4,0,0,2,1,1,2.4,0,Chennai,0.153,151.6,10.5
Tata,Punch EV,Smart,24.0,25.0,60,1280,0.35,2.3,0.012,90,315,18.5,41.1,1,0,2,1,5,1.3,0,Chennai,0.479,50.1,10.5
Tata,Punch EV,Smart,21.7,25.0,60,1280,0.35,2.3,0.0126,90,315,32.7,27.4,1,0,2,1,2,4.4,-5,Chennai,0.2109,102.9,10.5
Tata,Punch EV,Smart,25.0,25.0,60,1280,0.35,2.3,0.013,90,315,17.9,32.8,0,0,1,1,3,0.0,-8,Chennai,0.0948,263.8,10.5
Tata,Punch EV,Smart,23.5,25.0,60,1280,0.35,2.3,0.0126,90,315,29.3,35.1,0,0,2,0,2,2.0,-5,Chennai,0.1573,149.4,10.5
Tata,Punch EV,Smart,21.6,25.0,60,1280,0.35,2.3,0.012,90,315,22.4,31.8,1,0,1,1,2,4.5,0,Chennai,0.1545,139.8,10.5
Tata,Punch EV,Smart,22.4,25.0,60,1280,0.35,2.3,0.012,90,315,20.5,22.4,0,0,2,1,3,3.4,0,Chennai,0.1504,148.9,10.5
Tata,Punch EV,Smart,21.7,25.0,60,1280,0.35,2.3,0.012,90,315,31.2,32.9,0,0,2,2,2,4.4,0,Chennai,0.1889,114.9,10.5
Tata,Punch EV,Smart,22.5,25.0,60,1280,0.35,2.3,0.0126,90,315,24.7,27.5,0,1,1,1,2,3.3,-5,Pune,0.2514,89.5,10.5
Tata,Punch EV,Smart,21.4,25.0,60,1280,0.35,2.3,0.0122,90,315,27.7,26.0,0,1,0,2,2,4.8,-2,Pune,0.208,102.9,10.5
Tata,Punch EV,Smart,21.9,25.0,60,1280,0.35,2.3,0.013,90,315,30.3,25.9,0,1,2,0,1,4.1,-8,Pune,0.346,63.3,10.5
Tata,Punch EV,Smart,24.5,25.0,60,1280,0.35,2.3,0.012,90,315,18.8,26.3,1,1,1,1,2,0.7,0,Pune,0.2876,85.2,10.5
Tata,Punch EV,Smart,23.4,25.0,60,1280,0.35,2.3,0.0126,90,315,24.9,21.4,1,1,2,0,1,2.1,-5,Pune,0.3842,60.9,10.5
Tata,Punch EV,Smart,23.4,25.0,60,1280,0.35,2.3,0.0122,90,315,18.1,12.3,0,1,1,0,4,2.1,-2,Pune,0.2653,88.2,10.5
Tata,Punch EV,Smart,22.3,25.0,60,1280,0.35,2.3,0.0126,90,315,29.1,18.6,0,1,1,1,1,3.6,-5,Pune,0.223,100.0,10.5
Tata,Punch EV,Smart,21.7,25.0,60,1280,0.35,2.3,0.0122,90,315,37.6,30.6,0,1,1,1,3,4.4,-2,Pune,0.2438,89.0,10.5
Tata,Punch EV,Smart,22.5,25.0,60,1280,0.35,2.3,0.0122,90,315,36.3,32.3,0,1,2,1,1,3.3,-2,Pune,0.3689,61.0,10.5
Tata,Punch EV,Smart,24.7,25.0,60,1280,0.35,2.3,0.012,90,315,28.0,32.8,1,1,1,2,2,0.4,0,Pune,0.358,69.0,10.5
Tata,Punch EV,Smart,23.2,25.0,60,1280,0.35,2.3,0.013,90,315,34.1,19.9,1,1,1,1,3,2.4,-8,Pune,0.2782,83.4,10.5
Tata,Punch EV,Smart,24.1,25.0,60,1280,0.35,2.3,0.012,90,315,23.5,29.1,1,1,0,2,4,1.2,0,Pune,0.2393,100.7,10.5
Tata,Punch EV,Smart,24.0,25.0,60,1280,0.35,2.3,0.0122,90,315,20.0,37.6,0,0,1,0,1,1.3,-2,Hyderabad,0.0802,299.25,10.5
Tata,Punch EV,Smart,21.3,25.0,60,1280,0.35,2.3,0.012,90,315,26.1,22.1,0,0,1,2,1,4.9,0,Hyderabad,0.1022,208.4,10.5
Tata,Punch EV,Smart,24.6,25.0,60,1280,0.35,2.3,0.012,90,315,18.3,37.7,1,0,1,1,1,0.6,0,Hyderabad,0.201,122.4,10.5
Tata,Punch EV,Smart,23.5,25.0,60,1280,0.35,2.3,0.012,90,315,16.2,33.7,1,0,2,1,2,2.0,0,Hyderabad,0.3406,69.0,10.5
Tata,Punch EV,Smart,23.9,25.0,60,1280,0.35,2.3,0.012,90,315,21.8,36.4,1,0,1,1,3,1.4,0,Hyderabad,0.1997,119.7,10.5
Tata,Punch EV,Smart,22.5,25.0,60,1280,0.35,2.3,0.0126,90,315,19.1,16.1,0,0,0,2,2,3.3,-5,Hyderabad,0.0752,299.25,10.5
Tata,Punch EV,Smart,23.9,25.0,60,1280,0.35,2.3,0.0126,90,315,34.9,24.6,1,0,0,0,4,1.5,-5,Hyderabad,0.086,278.0,10.5
Tata,Punch EV,Smart,22.1,25.0,60,1280,0.35,2.3,0.0126,90,315,26.7,30.0,1,0,2,1,1,3.9,-5,Hyderabad,0.2407,91.8,10.5
Tata,Punch EV,Smart,22.2,25.0,60,1280,0.35,2.3,0.013,90,315,32.1,16.4,0,0,2,2,1,3.7,-8,Hyderabad,0.1756,126.4,10.5
Tata,Punch EV,Smart,21.6,25.0,60,1280,0.35,2.3,0.0122,90,315,16.2,42.8,1,0,2,1,1,4.6,-2,Hyderabad,0.4426,48.8,10.5
Tata,Punch EV,Smart,23.4,25.0,60,1280,0.35,2.3,0.0122,90,315,32.2,29.2,0,0,2,0,3,2.1,-2,Hyderabad,0.1364,171.5,10.5
Tata,Punch EV,Smart,24.6,25.0,60,1280,0.35,2.3,0.012,90,315,17.7,24.8,0,0,2,0,4,0.6,0,Hyderabad,0.1591,154.6,10.5
Tata,Punch EV,Smart,23.9,25.0,60,1280,0.35,2.3,0.0122,90,315,15.0,24.9,0,0,1,0,4,1.5,-2,Kolkata,0.0861,277.5,10.5
Tata,Punch EV,Smart,24.9,25.0,60,1280,0.35,2.3,0.012,90,315,20.4,13.6,0,0,2,0,2,0.1,0,Kolkata,0.1332,187.0,10.5
Tata,Punch EV,Smart,24.2,25.0,60,1280,0.35,2.3,0.012,90,315,27.8,30.9,0,0,2,1,4,1.1,0,Kolkata,0.1499,161.4,10.5
Tata,Punch EV,Smart,21.9,25.0,60,1280,0.35,2.3,0.0126,90,315,21.7,16.3,0,0,2,0,4,4.2,-5,Kolkata,0.1398,156.7,10.5
Tata,Punch EV,Smart,24.5,25.0,60,1280,0.35,2.3,0.0126,90,315,18.7,22.7,0,0,1,0,1,0.7,-5,Kolkata,0.0819,299.25,10.5
Tata,Punch EV,Smart,21.6,25.0,60,1280,0.35,2.3,0.012,90,315,17.0,38.8,1,0,1,1,4,4.6,0,Kolkata,0.255,84.7,10.5
Tata,Punch EV,Smart,22.9,25.0,60,1280,0.35,2.3,0.012,90,315,24.2,24.0,0,0,1,2,1,2.8,0,Kolkata,0.0962,238.1,10.5
Tata,Punch EV,Smart,22.5,25.0,60,1280,0.35,2.3,0.0122,90,315,20.3,37.6,1,0,1,0,2,3.3,-2,Kolkata,0.1917,117.4,10.5
Tata,Punch EV,Smart,23.8,25.0,60,1280,0.35,2.3,0.0126,90,315,16.4,15.5,1,0,2,1,2,1.6,-5,Kolkata,0.1881,126.5,10.5
Tata,Punch EV,Smart,23.6,25.0,60,1280,0.35,2.3,0.0126,90,315,24.2,23.2,0,0,1,1,3,1.9,-5,Kolkata,0.0958,246.4,10.5
Tata,Punch EV,Smart,21.4,25.0,60,1280,0.35,2.3,0.0126,90,315,22.9,25.8,0,0,2,1,1,4.8,-5,Kolkata,0.1325,161.5,10.5
Tata,Punch EV,Smart,22.9,25.0,60,1280,0.35,2.3,0.0122,90,315,71.2,31.9,1,0,0,1,4,2.8,-2,Highway_NH,0.1205,190.0,10.5
Tata,Punch EV,Smart,22.4,25.0,60,1280,0.35,2.3,0.0126,90,315,93.1,42.4,1,0,0,1,1,3.4,-5,Highway_NH,0.1913,117.1,10.5
Tata,Punch EV,Smart,21.2,25.0,60,1280,0.35,2.3,0.0122,90,315,85.5,29.5,0,0,0,1,1,5.0,-2,Highway_NH,0.139,152.5,10.5
Tata,Punch EV,Smart,22.6,25.0,60,1280,0.35,2.3,0.0122,90,315,85.6,31.8,1,0,0,1,3,3.2,2,Highway_NH,0.1585,142.6,10.5
Tata,Punch EV,Smart,22.8,25.0,60,1280,0.35,2.3,0.0122,90,315,77.7,24.5,0,0,2,0,2,2.9,2,Highway_NH,0.2457,92.8,10.5
Tata,Punch EV,Smart,22.3,25.0,60,1280,0.35,2.3,0.012,90,315,99.9,18.3,0,0,1,1,4,3.6,0,Highway_NH,0.223,100.0,10.5
Tata,Punch EV,Smart,24.0,25.0,60,1280,0.35,2.3,0.0122,90,315,93.2,42.7,1,0,2,1,2,1.3,-2,Highway_NH,0.4027,59.6,10.5
Tata,Punch EV,Smart,23.1,25.0,60,1280,0.35,2.3,0.012,90,315,73.2,23.0,0,0,1,2,3,2.6,0,Highway_NH,0.1835,125.9,10.5
Tata,Punch EV,Smart,24.5,25.0,60,1280,0.35,2.3,0.012,90,315,84.1,21.1,0,0,0,1,2,0.7,0,Highway_NH,0.1328,184.5,10.5
Tata,Punch EV,Smart,21.9,25.0,60,1280,0.35,2.3,0.0122,90,315,96.2,18.1,0,0,1,1,4,4.1,-2,Highway_NH,0.2197,99.7,10.5
Tata,Punch EV,Smart,24.5,25.0,60,1280,0.35,2.3,0.0126,90,315,79.7,32.3,0,0,1,0,1,0.7,-5,Highway_NH,0.1634,149.9,10.5
Tata,Punch EV,Smart,23.5,25.0,60,1280,0.35,2.3,0.0122,90,315,77.2,36.1,1,0,1,1,2,2.0,-2,Highway_NH,0.1944,120.9,10.5
Tata,Punch EV,Smart,22.8,25.0,60,1280,0.35,2.3,0.0126,90,315,115.2,26.9,0,0,0,2,3,2.9,-5,Expressway,0.231,98.7,10.5
Tata,Punch EV,Smart,22.0,25.0,60,1280,0.35,2.3,0.012,90,315,90.1,35.7,0,0,0,1,2,4.0,0,Expressway,0.1554,141.6,10.5
Tata,Punch EV,Smart,23.6,25.0,60,1280,0.35,2.3,0.0122,90,315,118.5,27.1,0,0,0,1,2,1.8,-2,Expressway,0.1877,125.7,10.5
Tata,Punch EV,Smart,22.8,25.0,60,1280,0.35,2.3,0.0126,90,315,99.8,29.9,1,0,0,0,4,3.0,-5,Expressway,0.1459,156.3,10.5
Tata,Punch EV,Smart,23.9,25.0,60,1280,0.35,2.3,0.0122,90,315,117.3,31.7,1,0,0,0,2,1.4,-2,Expressway,0.2024,118.1,10.5
Tata,Punch EV,Smart,24.1,25.0,60,1280,0.35,2.3,0.0126,90,315,81.3,23.1,1,0,1,1,1,1.2,-5,Expressway,0.1835,131.3,10.5
Tata,Punch EV,Smart,23.3,25.0,60,1280,0.35,2.3,0.0122,90,315,87.7,15.3,0,0,0,0,3,2.3,2,Expressway,0.1241,187.7,10.5
Tata,Punch EV,Smart,23.3,25.0,60,1280,0.35,2.3,0.0122,90,315,118.4,17.8,0,0,1,1,4,2.2,-2,Expressway,0.2841,82.0,10.5
Tata,Punch EV,Smart,24.1,25.0,60,1280,0.35,2.3,0.0122,90,315,86.5,30.4,0,0,0,2,2,1.2,-2,Expressway,0.1582,152.3,10.5
Tata,Punch EV,Smart,22.8,25.0,60,1280,0.35,2.3,0.0122,90,315,38.2,13.2,0,2,1,0,1,2.9,-2,Hill_Station,0.482,47.3,10.5
Tata,Punch EV,Smart,23.2,25.0,60,1280,0.35,2.3,0.012,90,315,28.1,27.5,0,2,2,1,3,2.4,0,Hill_Station,0.7365,31.5,10.5
Tata,Punch EV,Smart,23.1,25.0,60,1280,0.35,2.3,0.012,90,315,22.5,20.6,0,2,1,0,4,2.6,0,Hill_Station,0.4793,48.2,10.5
Tata,Punch EV,Smart,22.6,25.0,60,1280,0.35,2.3,0.012,90,315,29.0,27.9,1,2,1,1,1,3.2,0,Hill_Station,0.5207,43.4,10.5
Tata,Punch EV,Smart,22.4,25.0,60,1280,0.35,2.3,0.0122,90,315,35.5,11.1,0,2,0,1,2,3.4,-2,Hill_Station,0.3727,60.1,10.5
Tata,Punch EV,Smart,22.4,25.0,60,1280,0.35,2.3,0.0126,90,315,31.3,24.1,0,2,2,1,1,3.4,-5,Hill_Station,0.7111,31.5,10.5
Tata,Punch EV,Smart,21.5,25.0,60,1280,0.35,2.3,0.0126,90,315,30.8,13.4,1,2,0,0,2,4.7,-5,Hill_Station,0.386,55.7,10.5
Tata,Punch EV,Smart,23.1,25.0,60,1280,0.35,2.3,0.0122,90,315,32.2,26.2,0,2,2,1,1,2.6,-2,Hill_Station,0.7333,31.5,10.5
Tata,Punch EV,Smart,22.0,25.0,60,1280,0.35,2.3,0.012,90,315,20.4,21.7,0,2,1,0,1,4.0,0,Hill_Station,0.378,58.2,10.5
Tata,Punch EV,Smart,23.6,25.0,60,1280,0.35,2.3,0.012,90,315,22.8,17.6,0,2,2,1,1,1.8,0,Hill_Station,0.7492,31.5,10.5
Tata,Punch EV,Smart,24.2,25.0,60,1280,0.35,2.3,0.013,90,315,54.2,29.4,0,0,0,1,3,1.0,-8,Rural_Road,0.0849,285.2,10.5
Tata,Punch EV,Smart,21.6,25.0,60,1280,0.35,2.3,0.012,90,315,32.2,44.6,0,0,0,2,1,4.5,0,Rural_Road,0.084,257.2,10.5
Tata,Punch EV,Smart,23.3,25.0,60,1280,0.35,2.3,0.0126,90,315,36.3,35.1,0,0,0,2,2,2.3,-5,Rural_Road,0.0782,298.0,10.5
Tata,Punch EV,Smart,23.8,25.0,60,1280,0.35,2.3,0.012,90,315,41.5,40.9,1,0,0,1,4,1.6,0,Rural_Road,0.1567,151.9,10.5
Tata,Punch EV,Smart,22.2,25.0,60,1280,0.35,2.3,0.012,90,315,51.2,38.8,1,0,0,1,1,3.7,0,Rural_Road,0.1128,196.8,10.5
Tata,Punch EV,Smart,22.0,25.0,60,1280,0.35,2.3,0.0126,90,315,35.8,39.1,1,0,0,1,2,4.0,-5,Rural_Road,0.1098,200.4,10.5
Tata,Punch EV,Smart,21.6,25.0,60,1280,0.35,2.3,0.012,90,315,53.3,40.2,1,0,0,1,3,4.6,0,Rural_Road,0.1485,145.5,10.5
Tata,Punch EV,Smart,21.9,25.0,60,1280,0.35,2.3,0.0126,90,315,51.5,16.2,0,0,2,0,4,4.1,-5,Rural_Road,0.1801,121.6,10.5
Tata,Punch EV,Smart,23.3,25.0,60,1280,0.35,2.3,0.0122,90,315,51.8,45.0,1,0,0,0,1,2.3,-2,Rural_Road,0.1225,190.2,10.5
Tata,Punch EV,Smart,24.1,25.0,60,1280,0.35,2.3,0.0122,90,315,26.2,27.2,0,2,0,0,2,1.2,-2,Ghat_Road,0.3453,69.8,10.5
Tata,Punch EV,Smart,24.0,25.0,60,1280,0.35,2.3,0.0122,90,315,17.2,26.8,0,2,2,0,2,1.3,-2,Ghat_Road,0.7317,32.8,10.5
Tata,Punch EV,Smart,21.2,25.0,60,1280,0.35,2.3,0.0122,90,315,27.3,10.2,0,2,0,2,1,5.0,-2,Ghat_Road,0.4093,51.8,10.5
Tata,Punch EV,Smart,22.3,25.0,60,1280,0.35,2.3,0.012,90,315,29.0,30.6,1,2,0,1,1,3.6,0,Ghat_Road,0.3961,56.3,10.5
Tata,Punch EV,Smart,22.8,25.0,60,1280,0.35,2.3,0.0122,90,315,29.3,21.4,1,2,1,2,1,3.0,-2,Ghat_Road,0.5984,38.1,10.5
Tata,Punch EV,Smart,23.6,25.0,60,1280,0.35,2.3,0.013,90,315,17.9,21.2,0,2,1,2,1,1.9,-8,Ghat_Road,0.5687,41.5,10.5
Tata,Punch EV,Smart,24.0,25.0,60,1280,0.35,2.3,0.0126,90,315,28.2,34.8,1,2,0,1,2,1.3,-5,Ghat_Road,0.411,58.4,10.5
Tata,Punch EV,Smart,21.9,25.0,60,1280,0.35,2.3,0.0122,90,315,28.8,19.0,0,2,1,0,4,4.1,2,Ghat_Road,0.4572,47.9,10.5
Tata,Punch EV,Smart,21.6,25.0,60,1280,0.35,2.3,0.0122,90,315,17.2,17.0,0,2,0,1,4,4.5,-2,Ghat_Road,0.3535,61.1,10.5
Tata,Punch EV,Smart,24.2,25.0,60,1280,0.35,2.3,0.012,90,315,18.4,17.4,0,2,2,1,2,1.0,0,Ghat_Road,0.7683,31.5,10.5
Tata,Curvv EV,Long Range,54.8,55.0,150,1780,0.29,2.35,0.011,92,585,34.6,13.5,0,0,2,2,1,0.1,0,Delhi,0.2001,273.9,20.0
Tata,Curvv EV,Long Range,49.1,55.0,150,1780,0.29,2.35,0.0112,92,585,29.0,29.7,0,0,0,0,2,3.6,-2,Delhi,0.0883,555.75,20.0
Tata,Curvv EV,Long Range,46.9,55.0,150,1780,0.29,2.35,0.011,92,585,31.6,28.2,0,0,2,1,2,4.9,0,Delhi,0.1577,297.4,20.0
Tata,Curvv EV,Long Range,53.5,55.0,150,1780,0.29,2.35,0.011,92,585,27.7,25.5,0,0,2,0,2,0.9,0,Delhi,0.1493,358.3,20.0
Tata,Curvv EV,Long Range,47.1,55.0,150,1780,0.29,2.35,0.011,92,585,17.1,27.4,1,0,1,0,2,4.8,0,Delhi,0.1506,312.8,20.0
Tata,Curvv EV,Long Range,47.7,55.0,150,1780,0.29,2.35,0.0116,92,585,27.9,44.5,1,0,1,1,3,4.4,-5,Delhi,0.2421,197.0,20.0
Tata,Curvv EV,Long Range,50.9,55.0,150,1780,0.29,2.35,0.0116,92,585,22.6,35.6,1,0,2,1,4,2.5,-5,Delhi,0.3346,152.1,20.0
Tata,Curvv EV,Long Range,51.7,55.0,150,1780,0.29,2.35,0.011,92,585,18.2,23.0,0,0,2,0,5,2.0,0,Delhi,0.1688,306.2,20.0
Tata,Curvv EV,Long Range,48.4,55.0,150,1780,0.29,2.35,0.0112,92,585,31.1,15.0,0,0,2,1,2,4.0,-2,Delhi,0.1624,298.1,20.0
Tata,Curvv EV,Long Range,47.6,55.0,150,1780,0.29,2.35,0.0112,92,585,33.3,36.2,1,0,1,0,1,4.5,-2,Delhi,0.1581,301.0,20.0
Tata,Curvv EV,Long Range,53.4,55.0,150,1780,0.29,2.35,0.0116,92,585,28.1,16.3,0,0,0,2,2,1.0,-5,Delhi,0.1,534.2,20.0
Tata,Curvv EV,Long Range,47.4,55.0,150,1780,0.29,2.35,0.0112,92,585,32.0,26.6,0,0,2,1,1,4.6,-2,Delhi,0.1702,278.5,20.0
Tata,Curvv EV,Long Range,54.7,55.0,150,1780,0.29,2.35,0.011,92,585,19.0,25.8,0,0,2,1,4,0.2,0,Mumbai,0.1671,327.3,20.0
Tata,Curvv EV,Long Range,48.4,55.0,150,1780,0.29,2.35,0.0116,92,585,17.0,23.9,0,0,2,2,3,4.0,-5,Mumbai,0.1921,251.9,20.0
Tata,Curvv EV,Long Range,50.5,55.0,150,1780,0.29,2.35,0.0112,92,585,14.4,28.0,0,0,1,1,3,2.7,-2,Mumbai,0.1098,459.8,20.0
Tata,Curvv EV,Long Range,49.7,55.0,150,1780,0.29,2.35,0.0116,92,585,21.4,23.0,0,0,1,2,1,3.2,-5,Mumbai,0.1158,429.3,20.0
Tata,Curvv EV,Long Range,51.5,55.0,150,1780,0.29,2.35,0.0112,92,585,18.5,26.0,0,0,2,0,1,2.1,-2,Mumbai,0.1444,356.6,20.0
Tata,Curvv EV,Long Range,54.5,55.0,150,1780,0.29,2.35,0.0112,92,585,14.9,32.0,1,0,1,1,4,0.3,-2,Mumbai,0.2037,267.5,20.0
Tata,Curvv EV,Long Range,51.2,55.0,150,1780,0.29,2.35,0.0112,92,585,13.3,24.5,0,0,2,0,5,2.3,-2,Mumbai,0.1592,321.6,20.0
Tata,Curvv EV,Long Range,53.0,55.0,150,1780,0.29,2.35,0.0116,92,585,19.1,37.3,0,0,2,1,2,1.2,-5,Mumbai,0.1723,307.6,20.0
Tata,Curvv EV,Long Range,50.9,55.0,150,1780,0.29,2.35,0.0112,92,585,15.6,26.0,0,0,1,1,4,2.5,2,Mumbai,0.119,427.9,20.0
Tata,Curvv EV,Long Range,50.9,55.0,150,1780,0.29,2.35,0.011,92,585,27.5,29.1,1,0,1,0,2,2.5,0,Mumbai,0.1265,402.4,20.0
Tata,Curvv EV,Long Range,53.7,55.0,150,1780,0.29,2.35,0.011,92,585,17.7,29.5,0,1,2,1,1,0.8,0,Bangalore,0.4765,112.7,20.0
Tata,Curvv EV,Long Range,50.1,55.0,150,1780,0.29,2.35,0.0116,92,585,30.0,17.9,0,1,0,1,3,3.0,-5,Bangalore,0.2323,215.7,20.0
Tata,Curvv EV,Long Range,48.1,55.0,150,1780,0.29,2.35,0.0116,92,585,30.4,29.3,0,1,1,1,2,4.2,-5,Bangalore,0.2964,162.3,20.0
Tata,Curvv EV,Long Range,46.8,55.0,150,1780,0.29,2.35,0.011,92,585,30.4,17.4,0,1,1,1,1,5.0,0,Bangalore,0.271,172.7,20.0
Tata,Curvv EV,Long Range,54.7,55.0,150,1780,0.29,2.35,0.0116,92,585,28.1,15.0,0,1,2,1,4,0.2,-5,Bangalore,0.5079,107.7,20.0
Tata,Curvv EV,Long Range,46.8,55.0,150,1780,0.29,2.35,0.011,92,585,23.4,22.8,0,1,1,1,2,5.0,0,Bangalore,0.3004,155.8,20.0
Tata,Curvv EV,Long Range,54.3,55.0,150,1780,0.29,2.35,0.011,92,585,28.9,23.4,0,1,1,1,3,0.4,0,Bangalore,0.2943,184.5,20.0
Tata,Curvv EV,Long Range,53.8,55.0,150,1780,0.29,2.35,0.011,92,585,29.2,15.9,0,1,1,2,2,0.7,0,Bangalore,0.3083,174.5,20.0
Tata,Curvv EV,Long Range,49.9,55.0,150,1780,0.29,2.35,0.0112,92,585,28.5,19.6,0,1,0,1,3,3.1,2,Bangalore,0.2155,231.6,20.0
Tata,Curvv EV,Long Range,50.9,55.0,150,1780,0.29,2.35,0.011,92,585,20.9,15.7,0,1,0,1,1,2.5,0,Bangalore,0.2173,234.2,20.0
Tata,Curvv EV,Long Range,51.0,55.0,150,1780,0.29,2.35,0.0112,92,585,28.6,29.6,1,1,2,1,3,2.4,-2,Bangalore,0.5307,96.1,20.0
Tata,Curvv EV,Long Range,48.2,55.0,150,1780,0.29,2.35,0.0119,92,585,15.3,41.9,0,0,1,0,3,4.1,-8,Chennai,0.1132,425.7,20.0
Tata,Curvv EV,Long Range,50.1,55.0,150,1780,0.29,2.35,0.0112,92,585,17.3,27.9,0,0,2,2,2,3.0,-2,Chennai,0.1876,267.0,20.0
Tata,Curvv EV,Long Range,53.7,55.0,150,1780,0.29,2.35,0.0112,92,585,34.0,36.7,0,0,2,1,2,0.8,-2,Chennai,0.1631,329.3,20.0
Tata,Curvv EV,Long Range,54.7,55.0,150,1780,0.29,2.35,0.011,92,585,34.6,33.2,0,0,2,1,2,0.2,0,Chennai,0.168,325.5,20.0
Tata,Curvv EV,Long Range,49.1,55.0,150,1780,0.29,2.35,0.0112,92,585,27.0,27.3,1,0,1,0,2,3.6,-2,Chennai,0.1358,361.5,20.0
Tata,Curvv EV,Long Range,52.7,55.0,150,1780,0.29,2.35,0.011,92,585,34.3,38.4,1,0,2,1,2,1.4,0,Chennai,0.2644,199.3,20.0
Tata,Curvv EV,Long Range,49.4,55.0,150,1780,0.29,2.35,0.0116,92,585,29.4,23.7,0,0,2,0,3,3.4,-5,Chennai,0.1653,298.9,20.0
Tata,Curvv EV,Long Range,47.1,55.0,150,1780,0.29,2.35,0.0119,92,585,24.5,36.9,1,0,2,2,2,4.8,-8,Chennai,0.4103,114.8,20.0
Tata,Curvv EV,Long Range,47.2,55.0,150,1780,0.29,2.35,0.011,92,585,30.1,22.4,0,0,1,0,1,4.7,0,Chennai,0.0849,555.75,20.0
Tata,Curvv EV,Long Range,54.2,55.0,150,1780,0.29,2.35,0.0112,92,585,32.4,30.7,0,0,1,1,2,0.5,-2,Chennai,0.0981,552.5,20.0
Tata,Curvv EV,Long Range,48.6,55.0,150,1780,0.29,2.35,0.0112,92,585,34.6,28.2,0,0,2,2,2,3.9,-2,Chennai,0.1889,257.3,20.0
Tata,Curvv EV,Long Range,52.7,55.0,150,1780,0.29,2.35,0.011,92,585,33.8,39.5,1,0,2,0,3,1.4,0,Chennai,0.2523,208.9,20.0
Tata,Curvv EV,Long Range,52.4,55.0,150,1780,0.29,2.35,0.0116,92,585,29.7,27.9,0,1,2,1,2,1.6,-5,Pune,0.5314,98.6,20.0
Tata,Curvv EV,Long Range,50.9,55.0,150,1780,0.29,2.35,0.0112,92,585,30.9,30.7,0,1,1,1,2,2.5,-2,Pune,0.3142,162.0,20.0
Tata,Curvv EV,Long Range,48.1,55.0,150,1780,0.29,2.35,0.0112,92,585,30.5,20.5,0,1,1,2,3,4.2,-2,Pune,0.3436,140.0,20.0
Tata,Curvv EV,Long Range,47.6,55.0,150,1780,0.29,2.35,0.0119,92,585,32.0,35.2,1,1,2,1,2,4.5,-8,Pune,0.6174,77.1,20.0
Tata,Curvv EV,Long Range,47.6,55.0,150,1780,0.29,2.35,0.0116,92,585,19.8,30.9,0,1,1,2,2,4.5,-5,Pune,0.3625,131.3,20.0
Tata,Curvv EV,Long Range,53.5,55.0,150,1780,0.29,2.35,0.0112,92,585,26.7,37.1,1,1,2,1,2,0.9,-2,Pune,0.5809,92.1,20.0
Tata,Curvv EV,Long Range,54.8,55.0,150,1780,0.29,2.35,0.011,92,585,34.0,33.3,0,1,2,1,2,0.1,0,Pune,0.4684,117.0,20.0
Tata,Curvv EV,Long Range,54.8,55.0,150,1780,0.29,2.35,0.011,92,585,31.3,24.0,0,1,2,2,2,0.1,0,Pune,0.5146,106.5,20.0
Tata,Curvv EV,Long Range,47.6,55.0,150,1780,0.29,2.35,0.011,92,585,37.3,12.1,0,1,2,1,2,4.5,0,Pune,0.5,95.2,20.0
Tata,Curvv EV,Long Range,49.9,55.0,150,1780,0.29,2.35,0.011,92,585,17.8,17.8,0,0,2,1,3,3.1,0,Hyderabad,0.1672,298.5,20.0
Tata,Curvv EV,Long Range,52.2,55.0,150,1780,0.29,2.35,0.011,92,585,29.0,40.0,1,0,2,1,1,1.7,0,Hyderabad,0.3265,159.9,20.0
Tata,Curvv EV,Long Range,51.2,55.0,150,1780,0.29,2.35,0.011,92,585,29.6,40.6,1,0,2,1,3,2.3,0,Hyderabad,0.358,143.0,20.0
Tata,Curvv EV,Long Range,52.7,55.0,150,1780,0.29,2.35,0.011,92,585,31.1,40.0,1,0,2,1,5,1.4,0,Hyderabad,0.3084,170.9,20.0
Tata,Curvv EV,Long Range,48.7,55.0,150,1780,0.29,2.35,0.0112,92,585,33.2,31.2,1,0,1,1,3,3.8,-2,Hyderabad,0.1594,305.5,20.0
Tata,Curvv EV,Long Range,48.2,55.0,150,1780,0.29,2.35,0.011,92,585,19.4,36.2,1,0,1,1,4,4.1,0,Hyderabad,0.2035,236.8,20.0
Tata,Curvv EV,Long Range,51.7,55.0,150,1780,0.29,2.35,0.011,92,585,20.4,22.4,0,0,1,1,2,2.0,0,Hyderabad,0.1011,511.3,20.0
Tata,Curvv EV,Long Range,50.9,55.0,150,1780,0.29,2.35,0.011,92,585,18.4,29.3,1,0,1,0,3,2.5,0,Hyderabad,0.1472,345.8,20.0
Tata,Curvv EV,Long Range,49.4,55.0,150,1780,0.29,2.35,0.0112,92,585,33.3,33.7,0,0,2,0,5,3.4,-2,Hyderabad,0.1579,312.8,20.0
Tata,Curvv EV,Long Range,54.7,55.0,150,1780,0.29,2.35,0.011,92,585,34.9,31.8,1,0,2,1,2,0.2,0,Hyderabad,0.2464,222.0,20.0
Tata,Curvv EV,Long Range,47.9,55.0,150,1780,0.29,2.35,0.011,92,585,16.3,38.2,1,0,2,1,4,4.3,0,Hyderabad,0.3888,123.2,20.0
Tata,Curvv EV,Long Range,54.5,55.0,150,1780,0.29,2.35,0.0116,92,585,22.8,29.5,0,0,2,0,1,0.3,-5,Hyderabad,0.1409,386.9,20.0
Tata,Curvv EV,Long Range,51.5,55.0,150,1780,0.29,2.35,0.0112,92,585,14.1,23.0,0,0,2,2,4,2.1,-2,Kolkata,0.2278,226.1,20.0
Tata,Curvv EV,Long Range,53.5,55.0,150,1780,0.29,2.35,0.011,92,585,20.3,26.9,1,0,2,1,1,0.9,0,Kolkata,0.2512,213.0,20.0
Tata,Curvv EV,Long Range,52.9,55.0,150,1780,0.29,2.35,0.0119,92,585,19.0,32.7,0,0,2,1,2,1.3,-8,Kolkata,0.1632,324.1,20.0
Tata,Curvv EV,Long Range,47.7,55.0,150,1780,0.29,2.35,0.011,92,585,14.2,38.2,0,0,1,1,1,4.4,0,Kolkata,0.0981,486.2,20.0
Tata,Curvv EV,Long Range,53.2,55.0,150,1780,0.29,2.35,0.0119,92,585,22.7,34.3,1,0,2,1,2,1.1,-8,Kolkata,0.2984,178.3,20.0
Tata,Curvv EV,Long Range,54.0,55.0,150,1780,0.29,2.35,0.0112,92,585,12.5,35.7,0,0,1,2,2,0.6,-2,Kolkata,0.1219,442.9,20.0
Tata,Curvv EV,Long Range,52.7,55.0,150,1780,0.29,2.35,0.011,92,585,20.0,41.3,1,0,2,1,1,1.4,0,Kolkata,0.3936,133.9,20.0
Tata,Curvv EV,Long Range,51.0,55.0,150,1780,0.29,2.35,0.0116,92,585,16.2,35.7,1,0,1,1,4,2.4,-5,Kolkata,0.2453,207.9,20.0
Tata,Curvv EV,Long Range,50.9,55.0,150,1780,0.29,2.35,0.011,92,585,18.7,14.5,1,0,1,1,1,2.5,0,Kolkata,0.1222,416.5,20.0
Tata,Curvv EV,Long Range,47.2,55.0,150,1780,0.29,2.35,0.011,92,585,23.2,41.5,1,0,0,0,2,4.7,0,Kolkata,0.1647,286.6,20.0
Tata,Curvv EV,Long Range,47.2,55.0,150,1780,0.29,2.35,0.0116,92,585,13.3,27.0,0,0,2,1,3,4.7,-5,Kolkata,0.1808,261.0,20.0
Tata,Curvv EV,Long Range,54.7,55.0,150,1780,0.29,2.35,0.0112,92,585,91.6,33.3,0,0,1,0,2,0.2,-2,Highway_NH,0.1714,319.2,20.0
Tata,Curvv EV,Long Range,49.1,55.0,150,1780,0.29,2.35,0.011,92,585,83.7,32.5,0,0,2,1,5,3.6,0,Highway_NH,0.2983,164.6,20.0
Tata,Curvv EV,Long Range,50.5,55.0,150,1780,0.29,2.35,0.011,92,585,87.3,34.7,1,0,2,2,3,2.7,0,Highway_NH,0.37,136.5,20.0
Tata,Curvv EV,Long Range,49.1,55.0,150,1780,0.29,2.35,0.0119,92,585,94.6,40.4,1,0,2,2,1,3.6,-8,Highway_NH,0.5062,97.0,20.0
Tata,Curvv EV,Long Range,54.3,55.0,150,1780,0.29,2.35,0.0116,92,585,81.7,42.4,0,0,0,1,2,0.4,-5,Highway_NH,0.1384,392.4,20.0
Tata,Curvv EV,Long Range,51.5,55.0,150,1780,0.29,2.35,0.011,92,585,98.7,31.6,1,0,0,0,1,2.1,0,Highway_NH,0.1548,332.6,20.0
Tata,Curvv EV,Long Range,46.8,55.0,150,1780,0.29,2.35,0.0116,92,585,80.0,33.4,1,0,0,0,4,5.0,-5,Highway_NH,0.1242,376.8,20.0
Tata,Curvv EV,Long Range,51.4,55.0,150,1780,0.29,2.35,0.0112,92,585,87.0,40.8,1,0,0,1,4,2.2,-2,Highway_NH,0.1725,297.9,20.0
Tata,Curvv EV,Long Range,49.9,55.0,150,1780,0.29,2.35,0.0116,92,585,78.5,30.9,0,0,0,1,2,3.1,-5,Highway_NH,0.121,412.3,20.0
Tata,Curvv EV,Long Range,55.0,55.0,150,1780,0.29,2.35,0.011,92,585,96.4,18.0,0,0,1,2,4,0.0,0,Highway_NH,0.2172,253.2,20.0
Tata,Curvv EV,Long Range,50.9,55.0,150,1780,0.29,2.35,0.011,92,585,97.1,33.2,0,0,0,1,5,2.5,0,Highway_NH,0.1652,308.1,20.0
Tata,Curvv EV,Long Range,47.6,55.0,150,1780,0.29,2.35,0.011,92,585,111.5,39.4,0,0,1,1,4,4.5,0,Expressway,0.2155,220.9,20.0
Tata,Curvv EV,Long Range,50.9,55.0,150,1780,0.29,2.35,0.011,92,585,109.8,31.4,0,0,0,1,2,2.5,0,Expressway,0.1633,311.7,20.0
Tata,Curvv EV,Long Range,54.7,55.0,150,1780,0.29,2.35,0.011,92,585,105.8,33.3,1,0,0,2,2,0.2,0,Expressway,0.1917,285.3,20.0
Tata,Curvv EV,Long Range,51.5,55.0,150,1780,0.29,2.35,0.0112,92,585,117.5,22.1,0,0,0,1,1,2.1,-2,Expressway,0.1762,292.2,20.0
Tata,Curvv EV,Long Range,48.9,55.0,150,1780,0.29,2.35,0.0116,92,585,109.8,23.2,0,0,0,1,2,3.7,-5,Expressway,0.172,284.3,20.0
Tata,Curvv EV,Long Range,50.9,55.0,150,1780,0.29,2.35,0.0112,92,585,98.9,17.5,0,0,0,1,1,2.5,-2,Expressway,0.1451,350.7,20.0
Tata,Curvv EV,Long Range,52.9,55.0,150,1780,0.29,2.35,0.0112,92,585,104.9,39.7,1,0,1,0,1,1.3,-2,Expressway,0.2102,251.7,20.0
Tata,Curvv EV,Long Range,52.9,55.0,150,1780,0.29,2.35,0.011,92,585,113.4,36.9,0,0,2,2,2,1.3,0,Expressway,0.4506,117.4,20.0
Tata,Curvv EV,Long Range,49.2,55.0,150,1780,0.29,2.35,0.0119,92,585,98.4,20.0,1,0,0,0,2,3.5,-8,Expressway,0.1315,374.1,20.0
Tata,Curvv EV,Long Range,51.4,55.0,150,1780,0.29,2.35,0.011,92,585,114.1,30.7,0,0,0,0,3,2.2,0,Expressway,0.1651,311.4,20.0
Tata,Curvv EV,Long Range,54.3,55.0,150,1780,0.29,2.35,0.0112,92,585,109.4,30.0,0,0,2,1,2,0.4,-2,Expressway,0.3709,146.4,20.0
Tata,Curvv EV,Long Range,50.9,55.0,150,1780,0.29,2.35,0.0116,92,585,35.9,8.5,0,2,0,1,2,2.5,-5,Hill_Station,0.5173,98.4,20.0
Tata,Curvv EV,Long Range,48.4,55.0,150,1780,0.29,2.35,0.0112,92,585,20.7,12.5,1,2,0,1,2,4.0,-2,Hill_Station,0.4979,97.2,20.0
Tata,Curvv EV,Long Range,52.2,55.0,150,1780,0.29,2.35,0.011,92,585,36.2,6.7,0,2,0,1,3,1.7,0,Hill_Station,0.5236,99.7,20.0
Tata,Curvv EV,Long Range,51.4,55.0,150,1780,0.29,2.35,0.0112,92,585,34.1,18.6,0,2,2,1,4,2.2,-2,Hill_Station,0.8786,58.5,20.0
Tata,Curvv EV,Long Range,52.5,55.0,150,1780,0.29,2.35,0.0116,92,585,20.9,22.9,0,2,2,2,2,1.5,-5,Hill_Station,0.8974,58.5,20.0
Tata,Curvv EV,Long Range,48.9,55.0,150,1780,0.29,2.35,0.0116,92,585,31.3,13.3,0,2,0,0,3,3.7,-5,Hill_Station,0.4286,114.1,20.0
Tata,Curvv EV,Long Range,54.0,55.0,150,1780,0.29,2.35,0.0112,92,585,24.2,20.6,0,2,1,1,2,0.6,-2,Hill_Station,0.6538,82.6,20.0
Tata,Curvv EV,Long Range,47.1,55.0,150,1780,0.29,2.35,0.011,92,585,37.2,17.7,0,2,0,2,1,4.8,0,Hill_Station,0.4995,94.3,20.0
Tata,Curvv EV,Long Range,51.2,55.0,150,1780,0.29,2.35,0.011,92,585,27.8,18.1,0,2,1,1,2,2.3,0,Hill_Station,0.611,83.8,20.0
Tata,Curvv EV,Long Range,51.9,55.0,150,1780,0.29,2.35,0.0119,92,585,49.6,19.5,0,0,0,1,1,1.9,-8,Rural_Road,0.0934,555.75,20.0
Tata,Curvv EV,Long Range,49.9,55.0,150,1780,0.29,2.35,0.0112,92,585,56.9,21.3,0,0,0,0,3,3.1,-2,Rural_Road,0.0898,555.75,20.0
Tata,Curvv EV,Long Range,53.4,55.0,150,1780,0.29,2.35,0.011,92,585,46.4,40.1,1,0,1,0,2,1.0,0,Rural_Road,0.1711,312.1,20.0
Tata,Curvv EV,Long Range,48.7,55.0,150,1780,0.29,2.35,0.011,92,585,56.1,17.3,0,0,1,2,2,3.8,0,Rural_Road,0.136,358.1,20.0
Tata,Curvv EV,Long Range,50.9,55.0,150,1780,0.29,2.35,0.011,92,585,41.9,30.8,1,0,1,2,4,2.5,0,Rural_Road,0.1688,301.5,20.0
Tata,Curvv EV,Long Range,50.4,55.0,150,1780,0.29,2.35,0.0116,92,585,55.1,43.7,1,0,1,0,2,2.8,-5,Rural_Road,0.1727,291.9,20.0
Tata,Curvv EV,Long Range,48.7,55.0,150,1780,0.29,2.35,0.011,92,585,55.4,20.7,0,0,1,2,3,3.8,0,Rural_Road,0.145,335.8,20.0
Tata,Curvv EV,Long Range,49.4,55.0,150,1780,0.29,2.35,0.0119,92,585,32.2,43.1,0,0,0,2,5,3.4,-8,Rural_Road,0.1022,483.6,20.0
Tata,Curvv EV,Long Range,51.4,55.0,150,1780,0.29,2.35,0.0112,92,585,41.5,39.6,0,0,0,1,2,2.2,-2,Rural_Road,0.0925,555.75,20.0
Tata,Curvv EV,Long Range,51.5,55.0,150,1780,0.29,2.35,0.0112,92,585,42.7,27.9,0,0,1,1,1,2.1,-2,Rural_Road,0.1011,509.3,20.0
Tata,Curvv EV,Long Range,49.9,55.0,150,1780,0.29,2.35,0.011,92,585,35.4,17.5,1,0,0,1,4,3.1,0,Rural_Road,0.0898,555.75,20.0
Tata,Curvv EV,Long Range,48.1,55.0,150,1780,0.29,2.35,0.011,92,585,57.7,22.4,0,0,0,1,1,4.2,0,Rural_Road,0.0899,534.9,20.0
Tata,Curvv EV,Long Range,49.1,55.0,150,1780,0.29,2.35,0.011,92,585,32.7,33.9,0,2,0,2,2,3.6,0,Ghat_Road,0.5218,94.1,20.0
Tata,Curvv EV,Long Range,52.4,55.0,150,1780,0.29,2.35,0.0116,92,585,21.5,19.2,0,2,2,0,3,1.6,-5,Ghat_Road,0.8957,58.5,20.0
Tata,Curvv EV,Long Range,53.0,55.0,150,1780,0.29,2.35,0.0116,92,585,15.8,29.1,1,2,2,0,1,1.2,-5,Ghat_Road,0.906,58.5,20.0
Tata,Curvv EV,Long Range,50.1,55.0,150,1780,0.29,2.35,0.011,92,585,25.5,14.1,0,2,2,1,1,3.0,0,Ghat_Road,0.8564,58.5,20.0
Tata,Curvv EV,Long Range,53.7,55.0,150,1780,0.29,2.35,0.0116,92,585,30.5,19.1,0,2,0,0,1,0.8,-5,Ghat_Road,0.3996,134.4,20.0
Tata,Curvv EV,Long Range,49.1,55.0,150,1780,0.29,2.35,0.011,92,585,31.6,26.4,1,2,0,1,1,3.6,0,Ghat_Road,0.4538,108.2,20.0
Tata,Curvv EV,Long Range,53.5,55.0,150,1780,0.29,2.35,0.0119,92,585,15.6,17.1,0,2,2,1,1,0.9,-8,Ghat_Road,0.9145,58.5,20.0
Tata,Curvv EV,Long Range,51.0,55.0,150,1780,0.29,2.35,0.0116,92,585,26.8,29.9,0,2,1,1,2,2.4,-5,Ghat_Road,0.5923,86.1,20.0
Tata,Curvv EV,Long Range,51.4,55.0,150,1780,0.29,2.35,0.0112,92,585,20.4,10.1,0,2,2,2,1,2.2,-2,Ghat_Road,0.8786,58.5,20.0
Tata,Curvv EV,Medium Range,41.6,45.0,120,1720,0.29,2.35,0.0112,92,502,27.7,23.3,0,0,2,2,4,2.5,-2,Delhi,0.1891,220.0,17.5
Tata,Curvv EV,Medium Range,40.3,45.0,120,1720,0.29,2.35,0.0112,92,502,18.9,36.2,0,0,2,1,1,3.5,-2,Delhi,0.1439,280.1,17.5
Tata,Curvv EV,Medium Range,39.7,45.0,120,1720,0.29,2.35,0.011,92,502,16.3,32.0,1,0,2,1,2,3.9,0,Delhi,0.3138,126.5,17.5
Tata,Curvv EV,Medium Range,43.6,45.0,120,1720,0.29,2.35,0.0112,92,502,29.1,14.4,0,0,2,2,3,1.0,-2,Delhi,0.2054,212.3,17.5
Tata,Curvv EV,Medium Range,44.3,45.0,120,1720,0.29,2.35,0.0112,92,502,28.1,13.9,0,0,2,1,1,0.5,2,Delhi,0.1728,256.4,17.5
Tata,Curvv EV,Medium Range,42.3,45.0,120,1720,0.29,2.35,0.0116,92,502,26.0,12.2,0,0,2,0,2,2.0,-5,Delhi,0.155,272.9,17.5
Tata,Curvv EV,Medium Range,38.7,45.0,120,1720,0.29,2.35,0.011,92,502,17.6,42.1,0,0,1,1,4,4.7,0,Delhi,0.1027,376.8,17.5
Tata,Curvv EV,Medium Range,39.9,45.0,120,1720,0.29,2.35,0.0112,92,502,17.1,28.3,0,0,2,1,1,3.8,-2,Delhi,0.1465,272.4,17.5
Tata,Curvv EV,Medium Range,39.9,45.0,120,1720,0.29,2.35,0.0112,92,502,25.1,22.6,1,0,1,2,1,3.8,-2,Delhi,0.1203,331.7,17.5
Tata,Curvv EV,Medium Range,43.4,45.0,120,1720,0.29,2.35,0.0116,92,502,35.0,27.5,0,0,2,1,3,1.2,-5,Delhi,0.1776,244.4,17.5
Tata,Curvv EV,Medium Range,40.0,45.0,120,1720,0.29,2.35,0.011,92,502,22.7,26.1,0,0,1,1,1,3.7,0,Mumbai,0.0909,439.9,17.5
Tata,Curvv EV,Medium Range,43.5,45.0,120,1720,0.29,2.35,0.011,92,502,18.5,19.8,0,0,2,0,1,1.1,0,Mumbai,0.1173,370.9,17.5
Tata,Curvv EV,Medium Range,39.3,45.0,120,1720,0.29,2.35,0.011,92,502,23.0,33.8,1,0,2,1,2,4.2,0,Mumbai,0.2591,151.7,17.5
Tata,Curvv EV,Medium Range,44.6,45.0,120,1720,0.29,2.35,0.011,92,502,17.3,26.7,0,0,2,1,2,0.3,0,Mumbai,0.1475,302.4,17.5
Tata,Curvv EV,Medium Range,42.2,45.0,120,1720,0.29,2.35,0.0112,92,502,12.5,29.9,0,0,1,0,4,2.1,-2,Mumbai,0.0993,424.9,17.5
Tata,Curvv EV,Medium Range,38.9,45.0,120,1720,0.29,2.35,0.011,92,502,15.8,35.3,0,0,1,1,1,4.5,0,Mumbai,0.0921,422.5,17.5
Tata,Curvv EV,Medium Range,42.6,45.0,120,1720,0.29,2.35,0.0119,92,502,29.4,22.9,0,0,1,2,4,1.8,-8,Mumbai,0.1232,345.8,17.5
Tata,Curvv EV,Medium Range,39.2,45.0,120,1720,0.29,2.35,0.0112,92,502,25.9,38.0,1,0,1,0,4,4.3,-2,Mumbai,0.1569,249.9,17.5
Tata,Curvv EV,Medium Range,43.8,45.0,120,1720,0.29,2.35,0.0119,92,502,25.4,31.2,0,0,1,2,2,0.9,-8,Mumbai,0.1159,377.8,17.5
Tata,Curvv EV,Medium Range,40.0,45.0,120,1720,0.29,2.35,0.0112,92,502,19.0,31.1,0,0,1,0,3,3.7,-2,Mumbai,0.0896,446.3,17.5
Tata,Curvv EV,Medium Range,40.4,45.0,120,1720,0.29,2.35,0.0119,92,502,25.7,32.1,0,0,1,1,2,3.4,-8,Mumbai,0.0954,423.4,17.5
Tata,Curvv EV,Medium Range,41.0,45.0,120,1720,0.29,2.35,0.0116,92,502,31.0,28.1,1,1,1,1,1,3.0,-5,Bangalore,0.2939,139.5,17.5
Tata,Curvv EV,Medium Range,44.6,45.0,120,1720,0.29,2.35,0.0119,92,502,25.7,20.9,0,1,2,1,2,0.3,-8,Bangalore,0.4519,98.7,17.5
Tata,Curvv EV,Medium Range,42.3,45.0,120,1720,0.29,2.35,0.0112,92,502,34.9,35.0,1,1,2,0,4,2.0,-2,Bangalore,0.5281,80.1,17.5
Tata,Curvv EV,Medium Range,41.8,45.0,120,1720,0.29,2.35,0.0112,92,502,34.1,36.4,0,1,1,0,4,2.4,-2,Bangalore,0.2579,162.1,17.5
Tata,Curvv EV,Medium Range,44.9,45.0,120,1720,0.29,2.35,0.0112,92,502,16.9,34.4,0,1,1,1,1,0.1,-2,Bangalore,0.2827,158.8,17.5
Tata,Curvv EV,Medium Range,42.6,45.0,120,1720,0.29,2.35,0.0116,92,502,26.5,36.3,0,1,2,2,3,1.8,-5,Bangalore,0.5305,80.3,17.5
Tata,Curvv EV,Medium Range,39.2,45.0,120,1720,0.29,2.35,0.011,92,502,18.4,26.3,0,1,2,1,2,4.3,0,Bangalore,0.4994,78.5,17.5
Tata,Curvv EV,Medium Range,44.7,45.0,120,1720,0.29,2.35,0.0116,92,502,17.2,20.8,0,1,1,1,3,0.2,-5,Bangalore,0.3117,143.4,17.5
Tata,Curvv EV,Medium Range,42.6,45.0,120,1720,0.29,2.35,0.011,92,502,25.2,16.1,0,1,1,1,4,1.8,0,Bangalore,0.2688,158.5,17.5
Tata,Curvv EV,Medium Range,42.0,45.0,120,1720,0.29,2.35,0.0112,92,502,18.1,20.0,0,1,0,1,2,2.2,-2,Bangalore,0.1961,214.2,17.5
Tata,Curvv EV,Medium Range,43.5,45.0,120,1720,0.29,2.35,0.0112,92,502,28.8,24.1,0,0,2,1,2,1.1,-2,Chennai,0.1499,290.2,17.5
Tata,Curvv EV,Medium Range,40.0,45.0,120,1720,0.29,2.35,0.011,92,502,20.5,36.6,0,0,2,1,2,3.7,0,Chennai,0.1465,273.1,17.5
Tata,Curvv EV,Medium Range,38.5,45.0,120,1720,0.29,2.35,0.0112,92,502,33.0,34.7,0,0,0,1,4,4.8,-2,Chennai,0.0807,476.9,17.5
Tata,Curvv EV,Medium Range,40.1,45.0,120,1720,0.29,2.35,0.0116,92,502,19.1,30.8,0,0,2,1,1,3.6,-5,Chennai,0.1501,267.1,17.5
Tata,Curvv EV,Medium Range,38.7,45.0,120,1720,0.29,2.35,0.011,92,502,23.2,40.0,0,0,2,1,4,4.7,0,Chennai,0.1567,246.9,17.5
Tata,Curvv EV,Medium Range,44.9,45.0,120,1720,0.29,2.35,0.0116,92,502,30.3,35.8,0,0,2,0,3,0.1,-5,Chennai,0.1528,293.8,17.5
Tata,Curvv EV,Medium Range,42.0,45.0,120,1720,0.29,2.35,0.011,92,502,30.6,25.2,0,0,0,0,3,2.2,0,Chennai,0.0881,476.9,17.5
Tata,Curvv EV,Medium Range,39.9,45.0,120,1720,0.29,2.35,0.011,92,502,28.4,25.6,0,0,2,1,4,3.8,0,Chennai,0.1648,242.1,17.5
Tata,Curvv EV,Medium Range,43.5,45.0,120,1720,0.29,2.35,0.011,92,502,16.3,33.6,0,0,1,1,3,1.1,0,Chennai,0.0969,449.1,17.5
Tata,Curvv EV,Medium Range,41.1,45.0,120,1720,0.29,2.35,0.0116,92,502,18.7,39.4,0,1,2,2,3,2.9,-5,Pune,0.5196,79.1,17.5
Tata,Curvv EV,Medium Range,42.6,45.0,120,1720,0.29,2.35,0.011,92,502,38.2,18.7,0,1,1,1,4,1.8,0,Pune,0.3021,141.0,17.5
Tata,Curvv EV,Medium Range,41.0,45.0,120,1720,0.29,2.35,0.0116,92,502,28.7,35.4,0,1,1,0,2,3.0,-5,Pune,0.2597,157.9,17.5
Tata,Curvv EV,Medium Range,43.8,45.0,120,1720,0.29,2.35,0.011,92,502,23.6,12.2,0,1,1,2,5,0.9,0,Pune,0.3825,114.5,17.5
Tata,Curvv EV,Medium Range,41.6,45.0,120,1720,0.29,2.35,0.0116,92,502,38.5,13.5,0,1,1,1,1,2.5,-5,Pune,0.3004,138.5,17.5
Tata,Curvv EV,Medium Range,39.3,45.0,120,1720,0.29,2.35,0.0112,92,502,32.0,35.6,1,1,0,1,3,4.2,-2,Pune,0.2937,133.8,17.5
Tata,Curvv EV,Medium Range,40.5,45.0,120,1720,0.29,2.35,0.011,92,502,18.4,27.2,0,1,2,1,2,3.3,0,Pune,0.505,80.2,17.5
Tata,Curvv EV,Medium Range,38.9,45.0,120,1720,0.29,2.35,0.0119,92,502,25.9,25.3,0,1,1,1,3,4.5,-8,Pune,0.2835,137.2,17.5
Tata,Curvv EV,Medium Range,42.7,45.0,120,1720,0.29,2.35,0.011,92,502,26.8,22.2,1,1,2,2,2,1.7,0,Pune,0.5214,81.9,17.5
Tata,Curvv EV,Medium Range,44.5,45.0,120,1720,0.29,2.35,0.0112,92,502,22.5,37.1,0,1,2,1,1,0.4,-2,Pune,0.4267,104.3,17.5
Tata,Curvv EV,Medium Range,38.5,45.0,120,1720,0.29,2.35,0.011,92,502,31.3,22.9,0,0,2,1,1,4.8,0,Hyderabad,0.1548,248.7,17.5
Tata,Curvv EV,Medium Range,38.9,45.0,120,1720,0.29,2.35,0.0112,92,502,27.3,21.2,1,0,0,1,1,4.5,-2,Hyderabad,0.0816,476.9,17.5
Tata,Curvv EV,Medium Range,44.7,45.0,120,1720,0.29,2.35,0.0116,92,502,21.2,23.6,0,0,2,1,1,0.2,-5,Hyderabad,0.1473,303.4,17.5
Tata,Curvv EV,Medium Range,41.6,45.0,120,1720,0.29,2.35,0.0112,92,502,17.8,16.4,0,0,2,0,1,2.5,-2,Hyderabad,0.1351,307.9,17.5
Tata,Curvv EV,Medium Range,44.9,45.0,120,1720,0.29,2.35,0.0116,92,502,17.6,35.5,0,0,2,1,4,0.1,-5,Hyderabad,0.1724,260.5,17.5
Tata,Curvv EV,Medium Range,39.3,45.0,120,1720,0.29,2.35,0.011,92,502,23.9,41.5,1,0,1,2,1,4.2,0,Hyderabad,0.2615,150.3,17.5
Tata,Curvv EV,Medium Range,39.2,45.0,120,1720,0.29,2.35,0.0112,92,502,18.2,29.1,0,0,1,1,4,4.3,-2,Hyderabad,0.0971,403.8,17.5
Tata,Curvv EV,Medium Range,39.2,45.0,120,1720,0.29,2.35,0.011,92,502,34.0,39.4,0,0,1,0,1,4.3,0,Hyderabad,0.085,461.0,17.5
Tata,Curvv EV,Medium Range,44.7,45.0,120,1720,0.29,2.35,0.011,92,502,17.5,33.3,0,0,0,2,2,0.2,0,Hyderabad,0.0937,476.9,17.5
Tata,Curvv EV,Medium Range,42.7,45.0,120,1720,0.29,2.35,0.0119,92,502,19.9,36.2,0,0,1,1,5,1.7,-8,Hyderabad,0.113,377.9,17.5
Tata,Curvv EV,Medium Range,39.2,45.0,120,1720,0.29,2.35,0.011,92,502,20.5,27.2,1,0,0,2,3,4.3,0,Hyderabad,0.12,326.6,17.5
Tata,Curvv EV,Medium Range,42.0,45.0,120,1720,0.29,2.35,0.0112,92,502,29.5,25.7,0,0,0,1,2,2.2,2,Hyderabad,0.0881,476.9,17.5
Tata,Curvv EV,Medium Range,42.2,45.0,120,1720,0.29,2.35,0.0116,92,502,16.3,15.8,0,0,2,2,5,2.1,-5,Kolkata,0.1875,225.1,17.5
Tata,Curvv EV,Medium Range,44.2,45.0,120,1720,0.29,2.35,0.0112,92,502,15.1,37.2,0,0,2,1,2,0.6,-2,Kolkata,0.1536,287.7,17.5
Tata,Curvv EV,Medium Range,39.9,45.0,120,1720,0.29,2.35,0.011,92,502,21.3,14.6,0,0,2,1,1,3.8,0,Kolkata,0.151,264.2,17.5
Tata,Curvv EV,Medium Range,43.6,45.0,120,1720,0.29,2.35,0.0112,92,502,13.6,36.9,0,0,1,0,2,1.0,-2,Kolkata,0.0914,476.9,17.5
Tata,Curvv EV,Medium Range,38.5,45.0,120,1720,0.29,2.35,0.0112,92,502,26.4,24.8,1,0,1,0,1,4.8,-2,Kolkata,0.0932,413.3,17.5
Tata,Curvv EV,Medium Range,40.8,45.0,120,1720,0.29,2.35,0.011,92,502,18.6,36.9,1,0,2,2,1,3.1,0,Kolkata,0.3601,113.3,17.5
Tata,Curvv EV,Medium Range,42.8,45.0,120,1720,0.29,2.35,0.011,92,502,19.5,22.9,0,0,1,0,2,1.6,0,Kolkata,0.0897,476.9,17.5
Tata,Curvv EV,Medium Range,44.6,45.0,120,1720,0.29,2.35,0.011,92,502,14.1,32.2,0,0,0,0,4,0.3,0,Kolkata,0.0935,476.9,17.5
Tata,Curvv EV,Medium Range,42.4,45.0,120,1720,0.29,2.35,0.0112,92,502,23.6,17.5,0,0,2,2,3,1.9,-2,Kolkata,0.1875,226.1,17.5
Tata,Curvv EV,Medium Range,40.1,45.0,120,1720,0.29,2.35,0.0116,92,502,22.8,28.3,1,0,2,1,4,3.6,-5,Kolkata,0.2451,163.6,17.5
Tata,Curvv EV,Medium Range,38.2,45.0,120,1720,0.29,2.35,0.011,92,502,19.8,22.4,0,0,2,1,3,5.0,0,Kolkata,0.1537,248.5,17.5
Tata,Curvv EV,Medium Range,40.8,45.0,120,1720,0.29,2.35,0.011,92,502,73.3,41.4,0,0,0,1,2,3.1,0,Highway_NH,0.1143,357.0,17.5
Tata,Curvv EV,Medium Range,40.4,45.0,120,1720,0.29,2.35,0.011,92,502,81.3,37.2,1,0,1,1,4,3.4,0,Highway_NH,0.18,224.4,17.5
Tata,Curvv EV,Medium Range,38.5,45.0,120,1720,0.29,2.35,0.011,92,502,81.0,39.1,1,0,1,1,2,4.8,0,Highway_NH,0.1838,209.5,17.5
Tata,Curvv EV,Medium Range,44.2,45.0,120,1720,0.29,2.35,0.0116,92,502,85.2,40.5,1,0,2,1,4,0.6,-5,Highway_NH,0.3891,113.6,17.5
Tata,Curvv EV,Medium Range,41.2,45.0,120,1720,0.29,2.35,0.0116,92,502,88.4,28.9,1,0,0,0,4,2.8,-5,Highway_NH,0.1221,337.4,17.5
Tata,Curvv EV,Medium Range,42.2,45.0,120,1720,0.29,2.35,0.011,92,502,95.8,33.2,0,0,1,0,4,2.1,0,Highway_NH,0.1639,257.5,17.5
Tata,Curvv EV,Medium Range,39.9,45.0,120,1720,0.29,2.35,0.011,92,502,77.9,28.0,1,0,1,1,1,3.8,0,Highway_NH,0.1649,241.9,17.5
Tata,Curvv EV,Medium Range,41.6,45.0,120,1720,0.29,2.35,0.0112,92,502,73.8,16.1,0,0,2,1,2,2.5,-2,Highway_NH,0.2212,188.1,17.5
Tata,Curvv EV,Medium Range,39.7,45.0,120,1720,0.29,2.35,0.0116,92,502,89.2,41.8,1,0,1,1,1,3.9,-5,Highway_NH,0.2214,179.3,17.5
Tata,Curvv EV,Medium Range,43.2,45.0,120,1720,0.29,2.35,0.0119,92,502,92.8,29.4,1,0,1,0,3,1.3,-8,Highway_NH,0.1773,243.7,17.5
Tata,Curvv EV,Medium Range,43.9,45.0,120,1720,0.29,2.35,0.011,92,502,94.2,40.1,1,0,2,1,2,0.8,0,Highway_NH,0.3739,117.4,17.5
Tata,Curvv EV,Medium Range,38.8,45.0,120,1720,0.29,2.35,0.011,92,502,81.0,21.2,0,0,2,1,1,4.6,0,Expressway,0.2489,155.9,17.5
Tata,Curvv EV,Medium Range,43.1,45.0,120,1720,0.29,2.35,0.0112,92,502,111.6,39.6,1,0,0,1,2,1.4,-2,Expressway,0.1733,248.7,17.5
Tata,Curvv EV,Medium Range,40.8,45.0,120,1720,0.29,2.35,0.0112,92,502,115.4,42.3,1,0,1,1,3,3.1,-2,Expressway,0.2857,142.8,17.5
Tata,Curvv EV,Medium Range,42.4,45.0,120,1720,0.29,2.35,0.0112,92,502,100.2,18.7,0,0,1,2,1,1.9,-2,Expressway,0.2108,201.1,17.5
Tata,Curvv EV,Medium Range,42.4,45.0,120,1720,0.29,2.35,0.011,92,502,115.6,17.2,0,0,0,2,5,1.9,0,Expressway,0.2264,187.3,17.5
Tata,Curvv EV,Medium Range,40.3,45.0,120,1720,0.29,2.35,0.0112,92,502,116.6,31.2,1,0,1,0,2,3.5,2,Expressway,0.2299,175.3,17.5
Tata,Curvv EV,Medium Range,43.5,45.0,120,1720,0.29,2.35,0.011,92,502,88.8,42.2,1,0,0,1,2,1.1,0,Expressway,0.1659,262.2,17.5
Tata,Curvv EV,Medium Range,44.3,45.0,120,1720,0.29,2.35,0.0112,92,502,91.3,21.0,0,0,1,0,3,0.5,-2,Expressway,0.1574,281.5,17.5
Tata,Curvv EV,Medium Range,38.9,45.0,120,1720,0.29,2.35,0.011,92,502,90.4,38.2,1,0,1,1,4,4.5,0,Expressway,0.2228,174.6,17.5
Tata,Curvv EV,Medium Range,38.2,45.0,120,1720,0.29,2.35,0.011,92,502,26.9,17.4,0,2,0,1,4,5.0,0,Hill_Station,0.406,94.1,17.5
Tata,Curvv EV,Medium Range,43.9,45.0,120,1720,0.29,2.35,0.0116,92,502,33.0,14.6,0,2,0,1,3,0.8,-5,Hill_Station,0.448,98.0,17.5
Tata,Curvv EV,Medium Range,44.2,45.0,120,1720,0.29,2.35,0.011,92,502,31.4,17.3,0,2,1,0,3,0.6,0,Hill_Station,0.6182,71.5,17.5
Tata,Curvv EV,Medium Range,38.8,45.0,120,1720,0.29,2.35,0.0112,92,502,36.1,22.5,0,2,2,2,4,4.6,-2,Hill_Station,0.7729,50.2,17.5
Tata,Curvv EV,Medium Range,44.6,45.0,120,1720,0.29,2.35,0.0119,92,502,39.9,19.8,1,2,1,0,4,0.3,-8,Hill_Station,0.5486,81.3,17.5
Tata,Curvv EV,Medium Range,38.9,45.0,120,1720,0.29,2.35,0.0112,92,502,28.0,23.4,0,2,0,2,4,4.5,-2,Hill_Station,0.5243,74.2,17.5
Tata,Curvv EV,Medium Range,40.3,45.0,120,1720,0.29,2.35,0.0119,92,502,37.4,6.9,0,2,2,1,3,3.5,-8,Hill_Station,0.8028,50.2,17.5
Tata,Curvv EV,Medium Range,43.9,45.0,120,1720,0.29,2.35,0.011,92,502,20.4,29.1,0,2,0,0,1,0.8,0,Hill_Station,0.3616,121.4,17.5
Tata,Curvv EV,Medium Range,39.1,45.0,120,1720,0.29,2.35,0.0112,92,502,34.3,12.4,0,2,1,1,4,4.4,-2,Hill_Station,0.6399,61.1,17.5
Tata,Curvv EV,Medium Range,41.8,45.0,120,1720,0.29,2.35,0.011,92,502,23.7,5.1,0,2,2,2,1,2.4,0,Hill_Station,0.8327,50.2,17.5
Tata,Curvv EV,Medium Range,40.1,45.0,120,1720,0.29,2.35,0.011,92,502,41.2,16.2,0,0,0,2,1,3.6,0,Rural_Road,0.0841,476.9,17.5
Tata,Curvv EV,Medium Range,41.1,45.0,120,1720,0.29,2.35,0.011,92,502,54.5,25.2,0,0,0,1,3,2.9,0,Rural_Road,0.0906,453.8,17.5
Tata,Curvv EV,Medium Range,43.4,45.0,120,1720,0.29,2.35,0.0119,92,502,35.7,30.5,0,0,2,0,1,1.2,-8,Rural_Road,0.1384,313.6,17.5
Tata,Curvv EV,Medium Range,44.3,45.0,120,1720,0.29,2.35,0.011,92,502,46.0,37.0,1,0,2,1,3,0.5,0,Rural_Road,0.2586,171.3,17.5
Tata,Curvv EV,Medium Range,44.7,45.0,120,1720,0.29,2.35,0.0112,92,502,42.8,31.6,0,0,0,1,3,0.2,2,Rural_Road,0.0937,476.9,17.5
Tata,Curvv EV,Medium Range,39.6,45.0,120,1720,0.29,2.35,0.0116,92,502,46.9,40.8,1,0,1,1,2,4.0,-5,Rural_Road,0.1867,212.1,17.5
Tata,Curvv EV,Medium Range,44.9,45.0,120,1720,0.29,2.35,0.0112,92,502,58.2,10.5,0,0,1,0,1,0.1,-2,Rural_Road,0.1174,382.4,17.5
Tata,Curvv EV,Medium Range,43.1,45.0,120,1720,0.29,2.35,0.011,92,502,31.0,26.6,0,0,0,0,4,1.4,0,Rural_Road,0.0904,476.9,17.5
Tata,Curvv EV,Medium Range,42.0,45.0,120,1720,0.29,2.35,0.0112,92,502,17.4,10.2,0,2,1,2,5,2.2,-2,Ghat_Road,0.8155,51.5,17.5
Tata,Curvv EV,Medium Range,40.3,45.0,120,1720,0.29,2.35,0.011,92,502,21.7,13.1,0,2,1,0,4,3.5,0,Ghat_Road,0.5962,67.6,17.5
Tata,Curvv EV,Medium Range,40.0,45.0,120,1720,0.29,2.35,0.011,92,502,16.9,26.6,0,2,1,2,5,3.7,0,Ghat_Road,0.6957,57.5,17.5
Tata,Curvv EV,Medium Range,41.2,45.0,120,1720,0.29,2.35,0.011,92,502,27.3,28.0,1,2,2,0,1,2.8,0,Ghat_Road,0.8207,50.2,17.5
Tata,Curvv EV,Medium Range,44.9,45.0,120,1720,0.29,2.35,0.0112,92,502,34.6,15.8,0,2,0,2,1,0.1,-2,Ghat_Road,0.4326,103.8,17.5
Tata,Curvv EV,Medium Range,40.3,45.0,120,1720,0.29,2.35,0.0119,92,502,23.8,30.4,0,2,1,1,2,3.5,-8,Ghat_Road,0.5733,70.3,17.5
Tata,Curvv EV,Medium Range,42.7,45.0,120,1720,0.29,2.35,0.011,92,502,19.8,12.3,0,2,0,2,4,1.7,0,Ghat_Road,0.5833,73.2,17.5
Tata,Curvv EV,Medium Range,41.1,45.0,120,1720,0.29,2.35,0.0119,92,502,22.2,12.2,1,2,2,0,1,2.9,-8,Ghat_Road,0.8187,50.2,17.5
Tata,Curvv EV,Medium Range,42.8,45.0,120,1720,0.29,2.35,0.011,92,502,17.0,21.3,0,2,2,1,1,1.6,0,Ghat_Road,0.8526,50.2,17.5
Tata,Curvv EV,Medium Range,44.3,45.0,120,1720,0.29,2.35,0.0112,92,502,28.9,20.0,0,2,0,1,1,0.5,-2,Ghat_Road,0.3826,115.8,17.5
Tata,Curvv EV,Medium Range,40.4,45.0,120,1720,0.29,2.35,0.0116,92,502,29.5,20.7,0,2,2,0,1,3.4,-5,Ghat_Road,0.8048,50.2,17.5
Tata,Harrier EV,Long Range,58.9,60.0,165,1950,0.31,2.55,0.013,92,500,28.6,30.0,0,0,2,0,1,0.6,-8,Delhi,0.165,357.0,30.0
Tata,Harrier EV,Long Range,57.7,60.0,165,1950,0.31,2.55,0.012,92,500,33.6,39.3,0,0,1,0,4,1.3,0,Delhi,0.1215,475.0,30.0
Tata,Harrier EV,Long Range,59.5,60.0,165,1950,0.31,2.55,0.0126,92,500,26.5,12.6,0,0,2,2,2,0.3,-5,Delhi,0.2255,263.9,30.0
Tata,Harrier EV,Long Range,58.0,60.0,165,1950,0.31,2.55,0.012,92,500,20.1,23.9,0,0,2,0,5,1.1,0,Delhi,0.1659,349.7,30.0
Tata,Harrier EV,Long Range,53.5,60.0,165,1950,0.31,2.55,0.012,92,500,27.5,30.6,0,0,1,2,2,3.6,0,Delhi,0.1264,423.2,30.0
Tata,Harrier EV,Long Range,51.9,60.0,165,1950,0.31,2.55,0.0126,92,500,19.6,46.8,1,0,2,1,2,4.5,-5,Delhi,0.4361,119.0,30.0
Tata,Harrier EV,Long Range,54.2,60.0,165,1950,0.31,2.55,0.013,92,500,26.3,26.2,0,0,1,1,2,3.2,-8,Delhi,0.1141,475.0,30.0
Tata,Harrier EV,Long Range,56.2,60.0,165,1950,0.31,2.55,0.012,92,500,26.2,34.9,0,0,2,2,1,2.1,0,Delhi,0.1855,302.9,30.0
Tata,Harrier EV,Long Range,58.2,60.0,165,1950,0.31,2.55,0.0126,92,500,12.6,26.8,0,0,2,1,2,1.0,-5,Mumbai,0.1901,306.1,30.0
Tata,Harrier EV,Long Range,58.7,60.0,165,1950,0.31,2.55,0.0126,92,500,23.0,30.5,0,0,2,1,1,0.7,-5,Mumbai,0.179,327.9,30.0
Tata,Harrier EV,Long Range,58.9,60.0,165,1950,0.31,2.55,0.0122,92,500,12.9,24.8,0,0,2,0,1,0.6,-2,Mumbai,0.1521,387.2,30.0
Tata,Harrier EV,Long Range,53.5,60.0,165,1950,0.31,2.55,0.012,92,500,17.3,35.0,1,0,2,0,1,3.6,0,Mumbai,0.3369,158.8,30.0
Tata,Harrier EV,Long Range,52.6,60.0,165,1950,0.31,2.55,0.012,92,500,19.6,24.9,0,0,2,2,1,4.1,0,Mumbai,0.1918,274.3,30.0
Tata,Harrier EV,Long Range,54.4,60.0,165,1950,0.31,2.55,0.012,92,500,16.8,24.6,0,0,2,1,2,3.1,0,Mumbai,0.1703,319.4,30.0
Tata,Harrier EV,Long Range,54.8,60.0,165,1950,0.31,2.55,0.0122,92,500,12.6,34.7,0,0,1,1,1,2.9,-2,Mumbai,0.1154,475.0,30.0
Tata,Harrier EV,Long Range,53.7,60.0,165,1950,0.31,2.55,0.0122,92,500,14.8,22.2,0,0,2,1,3,3.5,-2,Mumbai,0.1803,297.9,30.0
Tata,Harrier EV,Long Range,56.6,60.0,165,1950,0.31,2.55,0.0122,92,500,12.2,29.9,1,0,1,1,1,1.9,-2,Mumbai,0.1928,293.5,30.0
Tata,Harrier EV,Long Range,59.1,60.0,165,1950,0.31,2.55,0.012,92,500,22.5,33.5,1,1,2,1,1,0.5,0,Bangalore,0.6049,97.7,30.0
Tata,Harrier EV,Long Range,55.3,60.0,165,1950,0.31,2.55,0.0122,92,500,25.3,24.8,0,1,1,1,4,2.6,-2,Bangalore,0.3167,174.6,30.0
Tata,Harrier EV,Long Range,54.6,60.0,165,1950,0.31,2.55,0.012,92,500,29.1,16.7,0,1,2,1,2,3.0,0,Bangalore,0.5037,108.4,30.0
Tata,Harrier EV,Long Range,52.1,60.0,165,1950,0.31,2.55,0.013,92,500,25.1,36.3,1,1,2,1,5,4.4,-8,Bangalore,0.6521,79.9,30.0
Tata,Harrier EV,Long Range,51.2,60.0,165,1950,0.31,2.55,0.0122,92,500,19.7,28.4,0,1,1,1,5,4.9,-2,Bangalore,0.3037,168.6,30.0
Tata,Harrier EV,Long Range,53.0,60.0,165,1950,0.31,2.55,0.0122,92,500,16.5,17.3,1,1,1,0,2,3.9,-2,Bangalore,0.2904,182.5,30.0
Tata,Harrier EV,Long Range,57.1,60.0,165,1950,0.31,2.55,0.012,92,500,32.0,25.7,0,1,1,0,1,1.6,0,Bangalore,0.2658,214.8,30.0
Tata,Harrier EV,Long Range,58.9,60.0,165,1950,0.31,2.55,0.012,92,500,16.1,37.8,0,1,0,2,1,0.6,0,Bangalore,0.2389,246.5,30.0
Tata,Harrier EV,Long Range,52.8,60.0,165,1950,0.31,2.55,0.0122,92,500,28.4,19.8,0,1,2,1,2,4.0,-2,Bangalore,0.4866,108.5,30.0
Tata,Harrier EV,Long Range,56.0,60.0,165,1950,0.31,2.55,0.012,92,500,27.7,21.9,0,1,2,1,3,2.2,0,Bangalore,0.5059,110.7,30.0
Tata,Harrier EV,Long Range,53.7,60.0,165,1950,0.31,2.55,0.012,92,500,17.4,23.4,0,1,2,0,4,3.5,0,Bangalore,0.4574,117.4,30.0
Tata,Harrier EV,Long Range,58.0,60.0,165,1950,0.31,2.55,0.0122,92,500,19.3,40.9,0,0,2,1,5,1.1,-2,Chennai,0.1938,299.3,30.0
Tata,Harrier EV,Long Range,55.9,60.0,165,1950,0.31,2.55,0.012,92,500,15.2,27.8,0,0,0,1,5,2.3,0,Chennai,0.1177,475.0,30.0
Tata,Harrier EV,Long Range,55.9,60.0,165,1950,0.31,2.55,0.0122,92,500,19.1,30.6,1,0,2,1,1,2.3,2,Chennai,0.2776,201.4,30.0
Tata,Harrier EV,Long Range,56.8,60.0,165,1950,0.31,2.55,0.012,92,500,18.4,32.1,0,0,2,1,3,1.8,0,Chennai,0.1833,309.9,30.0
Tata,Harrier EV,Long Range,60.0,60.0,165,1950,0.31,2.55,0.0122,92,500,33.1,30.0,0,0,2,2,4,0.0,-2,Chennai,0.2228,269.3,30.0
Tata,Harrier EV,Long Range,51.2,60.0,165,1950,0.31,2.55,0.013,92,500,17.3,37.8,0,0,2,0,3,4.9,-8,Chennai,0.1697,301.7,30.0
Tata,Harrier EV,Long Range,52.4,60.0,165,1950,0.31,2.55,0.013,92,500,28.9,38.6,1,0,2,2,2,4.2,-8,Chennai,0.3756,139.5,30.0
Tata,Harrier EV,Long Range,52.3,60.0,165,1950,0.31,2.55,0.012,92,500,30.8,38.2,1,0,1,0,3,4.3,0,Chennai,0.1633,320.3,30.0
Tata,Harrier EV,Long Range,57.7,60.0,165,1950,0.31,2.55,0.012,92,500,30.8,29.9,0,0,2,1,2,1.3,0,Chennai,0.1728,334.0,30.0
Tata,Harrier EV,Long Range,59.5,60.0,165,1950,0.31,2.55,0.012,92,500,31.6,34.2,1,0,1,1,4,0.3,0,Chennai,0.1743,341.4,30.0
Tata,Harrier EV,Long Range,54.8,60.0,165,1950,0.31,2.55,0.0122,92,500,33.7,33.0,0,1,0,2,2,2.9,-2,Pune,0.2538,215.9,30.0
Tata,Harrier EV,Long Range,55.1,60.0,165,1950,0.31,2.55,0.0122,92,500,18.3,27.4,0,1,1,2,3,2.7,2,Pune,0.3468,158.9,30.0
Tata,Harrier EV,Long Range,53.3,60.0,165,1950,0.31,2.55,0.0122,92,500,31.2,35.2,1,1,1,1,1,3.7,-2,Pune,0.352,151.4,30.0
Tata,Harrier EV,Long Range,58.9,60.0,165,1950,0.31,2.55,0.012,92,500,22.2,20.5,0,1,1,1,3,0.6,0,Pune,0.3125,188.5,30.0
Tata,Harrier EV,Long Range,56.8,60.0,165,1950,0.31,2.55,0.0122,92,500,20.2,39.2,1,1,0,1,3,1.8,2,Pune,0.3028,187.6,30.0
Tata,Harrier EV,Long Range,55.3,60.0,165,1950,0.31,2.55,0.013,92,500,23.8,38.2,1,1,2,1,2,2.6,-8,Pune,0.646,85.6,30.0
Tata,Harrier EV,Long Range,52.4,60.0,165,1950,0.31,2.55,0.0122,92,500,28.6,19.1,0,1,2,0,1,4.2,-2,Pune,0.4132,126.8,30.0
Tata,Harrier EV,Long Range,56.2,60.0,165,1950,0.31,2.55,0.0122,92,500,21.4,16.3,0,1,2,2,1,2.1,-2,Pune,0.57,98.6,30.0
Tata,Harrier EV,Long Range,52.8,60.0,165,1950,0.31,2.55,0.0122,92,500,29.6,25.0,0,0,0,2,4,4.0,-2,Hyderabad,0.1112,475.0,30.0
Tata,Harrier EV,Long Range,53.7,60.0,165,1950,0.31,2.55,0.0126,92,500,19.4,23.3,0,0,1,1,3,3.5,-5,Hyderabad,0.1131,475.0,30.0
Tata,Harrier EV,Long Range,56.6,60.0,165,1950,0.31,2.55,0.012,92,500,23.6,30.3,1,0,1,1,3,1.9,0,Hyderabad,0.1659,341.2,30.0
Tata,Harrier EV,Long Range,52.8,60.0,165,1950,0.31,2.55,0.0126,92,500,19.2,16.8,0,0,2,0,1,4.0,-5,Hyderabad,0.1628,324.4,30.0
Tata,Harrier EV,Long Range,53.5,60.0,165,1950,0.31,2.55,0.012,92,500,21.0,32.4,0,0,2,2,2,3.6,0,Hyderabad,0.1963,272.6,30.0
Tata,Harrier EV,Long Range,58.2,60.0,165,1950,0.31,2.55,0.013,92,500,22.5,20.2,0,0,2,1,5,1.0,-8,Hyderabad,0.2179,267.1,30.0
Tata,Harrier EV,Long Range,54.2,60.0,165,1950,0.31,2.55,0.013,92,500,34.8,23.3,0,0,1,0,4,3.2,-8,Hyderabad,0.118,459.5,30.0
Tata,Harrier EV,Long Range,57.1,60.0,165,1950,0.31,2.55,0.012,92,500,20.5,28.0,0,0,2,2,5,1.6,0,Hyderabad,0.2134,267.6,30.0
Tata,Harrier EV,Long Range,57.7,60.0,165,1950,0.31,2.55,0.012,92,500,18.0,16.5,0,0,1,1,3,1.3,0,Hyderabad,0.1215,475.0,30.0
Tata,Harrier EV,Long Range,55.7,60.0,165,1950,0.31,2.55,0.012,92,500,20.9,32.3,0,0,2,1,2,2.4,0,Hyderabad,0.1664,334.7,30.0
Tata,Harrier EV,Long Range,57.3,60.0,165,1950,0.31,2.55,0.0126,92,500,21.0,18.2,0,0,2,1,3,1.5,-5,Hyderabad,0.2149,266.6,30.0
Tata,Harrier EV,Long Range,51.9,60.0,165,1950,0.31,2.55,0.012,92,500,24.5,24.3,0,0,2,2,1,4.5,0,Kolkata,0.2125,244.2,30.0
Tata,Harrier EV,Long Range,53.2,60.0,165,1950,0.31,2.55,0.0126,92,500,18.2,13.0,0,0,2,2,4,3.8,-5,Kolkata,0.2272,234.2,30.0
Tata,Harrier EV,Long Range,55.7,60.0,165,1950,0.31,2.55,0.012,92,500,23.0,14.2,0,0,2,1,1,2.4,0,Kolkata,0.1848,301.4,30.0
Tata,Harrier EV,Long Range,54.8,60.0,165,1950,0.31,2.55,0.012,92,500,24.4,20.3,0,0,2,1,2,2.9,0,Kolkata,0.1552,353.2,30.0
Tata,Harrier EV,Long Range,57.5,60.0,165,1950,0.31,2.55,0.012,92,500,21.7,36.6,0,0,2,2,4,1.4,0,Kolkata,0.2018,285.0,30.0
Tata,Harrier EV,Long Range,54.2,60.0,165,1950,0.31,2.55,0.0122,92,500,25.2,41.6,1,0,2,2,3,3.2,-2,Kolkata,0.4288,126.4,30.0
Tata,Harrier EV,Long Range,57.5,60.0,165,1950,0.31,2.55,0.012,92,500,12.6,24.6,0,0,0,1,1,1.4,0,Kolkata,0.1211,475.0,30.0
Tata,Harrier EV,Long Range,56.4,60.0,165,1950,0.31,2.55,0.0126,92,500,23.6,33.6,0,0,1,1,3,2.0,-5,Kolkata,0.1187,475.0,30.0
Tata,Harrier EV,Long Range,52.3,60.0,165,1950,0.31,2.55,0.0122,92,500,15.9,16.8,0,0,0,0,1,4.3,-2,Kolkata,0.1101,475.0,30.0
Tata,Harrier EV,Long Range,52.8,60.0,165,1950,0.31,2.55,0.012,92,500,15.7,25.7,0,0,1,0,2,4.0,0,Kolkata,0.1112,475.0,30.0
Tata,Harrier EV,Long Range,58.6,60.0,165,1950,0.31,2.55,0.0122,92,500,20.6,38.3,0,0,2,0,4,0.8,-2,Kolkata,0.1744,336.0,30.0
Tata,Harrier EV,Long Range,53.5,60.0,165,1950,0.31,2.55,0.0126,92,500,16.7,22.1,0,0,2,1,1,3.6,-5,Kolkata,0.1748,306.0,30.0
Tata,Harrier EV,Long Range,53.5,60.0,165,1950,0.31,2.55,0.012,92,500,95.4,22.6,0,0,0,1,1,3.6,0,Highway_NH,0.1427,375.0,30.0
Tata,Harrier EV,Long Range,55.7,60.0,165,1950,0.31,2.55,0.012,92,500,74.5,36.7,0,0,1,2,1,2.4,0,Highway_NH,0.1836,303.4,30.0
Tata,Harrier EV,Long Range,54.6,60.0,165,1950,0.31,2.55,0.0122,92,500,93.8,16.4,0,0,0,1,1,3.0,-2,Highway_NH,0.1474,370.3,30.0
Tata,Harrier EV,Long Range,59.5,60.0,165,1950,0.31,2.55,0.0122,92,500,73.4,31.5,1,0,0,1,3,0.3,-2,Highway_NH,0.1461,407.3,30.0
Tata,Harrier EV,Long Range,58.0,60.0,165,1950,0.31,2.55,0.012,92,500,70.9,20.2,0,0,0,1,1,1.1,0,Highway_NH,0.1221,475.0,30.0
Tata,Harrier EV,Long Range,51.7,60.0,165,1950,0.31,2.55,0.0126,92,500,77.8,33.9,0,0,0,0,2,4.6,-5,Highway_NH,0.1225,422.0,30.0
Tata,Harrier EV,Long Range,59.1,60.0,165,1950,0.31,2.55,0.012,92,500,92.9,15.9,0,0,1,1,2,0.5,0,Highway_NH,0.2054,287.7,30.0
Tata,Harrier EV,Long Range,52.1,60.0,165,1950,0.31,2.55,0.012,92,500,71.6,19.1,0,0,0,2,2,4.4,0,Highway_NH,0.1355,384.6,30.0
Tata,Harrier EV,Long Range,51.2,60.0,165,1950,0.31,2.55,0.012,92,500,79.0,25.9,0,0,1,1,1,4.9,0,Highway_NH,0.1775,288.4,30.0
Tata,Harrier EV,Long Range,58.4,60.0,165,1950,0.31,2.55,0.013,92,500,75.4,36.5,1,0,1,1,2,0.9,-8,Highway_NH,0.2157,270.7,30.0
Tata,Harrier EV,Long Range,56.6,60.0,165,1950,0.31,2.55,0.0126,92,500,73.6,21.2,0,0,0,0,1,1.9,-5,Highway_NH,0.1192,475.0,30.0
Tata,Harrier EV,Long Range,53.3,60.0,165,1950,0.31,2.55,0.012,92,500,74.9,30.6,0,0,2,1,1,3.7,0,Highway_NH,0.275,193.8,30.0
Tata,Harrier EV,Long Range,52.6,60.0,165,1950,0.31,2.55,0.012,92,500,82.3,28.0,0,0,0,0,4,4.1,0,Expressway,0.1239,424.5,30.0
Tata,Harrier EV,Long Range,58.4,60.0,165,1950,0.31,2.55,0.0122,92,500,84.0,37.5,1,0,0,1,5,0.9,2,Expressway,0.1711,341.4,30.0
Tata,Harrier EV,Long Range,51.0,60.0,165,1950,0.31,2.55,0.012,92,500,104.6,21.0,0,0,0,1,4,5.0,0,Expressway,0.1768,288.5,30.0
Tata,Harrier EV,Long Range,54.1,60.0,165,1950,0.31,2.55,0.013,92,500,86.9,18.3,0,0,0,1,2,3.3,-8,Expressway,0.1464,369.5,30.0
Tata,Harrier EV,Long Range,53.0,60.0,165,1950,0.31,2.55,0.0122,92,500,100.9,43.8,1,0,0,2,5,3.9,-2,Expressway,0.2408,220.1,30.0
Tata,Harrier EV,Long Range,56.9,60.0,165,1950,0.31,2.55,0.0122,92,500,112.1,31.1,0,0,0,0,2,1.7,-2,Expressway,0.1798,316.5,30.0
Tata,Harrier EV,Long Range,56.4,60.0,165,1950,0.31,2.55,0.0122,92,500,88.7,33.7,1,0,0,2,2,2.0,-2,Expressway,0.1892,298.1,30.0
Tata,Harrier EV,Long Range,51.4,60.0,165,1950,0.31,2.55,0.0122,92,500,108.5,32.5,0,0,0,1,1,4.8,-2,Expressway,0.1826,281.5,30.0
Tata,Harrier EV,Long Range,52.8,60.0,165,1950,0.31,2.55,0.0122,92,500,92.1,42.2,1,0,0,1,4,4.0,2,Expressway,0.1934,273.0,30.0
Tata,Harrier EV,Long Range,51.2,60.0,165,1950,0.31,2.55,0.012,92,500,111.3,24.3,0,0,2,1,1,4.9,0,Expressway,0.4249,120.5,30.0
Tata,Harrier EV,Long Range,52.3,60.0,165,1950,0.31,2.55,0.012,92,500,95.8,27.8,0,0,1,1,1,4.3,0,Expressway,0.204,256.4,30.0
Tata,Harrier EV,Long Range,58.9,60.0,165,1950,0.31,2.55,0.0126,92,500,37.8,25.3,0,2,2,2,5,0.6,-5,Hill_Station,1.178,50.0,30.0
Tata,Harrier EV,Long Range,53.5,60.0,165,1950,0.31,2.55,0.013,92,500,30.6,26.0,0,2,1,1,3,3.6,-8,Hill_Station,0.703,76.1,30.0
Tata,Harrier EV,Long Range,55.0,60.0,165,1950,0.31,2.55,0.012,92,500,26.5,5.3,0,2,0,2,3,2.8,0,Hill_Station,0.594,92.6,30.0
Tata,Harrier EV,Long Range,53.9,60.0,165,1950,0.31,2.55,0.012,92,500,21.1,22.9,0,2,1,1,1,3.4,0,Hill_Station,0.6111,88.2,30.0
Tata,Harrier EV,Long Range,58.9,60.0,165,1950,0.31,2.55,0.012,92,500,31.5,25.7,1,2,1,1,1,0.6,0,Hill_Station,0.6451,91.3,30.0
Tata,Harrier EV,Long Range,60.0,60.0,165,1950,0.31,2.55,0.012,92,500,39.5,15.5,0,2,2,1,5,0.0,0,Hill_Station,1.1194,53.6,30.0
Tata,Harrier EV,Long Range,58.9,60.0,165,1950,0.31,2.55,0.013,92,500,31.4,8.4,0,2,1,2,4,0.6,-8,Hill_Station,0.9736,60.5,30.0
Tata,Harrier EV,Long Range,53.5,60.0,165,1950,0.31,2.55,0.012,92,500,34.2,13.1,1,2,2,0,1,3.6,0,Hill_Station,0.9926,53.9,30.0
Tata,Harrier EV,Long Range,53.0,60.0,165,1950,0.31,2.55,0.0122,92,500,27.1,26.3,0,2,0,0,2,3.9,-2,Hill_Station,0.4274,124.0,30.0
Tata,Harrier EV,Long Range,54.8,60.0,165,1950,0.31,2.55,0.0122,92,500,34.7,42.2,1,0,2,2,2,2.9,-2,Rural_Road,0.394,139.1,30.0
Tata,Harrier EV,Long Range,55.0,60.0,165,1950,0.31,2.55,0.0122,92,500,59.4,10.4,0,0,1,0,1,2.8,-2,Rural_Road,0.1301,422.9,30.0
Tata,Harrier EV,Long Range,57.8,60.0,165,1950,0.31,2.55,0.0122,92,500,39.6,24.5,0,0,0,2,1,1.2,-2,Rural_Road,0.1217,475.0,30.0
Tata,Harrier EV,Long Range,56.8,60.0,165,1950,0.31,2.55,0.0122,92,500,36.0,10.1,0,0,0,1,2,1.8,-2,Rural_Road,0.1196,475.0,30.0
Tata,Harrier EV,Long Range,55.1,60.0,165,1950,0.31,2.55,0.0122,92,500,52.6,21.3,0,0,0,1,2,2.7,-2,Rural_Road,0.116,475.0,30.0
Tata,Harrier EV,Long Range,51.0,60.0,165,1950,0.31,2.55,0.0122,92,500,59.4,16.2,0,0,0,2,2,5.0,-2,Rural_Road,0.1249,408.4,30.0
Tata,Harrier EV,Long Range,58.6,60.0,165,1950,0.31,2.55,0.012,92,500,41.5,23.0,0,0,1,1,2,0.8,0,Rural_Road,0.1234,475.0,30.0
Tata,Harrier EV,Long Range,52.3,60.0,165,1950,0.31,2.55,0.012,92,500,46.8,31.0,0,0,1,1,2,4.3,0,Rural_Road,0.122,428.6,30.0
Tata,Harrier EV,Long Range,57.5,60.0,165,1950,0.31,2.55,0.012,92,500,54.5,43.3,1,0,1,2,4,1.4,0,Rural_Road,0.2388,240.8,30.0
Tata,Harrier EV,Long Range,57.7,60.0,165,1950,0.31,2.55,0.0122,92,500,33.0,38.8,0,0,0,1,1,1.3,2,Rural_Road,0.1215,475.0,30.0
Tata,Harrier EV,Long Range,56.8,60.0,165,1950,0.31,2.55,0.0122,92,500,30.1,30.2,1,2,0,2,1,1.8,-2,Ghat_Road,0.5379,105.6,30.0
Tata,Harrier EV,Long Range,58.0,60.0,165,1950,0.31,2.55,0.0122,92,500,22.7,27.8,0,2,1,2,1,1.1,-2,Ghat_Road,0.7082,81.9,30.0
Tata,Harrier EV,Long Range,53.9,60.0,165,1950,0.31,2.55,0.013,92,500,29.6,12.2,0,2,1,0,3,3.4,-8,Ghat_Road,0.6646,81.1,30.0
Tata,Harrier EV,Long Range,58.4,60.0,165,1950,0.31,2.55,0.0122,92,500,26.3,10.6,0,2,0,0,3,0.9,-2,Ghat_Road,0.4573,127.7,30.0
Tata,Harrier EV,Long Range,55.9,60.0,165,1950,0.31,2.55,0.0122,92,500,28.6,16.6,0,2,2,2,1,2.3,-2,Ghat_Road,1.118,50.0,30.0
Tata,Harrier EV,Long Range,57.7,60.0,165,1950,0.31,2.55,0.012,92,500,33.9,12.8,0,2,2,1,3,1.3,0,Ghat_Road,1.154,50.0,30.0
Tata,Harrier EV,Long Range,54.2,60.0,165,1950,0.31,2.55,0.0126,92,500,17.0,20.8,0,2,0,1,1,3.2,-5,Ghat_Road,0.4701,115.3,30.0
Tata,Harrier EV,Long Range,55.1,60.0,165,1950,0.31,2.55,0.0122,92,500,22.9,18.0,0,2,0,1,3,2.7,-2,Ghat_Road,0.4713,116.9,30.0
Tata,Harrier EV,Long Range,58.4,60.0,165,1950,0.31,2.55,0.012,92,500,22.7,29.8,0,2,0,1,5,0.9,0,Ghat_Road,0.5034,116.0,30.0
Tata,Harrier EV,Long Range,52.4,60.0,165,1950,0.31,2.55,0.012,92,500,19.7,22.6,0,2,2,2,5,4.2,0,Ghat_Road,1.048,50.0,30.0
Tata,Harrier EV,Long Range,58.4,60.0,165,1950,0.31,2.55,0.012,92,500,32.0,24.2,0,2,1,1,2,0.9,0,Ghat_Road,0.6411,91.1,30.0
Tata,Sierra EV,Long Range,58.0,60.0,165,1900,0.32,2.5,0.0126,92,480,19.4,18.6,0,0,2,2,1,1.1,-5,Delhi,0.2119,273.7,28.0
Tata,Sierra EV,Long Range,56.8,60.0,165,1900,0.32,2.5,0.0122,92,480,24.3,44.3,1,0,0,1,4,1.8,-2,Delhi,0.1782,318.7,28.0
Tata,Sierra EV,Long Range,58.2,60.0,165,1900,0.32,2.5,0.0122,92,480,32.0,19.3,0,0,1,0,3,1.0,-2,Delhi,0.1276,456.0,28.0
Tata,Sierra EV,Long Range,58.7,60.0,165,1900,0.32,2.5,0.0126,92,480,34.5,18.8,0,0,2,0,1,0.7,-5,Delhi,0.175,335.5,28.0
Tata,Sierra EV,Long Range,56.0,60.0,165,1900,0.32,2.5,0.013,92,480,20.5,33.4,0,0,1,1,5,2.2,-8,Delhi,0.1362,411.3,28.0
Tata,Sierra EV,Long Range,58.2,60.0,165,1900,0.32,2.5,0.012,92,480,34.0,40.9,1,0,0,0,2,1.0,0,Delhi,0.1349,431.4,28.0
Tata,Sierra EV,Long Range,58.4,60.0,165,1900,0.32,2.5,0.0122,92,480,34.2,10.8,0,0,2,0,2,0.9,-2,Delhi,0.182,320.8,28.0
Tata,Sierra EV,Long Range,56.8,60.0,165,1900,0.32,2.5,0.012,92,480,27.0,41.5,1,0,2,2,1,1.8,0,Delhi,0.4189,135.6,28.0
Tata,Sierra EV,Long Range,58.9,60.0,165,1900,0.32,2.5,0.0122,92,480,23.1,45.4,1,0,2,0,2,0.6,-2,Delhi,0.4165,141.4,28.0
Tata,Sierra EV,Long Range,54.2,60.0,165,1900,0.32,2.5,0.0126,92,480,18.8,31.0,0,0,2,1,2,3.2,-5,Mumbai,0.1808,299.7,28.0
Tata,Sierra EV,Long Range,55.9,60.0,165,1900,0.32,2.5,0.012,92,480,28.7,30.7,0,0,2,1,2,2.3,0,Mumbai,0.1678,333.1,28.0
Tata,Sierra EV,Long Range,53.9,60.0,165,1900,0.32,2.5,0.012,92,480,19.8,22.6,0,0,0,1,3,3.4,0,Mumbai,0.1182,456.0,28.0
Tata,Sierra EV,Long Range,58.4,60.0,165,1900,0.32,2.5,0.012,92,480,20.9,31.2,1,0,0,1,5,0.9,0,Mumbai,0.1281,456.0,28.0
Tata,Sierra EV,Long Range,57.3,60.0,165,1900,0.32,2.5,0.012,92,480,28.1,18.8,0,0,1,1,4,1.5,0,Mumbai,0.1257,456.0,28.0
Tata,Sierra EV,Long Range,55.5,60.0,165,1900,0.32,2.5,0.013,92,480,19.9,31.6,0,0,2,0,2,2.5,-8,Mumbai,0.1689,328.5,28.0
Tata,Sierra EV,Long Range,52.8,60.0,165,1900,0.32,2.5,0.0122,92,480,13.8,36.7,1,0,2,1,1,4.0,-2,Mumbai,0.4532,116.5,28.0
Tata,Sierra EV,Long Range,52.6,60.0,165,1900,0.32,2.5,0.0122,92,480,17.7,25.1,0,0,1,0,4,4.1,-2,Mumbai,0.1154,456.0,28.0
Tata,Sierra EV,Long Range,58.4,60.0,165,1900,0.32,2.5,0.0126,92,480,22.0,28.7,0,0,2,0,4,0.9,-5,Mumbai,0.1762,331.5,28.0
Tata,Sierra EV,Long Range,53.7,60.0,165,1900,0.32,2.5,0.0126,92,480,24.9,30.1,0,1,0,2,4,3.5,-5,Bangalore,0.2716,197.7,28.0
Tata,Sierra EV,Long Range,55.1,60.0,165,1900,0.32,2.5,0.0122,92,480,19.6,16.5,0,1,1,0,1,2.7,-2,Bangalore,0.2721,202.5,28.0
Tata,Sierra EV,Long Range,53.2,60.0,165,1900,0.32,2.5,0.013,92,480,28.7,21.4,0,1,2,1,3,3.8,-8,Bangalore,0.4903,108.5,28.0
Tata,Sierra EV,Long Range,53.5,60.0,165,1900,0.32,2.5,0.0122,92,480,30.8,36.9,0,1,2,0,1,3.6,-2,Bangalore,0.4253,125.8,28.0
Tata,Sierra EV,Long Range,56.9,60.0,165,1900,0.32,2.5,0.0126,92,480,31.7,36.5,0,1,1,2,3,1.7,-5,Bangalore,0.3554,160.1,28.0
Tata,Sierra EV,Long Range,58.2,60.0,165,1900,0.32,2.5,0.012,92,480,19.1,30.8,0,1,2,1,2,1.0,0,Bangalore,0.4858,119.8,28.0
Tata,Sierra EV,Long Range,52.1,60.0,165,1900,0.32,2.5,0.012,92,480,30.0,25.0,0,1,1,1,1,4.4,0,Bangalore,0.2855,182.5,28.0
Tata,Sierra EV,Long Range,54.4,60.0,165,1900,0.32,2.5,0.012,92,480,28.0,25.5,1,1,2,1,2,3.1,0,Bangalore,0.5161,105.4,28.0
Tata,Sierra EV,Long Range,58.6,60.0,165,1900,0.32,2.5,0.0122,92,480,25.6,30.1,0,1,2,0,2,0.8,-2,Bangalore,0.4658,125.8,28.0
Tata,Sierra EV,Long Range,53.7,60.0,165,1900,0.32,2.5,0.012,92,480,16.8,31.4,0,0,0,1,4,3.5,0,Chennai,0.1178,456.0,28.0
Tata,Sierra EV,Long Range,56.0,60.0,165,1900,0.32,2.5,0.0126,92,480,20.6,24.2,0,0,1,1,4,2.2,-5,Chennai,0.1228,456.0,28.0
Tata,Sierra EV,Long Range,53.7,60.0,165,1900,0.32,2.5,0.012,92,480,22.5,30.9,0,0,2,0,2,3.5,0,Chennai,0.1483,362.1,28.0
Tata,Sierra EV,Long Range,59.6,60.0,165,1900,0.32,2.5,0.0122,92,480,24.9,28.7,0,0,2,1,3,0.2,-2,Chennai,0.1827,326.3,28.0
Tata,Sierra EV,Long Range,51.5,60.0,165,1900,0.32,2.5,0.0126,92,480,34.5,40.8,1,0,2,2,5,4.7,-5,Chennai,0.4228,121.8,28.0
Tata,Sierra EV,Long Range,57.3,60.0,165,1900,0.32,2.5,0.0122,92,480,16.7,27.6,0,0,2,1,2,1.5,-2,Chennai,0.1759,325.7,28.0
Tata,Sierra EV,Long Range,59.5,60.0,165,1900,0.32,2.5,0.013,92,480,22.6,39.3,1,0,1,0,1,0.3,-8,Chennai,0.1826,325.8,28.0
Tata,Sierra EV,Long Range,53.5,60.0,165,1900,0.32,2.5,0.013,92,480,33.0,24.6,0,0,2,0,3,3.6,-8,Chennai,0.1748,306.1,28.0
Tata,Sierra EV,Long Range,56.8,60.0,165,1900,0.32,2.5,0.0122,92,480,30.2,30.0,1,0,1,1,1,1.8,-2,Chennai,0.1495,380.0,28.0
Tata,Sierra EV,Long Range,51.5,60.0,165,1900,0.32,2.5,0.0122,92,480,39.0,18.3,0,1,1,0,1,4.7,-2,Pune,0.2712,189.9,28.0
Tata,Sierra EV,Long Range,52.1,60.0,165,1900,0.32,2.5,0.0122,92,480,20.2,30.4,0,1,2,1,3,4.4,-2,Pune,0.5338,97.6,28.0
Tata,Sierra EV,Long Range,56.2,60.0,165,1900,0.32,2.5,0.013,92,480,21.7,12.6,1,1,2,0,1,2.1,-8,Pune,0.4803,117.0,28.0
Tata,Sierra EV,Long Range,54.2,60.0,165,1900,0.32,2.5,0.0122,92,480,33.0,16.4,0,1,0,1,1,3.2,-2,Pune,0.2273,238.4,28.0
Tata,Sierra EV,Long Range,55.0,60.0,165,1900,0.32,2.5,0.013,92,480,26.3,12.5,0,1,0,0,2,2.8,-8,Pune,0.268,205.2,28.0
Tata,Sierra EV,Long Range,59.6,60.0,165,1900,0.32,2.5,0.0122,92,480,34.4,15.7,0,1,1,1,1,0.2,-2,Pune,0.2943,202.5,28.0
Tata,Sierra EV,Long Range,58.4,60.0,165,1900,0.32,2.5,0.012,92,480,28.9,24.7,1,1,1,2,5,0.9,0,Pune,0.376,155.3,28.0
Tata,Sierra EV,Long Range,58.0,60.0,165,1900,0.32,2.5,0.0126,92,480,30.0,38.2,1,1,2,1,1,1.1,-5,Pune,0.5524,105.0,28.0
Tata,Sierra EV,Long Range,51.4,60.0,165,1900,0.32,2.5,0.012,92,480,22.1,25.7,0,0,1,1,3,4.8,0,Hyderabad,0.1127,456.0,28.0
Tata,Sierra EV,Long Range,58.2,60.0,165,1900,0.32,2.5,0.012,92,480,26.8,15.0,0,0,2,1,2,1.0,0,Hyderabad,0.184,316.3,28.0
Tata,Sierra EV,Long Range,53.3,60.0,165,1900,0.32,2.5,0.0126,92,480,25.4,15.4,0,0,1,1,1,3.7,-5,Hyderabad,0.1169,456.0,28.0
Tata,Sierra EV,Long Range,52.1,60.0,165,1900,0.32,2.5,0.0122,92,480,20.7,15.7,0,0,0,1,2,4.4,-2,Hyderabad,0.1143,456.0,28.0
Tata,Sierra EV,Long Range,55.9,60.0,165,1900,0.32,2.5,0.0122,92,480,21.0,16.5,0,0,2,1,1,2.3,-2,Hyderabad,0.1735,322.2,28.0
Tata,Sierra EV,Long Range,51.5,60.0,165,1900,0.32,2.5,0.012,92,480,30.3,28.7,1,0,0,1,1,4.7,0,Hyderabad,0.1129,456.0,28.0
Tata,Sierra EV,Long Range,51.9,60.0,165,1900,0.32,2.5,0.0122,92,480,23.6,17.0,0,0,2,1,1,4.5,2,Hyderabad,0.1801,288.1,28.0
Tata,Sierra EV,Long Range,58.0,60.0,165,1900,0.32,2.5,0.0122,92,480,18.0,37.3,0,0,1,0,1,1.1,-2,Hyderabad,0.1272,456.0,28.0
Tata,Sierra EV,Long Range,51.7,60.0,165,1900,0.32,2.5,0.0122,92,480,19.4,29.3,0,0,1,1,1,4.6,-2,Hyderabad,0.1134,456.0,28.0
Tata,Sierra EV,Long Range,54.1,60.0,165,1900,0.32,2.5,0.0126,92,480,23.5,20.8,0,0,0,1,1,3.3,-5,Hyderabad,0.1186,456.0,28.0
Tata,Sierra EV,Long Range,53.9,60.0,165,1900,0.32,2.5,0.0126,92,480,25.8,22.9,0,0,2,1,2,3.4,-5,Kolkata,0.174,309.8,28.0
Tata,Sierra EV,Long Range,59.8,60.0,165,1900,0.32,2.5,0.0122,92,480,17.2,17.8,0,0,2,0,2,0.1,-2,Kolkata,0.1648,362.8,28.0
Tata,Sierra EV,Long Range,55.1,60.0,165,1900,0.32,2.5,0.013,92,480,19.8,20.5,1,0,2,1,2,2.7,-8,Kolkata,0.2263,243.5,28.0
Tata,Sierra EV,Long Range,53.7,60.0,165,1900,0.32,2.5,0.0122,92,480,27.0,36.1,1,0,2,1,3,3.5,2,Kolkata,0.3333,161.1,28.0
Tata,Sierra EV,Long Range,59.5,60.0,165,1900,0.32,2.5,0.0126,92,480,25.1,35.1,0,0,2,2,3,0.3,-5,Kolkata,0.2295,259.3,28.0
Tata,Sierra EV,Long Range,51.9,60.0,165,1900,0.32,2.5,0.0126,92,480,26.0,30.9,0,0,2,2,2,4.5,-5,Kolkata,0.2113,245.6,28.0
Tata,Sierra EV,Long Range,51.9,60.0,165,1900,0.32,2.5,0.0122,92,480,16.8,23.7,0,0,2,1,1,4.5,-2,Kolkata,0.1774,292.5,28.0
Tata,Sierra EV,Long Range,58.9,60.0,165,1900,0.32,2.5,0.012,92,480,16.1,17.2,0,0,2,1,3,0.6,0,Kolkata,0.1762,334.2,28.0
Tata,Sierra EV,Long Range,60.0,60.0,165,1900,0.32,2.5,0.0126,92,480,20.6,18.4,0,0,0,0,4,0.0,-5,Kolkata,0.1316,456.0,28.0
Tata,Sierra EV,Long Range,58.0,60.0,165,1900,0.32,2.5,0.012,92,480,82.9,31.8,1,0,1,0,3,1.1,0,Highway_NH,0.2036,284.9,28.0
Tata,Sierra EV,Long Range,58.7,60.0,165,1900,0.32,2.5,0.012,92,480,73.9,19.8,0,0,0,1,2,0.7,0,Highway_NH,0.1287,456.0,28.0
Tata,Sierra EV,Long Range,55.5,60.0,165,1900,0.32,2.5,0.0122,92,480,88.0,21.0,0,0,0,0,1,2.5,-2,Highway_NH,0.1363,407.1,28.0
Tata,Sierra EV,Long Range,54.4,60.0,165,1900,0.32,2.5,0.0122,92,480,91.7,24.2,0,0,2,1,1,3.1,-2,Highway_NH,0.353,154.1,28.0
Tata,Sierra EV,Long Range,51.9,60.0,165,1900,0.32,2.5,0.012,92,480,89.6,32.1,0,0,1,0,1,4.5,0,Highway_NH,0.1776,292.2,28.0
Tata,Sierra EV,Long Range,59.8,60.0,165,1900,0.32,2.5,0.012,92,480,73.1,29.0,1,0,1,2,3,0.1,0,Highway_NH,0.2006,298.1,28.0
Tata,Sierra EV,Long Range,59.6,60.0,165,1900,0.32,2.5,0.012,92,480,90.5,28.2,0,0,0,2,3,0.2,0,Highway_NH,0.1765,337.7,28.0
Tata,Sierra EV,Long Range,59.6,60.0,165,1900,0.32,2.5,0.013,92,480,95.1,39.4,1,0,1,1,4,0.2,-8,Highway_NH,0.2567,232.2,28.0
Tata,Sierra EV,Long Range,53.2,60.0,165,1900,0.32,2.5,0.012,92,480,75.9,36.3,1,0,1,0,2,3.8,0,Highway_NH,0.1811,293.8,28.0
Tata,Sierra EV,Long Range,53.3,60.0,165,1900,0.32,2.5,0.012,92,480,82.5,37.4,0,0,1,1,1,3.7,0,Highway_NH,0.187,285.0,28.0
Tata,Sierra EV,Long Range,53.2,60.0,165,1900,0.32,2.5,0.0122,92,480,99.4,41.8,1,0,0,0,3,3.8,-2,Highway_NH,0.1921,276.9,28.0
Tata,Sierra EV,Long Range,55.1,60.0,165,1900,0.32,2.5,0.013,92,480,89.5,17.8,0,0,0,0,2,2.7,-8,Expressway,0.1323,416.5,28.0
Tata,Sierra EV,Long Range,53.3,60.0,165,1900,0.32,2.5,0.012,92,480,84.7,36.1,0,0,0,0,4,3.7,0,Expressway,0.138,386.1,28.0
Tata,Sierra EV,Long Range,51.5,60.0,165,1900,0.32,2.5,0.0126,92,480,81.4,32.3,0,0,1,1,5,4.7,-5,Expressway,0.2033,253.3,28.0
Tata,Sierra EV,Long Range,56.4,60.0,165,1900,0.32,2.5,0.0122,92,480,93.5,15.8,0,0,1,1,3,2.0,-2,Expressway,0.2189,257.6,28.0
Tata,Sierra EV,Long Range,52.4,60.0,165,1900,0.32,2.5,0.012,92,480,113.5,26.9,0,0,0,1,3,4.2,0,Expressway,0.1941,269.9,28.0
Tata,Sierra EV,Long Range,56.2,60.0,165,1900,0.32,2.5,0.013,92,480,103.7,18.1,0,0,0,1,4,2.1,-8,Expressway,0.1908,294.6,28.0
Tata,Sierra EV,Long Range,59.8,60.0,165,1900,0.32,2.5,0.0122,92,480,90.8,42.3,1,0,0,0,1,0.1,2,Expressway,0.1745,342.6,28.0
Tata,Sierra EV,Long Range,57.7,60.0,165,1900,0.32,2.5,0.012,92,480,113.2,30.0,0,0,2,1,3,1.3,0,Expressway,0.4268,135.2,28.0
Tata,Sierra EV,Long Range,55.5,60.0,165,1900,0.32,2.5,0.0122,92,480,103.0,28.3,1,0,0,1,2,2.5,-2,Expressway,0.1805,307.5,28.0
Tata,Sierra EV,Long Range,57.1,60.0,165,1900,0.32,2.5,0.0122,92,480,29.8,16.6,0,2,1,0,1,1.6,-2,Hill_Station,0.5593,102.1,28.0
Tata,Sierra EV,Long Range,58.4,60.0,165,1900,0.32,2.5,0.012,92,480,20.5,18.1,0,2,0,1,1,0.9,0,Hill_Station,0.4863,120.1,28.0
Tata,Sierra EV,Long Range,55.1,60.0,165,1900,0.32,2.5,0.012,92,480,33.4,7.8,0,2,1,1,2,2.7,0,Hill_Station,0.7376,74.7,28.0
Tata,Sierra EV,Long Range,55.7,60.0,165,1900,0.32,2.5,0.0126,92,480,39.7,25.6,0,2,1,2,2,2.4,-5,Hill_Station,0.6989,79.7,28.0
Tata,Sierra EV,Long Range,56.9,60.0,165,1900,0.32,2.5,0.013,92,480,36.0,29.1,1,2,1,1,1,1.7,-8,Hill_Station,0.6671,85.3,28.0
Tata,Sierra EV,Long Range,51.2,60.0,165,1900,0.32,2.5,0.0126,92,480,32.6,13.0,0,2,1,1,1,4.9,-5,Hill_Station,0.636,80.5,28.0
Tata,Sierra EV,Long Range,56.4,60.0,165,1900,0.32,2.5,0.0122,92,480,25.6,16.4,1,2,2,1,5,2.0,-2,Hill_Station,1.175,48.0,28.0
Tata,Sierra EV,Long Range,52.6,60.0,165,1900,0.32,2.5,0.012,92,480,39.4,18.1,0,2,2,1,2,4.1,0,Hill_Station,1.0913,48.2,28.0
Tata,Sierra EV,Long Range,55.7,60.0,165,1900,0.32,2.5,0.0122,92,480,38.7,35.4,0,0,0,0,2,2.4,-2,Rural_Road,0.1221,456.0,28.0
Tata,Sierra EV,Long Range,56.6,60.0,165,1900,0.32,2.5,0.0122,92,480,31.9,21.3,0,0,0,0,3,1.9,-2,Rural_Road,0.1241,456.0,28.0
Tata,Sierra EV,Long Range,53.2,60.0,165,1900,0.32,2.5,0.0122,92,480,37.7,14.7,0,0,2,0,2,3.8,-2,Rural_Road,0.1987,267.8,28.0
Tata,Sierra EV,Long Range,56.9,60.0,165,1900,0.32,2.5,0.0126,92,480,39.5,34.7,1,0,0,1,2,1.7,-5,Rural_Road,0.1345,423.0,28.0
Tata,Sierra EV,Long Range,55.9,60.0,165,1900,0.32,2.5,0.013,92,480,45.6,17.9,0,0,0,0,5,2.3,-8,Rural_Road,0.1226,456.0,28.0
Tata,Sierra EV,Long Range,59.8,60.0,165,1900,0.32,2.5,0.012,92,480,55.0,15.9,0,0,1,1,4,0.1,0,Rural_Road,0.1335,447.8,28.0
Tata,Sierra EV,Long Range,58.4,60.0,165,1900,0.32,2.5,0.012,92,480,44.9,34.9,1,0,0,1,4,0.9,0,Rural_Road,0.1281,456.0,28.0
Tata,Sierra EV,Long Range,56.9,60.0,165,1900,0.32,2.5,0.0122,92,480,37.7,30.5,1,0,0,1,4,1.7,-2,Rural_Road,0.1248,456.0,28.0
Tata,Sierra EV,Long Range,55.5,60.0,165,1900,0.32,2.5,0.0122,92,480,57.9,37.7,0,0,0,0,1,2.5,-2,Rural_Road,0.1217,456.0,28.0
Tata,Sierra EV,Long Range,51.2,60.0,165,1900,0.32,2.5,0.012,92,480,46.3,31.6,1,0,0,0,2,4.9,0,Rural_Road,0.1123,456.0,28.0
Tata,Sierra EV,Long Range,59.6,60.0,165,1900,0.32,2.5,0.013,92,480,23.1,16.4,0,2,0,0,5,0.2,-8,Ghat_Road,0.4822,123.6,28.0
Tata,Sierra EV,Long Range,56.0,60.0,165,1900,0.32,2.5,0.0122,92,480,20.0,12.0,0,2,0,1,5,2.2,-2,Ghat_Road,0.5628,99.5,28.0
Tata,Sierra EV,Long Range,53.7,60.0,165,1900,0.32,2.5,0.012,92,480,15.2,23.5,1,2,1,0,1,3.5,0,Ghat_Road,0.5249,102.3,28.0
Tata,Sierra EV,Long Range,51.5,60.0,165,1900,0.32,2.5,0.013,92,480,31.8,24.6,0,2,0,1,1,4.7,-8,Ghat_Road,0.4627,111.3,28.0
Tata,Sierra EV,Long Range,59.1,60.0,165,1900,0.32,2.5,0.013,92,480,15.8,29.0,0,2,0,1,5,0.5,-8,Ghat_Road,0.4987,118.5,28.0
Tata,Sierra EV,Long Range,58.9,60.0,165,1900,0.32,2.5,0.013,92,480,31.0,17.5,0,2,0,2,1,0.6,-8,Ghat_Road,0.5189,113.5,28.0
Tata,Sierra EV,Long Range,59.8,60.0,165,1900,0.32,2.5,0.012,92,480,18.3,28.0,0,2,0,1,2,0.1,0,Ghat_Road,0.4665,128.2,28.0
Tata,Sierra EV,Long Range,51.9,60.0,165,1900,0.32,2.5,0.0122,92,480,18.7,14.8,0,2,0,1,2,4.5,-2,Ghat_Road,0.5216,99.5,28.0
Tata,Sierra EV,Long Range,53.7,60.0,165,1900,0.32,2.5,0.0126,92,480,29.8,13.5,0,2,1,1,5,3.5,-5,Ghat_Road,0.7296,73.6,28.0
Tata,Sierra EV,Long Range,58.4,60.0,165,1900,0.32,2.5,0.0122,92,480,29.1,10.1,0,2,1,1,1,0.9,-2,Ghat_Road,0.6453,90.5,28.0
Tata,Sierra EV,Long Range,55.0,60.0,165,1900,0.32,2.5,0.0122,92,480,27.7,32.3,0,2,2,1,4,2.8,-2,Ghat_Road,1.068,51.5,28.0
Mahindra,XUV400,EL Pro,37.2,39.4,110,1580,0.35,2.45,0.0136,90,456,15.7,44.6,1,0,2,2,5,1.9,-5,Delhi,0.5487,67.8,18.0
Mahindra,XUV400,EL Pro,38.6,39.4,110,1580,0.35,2.45,0.013,90,456,22.4,42.8,1,0,2,0,1,0.7,0,Delhi,0.3328,116.0,18.0
Mahindra,XUV400,EL Pro,33.6,39.4,110,1580,0.35,2.45,0.013,90,456,21.5,23.8,0,0,2,0,4,4.9,0,Delhi,0.1534,219.0,18.0
Mahindra,XUV400,EL Pro,37.3,39.4,110,1580,0.35,2.45,0.013,90,456,22.3,25.7,1,0,1,1,1,1.8,0,Delhi,0.1291,288.9,18.0
Mahindra,XUV400,EL Pro,33.8,39.4,110,1580,0.35,2.45,0.013,90,456,15.8,26.4,0,0,0,1,2,4.7,0,Delhi,0.078,433.2,18.0
Mahindra,XUV400,EL Pro,38.3,39.4,110,1580,0.35,2.45,0.0136,90,456,23.1,38.0,0,0,2,2,1,0.9,-5,Delhi,0.1823,210.1,18.0
Mahindra,XUV400,EL Pro,37.4,39.4,110,1580,0.35,2.45,0.0133,90,456,18.7,26.8,0,0,2,1,1,1.7,-2,Delhi,0.1548,241.6,18.0
Mahindra,XUV400,EL Pro,38.9,39.4,110,1580,0.35,2.45,0.0133,90,456,22.3,40.1,1,0,2,0,4,0.4,-2,Delhi,0.354,109.9,18.0
Mahindra,XUV400,EL Pro,37.9,39.4,110,1580,0.35,2.45,0.0133,90,456,21.1,19.0,0,0,2,1,1,1.3,-2,Delhi,0.1557,243.4,18.0
Mahindra,XUV400,EL Pro,38.1,39.4,110,1580,0.35,2.45,0.0133,90,456,23.8,32.7,0,0,2,1,3,1.1,-2,Delhi,0.1627,234.2,18.0
Mahindra,XUV400,EL Pro,37.2,39.4,110,1580,0.35,2.45,0.0136,90,456,34.0,45.9,1,0,1,1,1,1.9,-5,Delhi,0.1906,195.2,18.0
Mahindra,XUV400,EL Pro,34.3,39.4,110,1580,0.35,2.45,0.014,90,456,13.6,18.8,0,0,2,2,1,4.3,-8,Mumbai,0.1957,175.3,18.0
Mahindra,XUV400,EL Pro,36.7,39.4,110,1580,0.35,2.45,0.013,90,456,26.5,25.1,0,0,1,0,4,2.3,0,Mumbai,0.0988,371.5,18.0
Mahindra,XUV400,EL Pro,36.6,39.4,110,1580,0.35,2.45,0.0133,90,456,21.8,35.9,0,0,2,2,1,2.4,2,Mumbai,0.2036,179.8,18.0
Mahindra,XUV400,EL Pro,34.3,39.4,110,1580,0.35,2.45,0.0133,90,456,12.8,30.0,0,0,2,1,1,4.3,2,Mumbai,0.1524,225.0,18.0
Mahindra,XUV400,EL Pro,33.5,39.4,110,1580,0.35,2.45,0.013,90,456,28.3,24.8,0,0,1,0,4,5.0,0,Mumbai,0.0852,393.0,18.0
Mahindra,XUV400,EL Pro,37.2,39.4,110,1580,0.35,2.45,0.013,90,456,14.5,19.6,0,0,2,2,2,1.9,0,Mumbai,0.1833,202.9,18.0
Mahindra,XUV400,EL Pro,34.2,39.4,110,1580,0.35,2.45,0.0136,90,456,12.7,19.5,0,0,2,0,2,4.4,-5,Mumbai,0.149,229.6,18.0
Mahindra,XUV400,EL Pro,37.4,39.4,110,1580,0.35,2.45,0.013,90,456,29.1,24.4,0,0,2,1,3,1.7,0,Mumbai,0.1783,209.8,18.0
Mahindra,XUV400,EL Pro,35.6,39.4,110,1580,0.35,2.45,0.014,90,456,20.4,28.5,0,0,0,1,4,3.2,-8,Mumbai,0.0822,433.2,18.0
Mahindra,XUV400,EL Pro,37.6,39.4,110,1580,0.35,2.45,0.013,90,456,28.4,22.4,0,0,1,0,3,1.5,0,Mumbai,0.0935,402.2,18.0
Mahindra,XUV400,EL Pro,36.3,39.4,110,1580,0.35,2.45,0.0133,90,456,19.2,27.9,0,0,1,2,2,2.6,2,Mumbai,0.1065,340.7,18.0
Mahindra,XUV400,EL Pro,35.5,39.4,110,1580,0.35,2.45,0.013,90,456,16.1,30.8,0,0,2,1,4,3.3,0,Mumbai,0.1665,213.2,18.0
Mahindra,XUV400,EL Pro,38.7,39.4,110,1580,0.35,2.45,0.0136,90,456,27.0,23.1,0,1,2,1,2,0.6,-5,Bangalore,0.4383,88.3,18.0
Mahindra,XUV400,EL Pro,36.7,39.4,110,1580,0.35,2.45,0.0136,90,456,28.2,26.5,1,1,2,1,1,2.3,-5,Bangalore,0.5048,72.7,18.0
Mahindra,XUV400,EL Pro,34.9,39.4,110,1580,0.35,2.45,0.014,90,456,28.6,19.3,0,1,1,1,2,3.8,-8,Bangalore,0.2693,129.6,18.0
Mahindra,XUV400,EL Pro,39.2,39.4,110,1580,0.35,2.45,0.0133,90,456,25.4,22.7,0,1,2,0,2,0.2,-2,Bangalore,0.3691,106.2,18.0
Mahindra,XUV400,EL Pro,34.4,39.4,110,1580,0.35,2.45,0.0133,90,456,15.9,37.8,1,1,2,2,1,4.2,-2,Bangalore,0.7078,48.6,18.0
Mahindra,XUV400,EL Pro,38.5,39.4,110,1580,0.35,2.45,0.013,90,456,33.7,26.1,0,1,2,1,5,0.8,0,Bangalore,0.4477,86.0,18.0
Mahindra,XUV400,EL Pro,36.0,39.4,110,1580,0.35,2.45,0.0133,90,456,23.5,15.4,0,1,1,0,5,2.9,-2,Bangalore,0.2548,141.3,18.0
Mahindra,XUV400,EL Pro,36.4,39.4,110,1580,0.35,2.45,0.014,90,456,32.7,31.0,1,1,2,1,3,2.5,-8,Bangalore,0.5063,71.9,18.0
Mahindra,XUV400,EL Pro,35.5,39.4,110,1580,0.35,2.45,0.013,90,456,24.3,23.5,0,1,2,1,1,3.3,0,Bangalore,0.3936,90.2,18.0
Mahindra,XUV400,EL Pro,34.9,39.4,110,1580,0.35,2.45,0.013,90,456,19.9,28.3,0,0,2,1,1,3.8,0,Chennai,0.1613,216.3,18.0
Mahindra,XUV400,EL Pro,36.9,39.4,110,1580,0.35,2.45,0.013,90,456,34.0,29.5,0,0,2,1,3,2.1,0,Chennai,0.1932,191.0,18.0
Mahindra,XUV400,EL Pro,33.6,39.4,110,1580,0.35,2.45,0.0136,90,456,31.7,35.9,0,0,2,1,1,4.9,-5,Chennai,0.1579,212.8,18.0
Mahindra,XUV400,EL Pro,34.0,39.4,110,1580,0.35,2.45,0.014,90,456,24.8,41.7,1,0,1,0,1,4.6,-8,Chennai,0.1895,179.4,18.0
Mahindra,XUV400,EL Pro,37.0,39.4,110,1580,0.35,2.45,0.014,90,456,18.4,24.2,1,0,2,0,3,2.0,-8,Chennai,0.1844,200.7,18.0
Mahindra,XUV400,EL Pro,39.2,39.4,110,1580,0.35,2.45,0.0136,90,456,21.1,22.8,0,0,2,2,2,0.2,-5,Chennai,0.1774,221.0,18.0
Mahindra,XUV400,EL Pro,38.3,39.4,110,1580,0.35,2.45,0.0133,90,456,20.4,38.1,1,0,2,0,4,0.9,-2,Chennai,0.3081,124.3,18.0
Mahindra,XUV400,EL Pro,34.7,39.4,110,1580,0.35,2.45,0.0133,90,456,28.4,29.4,0,0,1,1,2,4.0,2,Chennai,0.1002,346.3,18.0
Mahindra,XUV400,EL Pro,37.4,39.4,110,1580,0.35,2.45,0.0133,90,456,17.7,28.1,0,0,2,2,1,1.7,-2,Chennai,0.1864,200.6,18.0
Mahindra,XUV400,EL Pro,38.8,39.4,110,1580,0.35,2.45,0.0133,90,456,27.2,28.9,1,0,1,1,1,0.5,-2,Chennai,0.1273,304.8,18.0
Mahindra,XUV400,EL Pro,34.1,39.4,110,1580,0.35,2.45,0.0133,90,456,16.2,32.8,0,0,0,2,2,4.5,-2,Chennai,0.087,392.0,18.0
Mahindra,XUV400,EL Pro,34.4,39.4,110,1580,0.35,2.45,0.0133,90,456,32.1,40.5,0,0,1,2,5,4.2,-2,Chennai,0.1384,248.6,18.0
Mahindra,XUV400,EL Pro,37.7,39.4,110,1580,0.35,2.45,0.0136,90,456,21.1,20.4,0,1,0,1,2,1.4,-5,Pune,0.2048,184.1,18.0
Mahindra,XUV400,EL Pro,39.0,39.4,110,1580,0.35,2.45,0.014,90,456,25.8,23.3,0,1,2,2,1,0.3,-8,Pune,0.4762,81.9,18.0
Mahindra,XUV400,EL Pro,33.7,39.4,110,1580,0.35,2.45,0.0133,90,456,36.3,31.0,0,1,2,1,4,4.8,2,Pune,0.456,73.9,18.0
Mahindra,XUV400,EL Pro,38.9,39.4,110,1580,0.35,2.45,0.014,90,456,27.8,36.6,0,1,2,1,2,0.4,-8,Pune,0.4014,96.9,18.0
Mahindra,XUV400,EL Pro,35.0,39.4,110,1580,0.35,2.45,0.0133,90,456,36.4,30.9,1,1,1,0,2,3.7,2,Pune,0.2924,119.7,18.0
Mahindra,XUV400,EL Pro,38.6,39.4,110,1580,0.35,2.45,0.013,90,456,30.5,29.3,1,1,2,0,3,0.7,0,Pune,0.4442,86.9,18.0
Mahindra,XUV400,EL Pro,39.3,39.4,110,1580,0.35,2.45,0.0133,90,456,31.0,26.0,0,1,1,1,2,0.1,-2,Pune,0.2844,138.2,18.0
Mahindra,XUV400,EL Pro,36.6,39.4,110,1580,0.35,2.45,0.014,90,456,35.5,35.1,0,1,2,0,2,2.4,-8,Pune,0.3983,91.9,18.0
Mahindra,XUV400,EL Pro,34.9,39.4,110,1580,0.35,2.45,0.013,90,456,27.4,26.5,0,1,2,1,2,3.8,0,Pune,0.3993,87.4,18.0
Mahindra,XUV400,EL Pro,34.1,39.4,110,1580,0.35,2.45,0.013,90,456,32.2,36.8,1,1,2,1,3,4.5,0,Pune,0.593,57.5,18.0
Mahindra,XUV400,EL Pro,36.4,39.4,110,1580,0.35,2.45,0.0136,90,456,34.5,35.4,1,1,2,1,4,2.5,-5,Pune,0.5298,68.7,18.0
Mahindra,XUV400,EL Pro,39.2,39.4,110,1580,0.35,2.45,0.0136,90,456,26.5,38.6,1,0,1,1,3,0.2,-5,Hyderabad,0.1721,227.8,18.0
Mahindra,XUV400,EL Pro,34.6,39.4,110,1580,0.35,2.45,0.0133,90,456,20.0,15.6,0,0,2,2,1,4.1,-2,Hyderabad,0.1839,188.1,18.0
Mahindra,XUV400,EL Pro,36.9,39.4,110,1580,0.35,2.45,0.014,90,456,31.4,34.2,1,0,0,1,2,2.1,-8,Hyderabad,0.1153,320.0,18.0
Mahindra,XUV400,EL Pro,38.3,39.4,110,1580,0.35,2.45,0.013,90,456,26.3,20.7,1,0,1,1,4,0.9,0,Hyderabad,0.112,341.9,18.0
Mahindra,XUV400,EL Pro,38.2,39.4,110,1580,0.35,2.45,0.0136,90,456,23.5,19.5,0,0,0,0,1,1.0,-5,Hyderabad,0.0882,433.2,18.0
Mahindra,XUV400,EL Pro,37.5,39.4,110,1580,0.35,2.45,0.0136,90,456,17.3,22.8,0,0,2,1,4,1.6,-5,Hyderabad,0.1948,192.5,18.0
Mahindra,XUV400,EL Pro,34.0,39.4,110,1580,0.35,2.45,0.0133,90,456,29.7,36.9,1,0,1,1,4,4.6,-2,Hyderabad,0.1789,190.0,18.0
Mahindra,XUV400,EL Pro,37.2,39.4,110,1580,0.35,2.45,0.014,90,456,20.0,22.0,0,0,1,1,4,1.9,-8,Hyderabad,0.1082,343.9,18.0
Mahindra,XUV400,EL Pro,38.2,39.4,110,1580,0.35,2.45,0.013,90,456,31.8,41.4,1,0,2,1,2,1.0,0,Hyderabad,0.3191,119.7,18.0
Mahindra,XUV400,EL Pro,36.8,39.4,110,1580,0.35,2.45,0.0136,90,456,27.6,40.7,1,0,2,1,1,2.2,-5,Hyderabad,0.3398,108.3,18.0
Mahindra,XUV400,EL Pro,36.2,39.4,110,1580,0.35,2.45,0.0133,90,456,17.7,39.4,0,0,1,1,1,2.7,-2,Hyderabad,0.0951,380.8,18.0
Mahindra,XUV400,EL Pro,34.9,39.4,110,1580,0.35,2.45,0.0136,90,456,22.7,27.1,0,0,2,1,4,3.8,-5,Kolkata,0.1842,189.5,18.0
Mahindra,XUV400,EL Pro,36.7,39.4,110,1580,0.35,2.45,0.0133,90,456,25.6,38.6,1,0,2,0,2,2.3,-2,Kolkata,0.2486,147.6,18.0
Mahindra,XUV400,EL Pro,36.0,39.4,110,1580,0.35,2.45,0.013,90,456,24.3,25.6,0,0,2,2,4,2.9,0,Kolkata,0.204,176.5,18.0
Mahindra,XUV400,EL Pro,38.5,39.4,110,1580,0.35,2.45,0.014,90,456,21.1,28.4,1,0,2,1,2,0.8,-8,Kolkata,0.2494,154.4,18.0
Mahindra,XUV400,EL Pro,39.0,39.4,110,1580,0.35,2.45,0.013,90,456,16.1,17.6,0,0,1,1,1,0.3,0,Kolkata,0.0917,425.3,18.0
Mahindra,XUV400,EL Pro,35.4,39.4,110,1580,0.35,2.45,0.013,90,456,25.6,26.1,0,0,2,1,1,3.4,0,Kolkata,0.1536,230.4,18.0
Mahindra,XUV400,EL Pro,35.4,39.4,110,1580,0.35,2.45,0.0136,90,456,22.3,21.4,0,0,1,2,2,3.4,-5,Kolkata,0.1198,295.4,18.0
Mahindra,XUV400,EL Pro,36.2,39.4,110,1580,0.35,2.45,0.013,90,456,18.1,30.3,0,0,2,2,2,2.7,0,Kolkata,0.1851,195.6,18.0
Mahindra,XUV400,EL Pro,39.0,39.4,110,1580,0.35,2.45,0.0136,90,456,24.3,26.1,0,0,2,1,2,0.3,-5,Kolkata,0.1623,240.3,18.0
Mahindra,XUV400,EL Pro,38.5,39.4,110,1580,0.35,2.45,0.013,90,456,22.7,34.3,1,0,1,1,1,0.8,0,Kolkata,0.1539,250.2,18.0
Mahindra,XUV400,EL Pro,38.9,39.4,110,1580,0.35,2.45,0.0136,90,456,19.8,34.6,1,0,2,1,2,0.4,-5,Kolkata,0.2972,130.9,18.0
Mahindra,XUV400,EL Pro,35.5,39.4,110,1580,0.35,2.45,0.0133,90,456,12.7,40.0,1,0,2,0,2,3.3,-2,Kolkata,0.4377,81.1,18.0
Mahindra,XUV400,EL Pro,38.9,39.4,110,1580,0.35,2.45,0.0136,90,456,83.4,31.6,0,0,0,1,2,0.4,-5,Highway_NH,0.1346,288.9,18.0
Mahindra,XUV400,EL Pro,36.7,39.4,110,1580,0.35,2.45,0.013,90,456,79.1,32.8,0,0,0,1,1,2.3,0,Highway_NH,0.1162,315.8,18.0
Mahindra,XUV400,EL Pro,35.0,39.4,110,1580,0.35,2.45,0.014,90,456,82.6,41.5,1,0,0,0,3,3.7,-8,Highway_NH,0.1567,223.3,18.0
Mahindra,XUV400,EL Pro,38.3,39.4,110,1580,0.35,2.45,0.0133,90,456,82.5,22.8,0,0,2,0,2,0.9,-2,Highway_NH,0.2345,163.3,18.0
Mahindra,XUV400,EL Pro,37.9,39.4,110,1580,0.35,2.45,0.0133,90,456,89.2,20.7,0,0,0,2,2,1.3,2,Highway_NH,0.1618,234.3,18.0
Mahindra,XUV400,EL Pro,33.8,39.4,110,1580,0.35,2.45,0.0136,90,456,89.5,44.0,1,0,0,1,2,4.7,-5,Highway_NH,0.1798,188.0,18.0
Mahindra,XUV400,EL Pro,35.6,39.4,110,1580,0.35,2.45,0.013,90,456,71.8,21.8,0,0,0,0,2,3.2,0,Highway_NH,0.1045,340.8,18.0
Mahindra,XUV400,EL Pro,37.5,39.4,110,1580,0.35,2.45,0.0136,90,456,82.2,29.7,0,0,0,2,3,1.6,-5,Highway_NH,0.1713,218.9,18.0
Mahindra,XUV400,EL Pro,38.8,39.4,110,1580,0.35,2.45,0.0136,90,456,75.9,19.8,0,0,0,1,1,0.5,-5,Highway_NH,0.1196,324.5,18.0
Mahindra,XUV400,EL Pro,38.3,39.4,110,1580,0.35,2.45,0.0136,90,456,91.6,36.4,1,0,0,0,1,0.9,-5,Expressway,0.1541,248.5,18.0
Mahindra,XUV400,EL Pro,36.1,39.4,110,1580,0.35,2.45,0.013,90,456,110.8,17.6,0,0,0,0,1,2.8,0,Expressway,0.1717,210.3,18.0
Mahindra,XUV400,EL Pro,35.6,39.4,110,1580,0.35,2.45,0.0133,90,456,112.7,22.5,0,0,0,0,2,3.2,-2,Expressway,0.1858,191.6,18.0
Mahindra,XUV400,EL Pro,33.8,39.4,110,1580,0.35,2.45,0.013,90,456,119.8,19.7,0,0,0,1,1,4.7,0,Expressway,0.2103,160.7,18.0
Mahindra,XUV400,EL Pro,37.0,39.4,110,1580,0.35,2.45,0.014,90,456,101.6,16.7,0,0,0,0,1,2.0,-8,Expressway,0.1537,240.8,18.0
Mahindra,XUV400,EL Pro,38.8,39.4,110,1580,0.35,2.45,0.0133,90,456,87.5,39.9,1,0,1,2,2,0.5,-2,Expressway,0.2587,150.0,18.0
Mahindra,XUV400,EL Pro,34.0,39.4,110,1580,0.35,2.45,0.0136,90,456,119.5,44.4,0,0,1,1,3,4.6,-5,Expressway,0.3063,111.0,18.0
Mahindra,XUV400,EL Pro,34.9,39.4,110,1580,0.35,2.45,0.0133,90,456,90.9,22.8,1,0,1,1,1,3.8,-2,Expressway,0.2043,170.8,18.0
Mahindra,XUV400,EL Pro,35.5,39.4,110,1580,0.35,2.45,0.0136,90,456,117.4,35.1,0,0,0,0,2,3.3,-5,Expressway,0.1974,179.8,18.0
Mahindra,XUV400,EL Pro,37.2,39.4,110,1580,0.35,2.45,0.0133,90,456,20.0,10.8,0,2,0,1,3,1.9,-2,Hill_Station,0.4152,89.6,18.0
Mahindra,XUV400,EL Pro,37.0,39.4,110,1580,0.35,2.45,0.0133,90,456,23.5,8.9,0,2,1,1,2,2.0,-2,Hill_Station,0.5929,62.4,18.0
Mahindra,XUV400,EL Pro,35.3,39.4,110,1580,0.35,2.45,0.013,90,456,40.0,27.3,0,2,2,2,3,3.5,0,Hill_Station,0.7741,45.6,18.0
Mahindra,XUV400,EL Pro,38.1,39.4,110,1580,0.35,2.45,0.013,90,456,32.5,27.5,0,2,0,2,2,1.1,0,Hill_Station,0.443,86.0,18.0
Mahindra,XUV400,EL Pro,36.2,39.4,110,1580,0.35,2.45,0.013,90,456,26.7,13.7,0,2,1,1,1,2.7,0,Hill_Station,0.5692,63.6,18.0
Mahindra,XUV400,EL Pro,35.0,39.4,110,1580,0.35,2.45,0.013,90,456,24.7,26.0,0,2,0,1,3,3.7,0,Hill_Station,0.3982,87.9,18.0
Mahindra,XUV400,EL Pro,36.7,39.4,110,1580,0.35,2.45,0.013,90,456,26.7,13.5,0,2,0,0,4,2.3,0,Hill_Station,0.4101,89.5,18.0
Mahindra,XUV400,EL Pro,37.7,39.4,110,1580,0.35,2.45,0.013,90,456,29.4,5.8,1,2,0,1,2,1.4,0,Hill_Station,0.4778,78.9,18.0
Mahindra,XUV400,EL Pro,38.1,39.4,110,1580,0.35,2.45,0.0133,90,456,22.8,7.0,0,2,1,2,2,1.1,-2,Hill_Station,0.6436,59.2,18.0
Mahindra,XUV400,EL Pro,37.9,39.4,110,1580,0.35,2.45,0.0136,90,456,33.5,18.3,0,2,1,2,4,1.3,-5,Hill_Station,0.6359,59.6,18.0
Mahindra,XUV400,EL Pro,34.2,39.4,110,1580,0.35,2.45,0.013,90,456,55.3,11.4,0,0,1,2,1,4.4,0,Rural_Road,0.1618,211.4,18.0
Mahindra,XUV400,EL Pro,35.6,39.4,110,1580,0.35,2.45,0.0133,90,456,54.9,30.5,0,0,2,0,2,3.2,-2,Rural_Road,0.1799,197.9,18.0
Mahindra,XUV400,EL Pro,35.7,39.4,110,1580,0.35,2.45,0.013,90,456,41.0,42.2,0,0,0,1,3,3.1,0,Rural_Road,0.0912,391.3,18.0
Mahindra,XUV400,EL Pro,36.2,39.4,110,1580,0.35,2.45,0.013,90,456,37.0,37.8,1,0,1,2,1,2.7,0,Rural_Road,0.1701,212.8,18.0
Mahindra,XUV400,EL Pro,37.3,39.4,110,1580,0.35,2.45,0.013,90,456,52.6,20.8,0,0,1,1,2,1.8,0,Rural_Road,0.1208,308.9,18.0
Mahindra,XUV400,EL Pro,35.5,39.4,110,1580,0.35,2.45,0.014,90,456,32.8,31.9,0,0,0,0,1,3.3,-8,Rural_Road,0.0819,433.2,18.0
Mahindra,XUV400,EL Pro,35.3,39.4,110,1580,0.35,2.45,0.013,90,456,43.4,30.8,1,0,1,1,1,3.5,0,Rural_Road,0.1418,248.9,18.0
Mahindra,XUV400,EL Pro,37.5,39.4,110,1580,0.35,2.45,0.0133,90,456,47.9,15.5,0,0,0,1,2,1.6,-2,Rural_Road,0.0866,433.2,18.0
Mahindra,XUV400,EL Pro,35.3,39.4,110,1580,0.35,2.45,0.0136,90,456,36.9,15.8,0,0,1,0,4,3.5,-5,Rural_Road,0.1057,334.0,18.0
Mahindra,XUV400,EL Pro,35.0,39.4,110,1580,0.35,2.45,0.0136,90,456,54.8,22.9,0,0,0,2,3,3.7,-5,Rural_Road,0.1103,317.4,18.0
Mahindra,XUV400,EL Pro,36.6,39.4,110,1580,0.35,2.45,0.013,90,456,56.5,28.4,0,0,0,1,3,2.4,0,Rural_Road,0.1004,364.7,18.0
Mahindra,XUV400,EL Pro,37.4,39.4,110,1580,0.35,2.45,0.0136,90,456,51.7,31.5,0,0,1,2,1,1.7,-5,Rural_Road,0.1452,257.6,18.0
Mahindra,XUV400,EL Pro,34.3,39.4,110,1580,0.35,2.45,0.0133,90,456,31.2,20.2,0,2,1,0,1,4.3,2,Ghat_Road,0.4214,81.4,18.0
Mahindra,XUV400,EL Pro,34.8,39.4,110,1580,0.35,2.45,0.014,90,456,22.3,24.7,0,2,2,0,2,3.9,-8,Ghat_Road,0.7632,45.6,18.0
Mahindra,XUV400,EL Pro,35.9,39.4,110,1580,0.35,2.45,0.013,90,456,16.7,28.1,1,2,1,1,2,3.0,0,Ghat_Road,0.5636,63.7,18.0
Mahindra,XUV400,EL Pro,36.3,39.4,110,1580,0.35,2.45,0.0133,90,456,25.7,19.1,0,2,2,1,3,2.6,-2,Ghat_Road,0.7961,45.6,18.0
Mahindra,XUV400,EL Pro,35.3,39.4,110,1580,0.35,2.45,0.0133,90,456,25.9,15.2,0,2,0,2,1,3.5,-2,Ghat_Road,0.4268,82.7,18.0
Mahindra,XUV400,EL Pro,34.7,39.4,110,1580,0.35,2.45,0.0133,90,456,28.4,28.6,0,2,2,0,1,4.0,-2,Ghat_Road,0.6885,50.4,18.0
Mahindra,XUV400,EL Pro,36.4,39.4,110,1580,0.35,2.45,0.013,90,456,29.8,21.8,0,2,0,0,2,2.5,0,Ghat_Road,0.3527,103.2,18.0
Mahindra,XUV400,EL Pro,36.0,39.4,110,1580,0.35,2.45,0.014,90,456,21.4,15.8,0,2,1,1,4,2.9,-8,Ghat_Road,0.5634,63.9,18.0
Mahindra,XUV400,EL Pro,37.0,39.4,110,1580,0.35,2.45,0.0133,90,456,16.0,12.5,0,2,1,1,4,2.0,-2,Ghat_Road,0.6056,61.1,18.0
Mahindra,XUV400,EL Pro,35.5,39.4,110,1580,0.35,2.45,0.0133,90,456,19.2,12.8,0,2,0,0,1,3.3,-2,Ghat_Road,0.3785,93.8,18.0
Mahindra,XUV400,EL Pro,33.7,39.4,110,1580,0.35,2.45,0.0133,90,456,31.9,17.3,0,2,0,0,2,4.8,-2,Ghat_Road,0.3394,99.3,18.0
Mahindra,XUV400,EC Pro,30.7,34.5,110,1560,0.35,2.45,0.013,90,375,28.7,17.8,0,0,2,1,2,3.7,0,Delhi,0.1501,204.5,16.0
Mahindra,XUV400,EC Pro,30.2,34.5,110,1560,0.35,2.45,0.0133,90,375,25.6,27.1,0,0,2,2,2,4.2,-2,Delhi,0.1386,217.9,16.0
Mahindra,XUV400,EC Pro,29.4,34.5,110,1560,0.35,2.45,0.0136,90,375,32.7,32.5,1,0,2,1,2,4.9,-5,Delhi,0.2059,142.8,16.0
Mahindra,XUV400,EC Pro,33.5,34.5,110,1560,0.35,2.45,0.0133,90,375,23.1,33.4,0,0,1,0,3,1.0,-2,Delhi,0.094,356.25,16.0
Mahindra,XUV400,EC Pro,33.3,34.5,110,1560,0.35,2.45,0.0136,90,375,31.4,44.8,1,0,2,0,1,1.2,-5,Delhi,0.2519,132.2,16.0
Mahindra,XUV400,EC Pro,31.4,34.5,110,1560,0.35,2.45,0.0136,90,375,31.1,11.6,0,0,2,1,1,3.0,-5,Delhi,0.1507,208.3,16.0
Mahindra,XUV400,EC Pro,31.3,34.5,110,1560,0.35,2.45,0.0136,90,375,25.9,35.7,1,0,2,1,1,3.1,-5,Delhi,0.2687,116.5,16.0
Mahindra,XUV400,EC Pro,31.4,34.5,110,1560,0.35,2.45,0.013,90,375,20.6,46.6,1,0,1,0,1,3.0,0,Delhi,0.1795,174.9,16.0
Mahindra,XUV400,EC Pro,33.6,34.5,110,1560,0.35,2.45,0.0136,90,375,33.6,38.2,1,0,2,0,4,0.9,-5,Delhi,0.2251,149.3,16.0
Mahindra,XUV400,EC Pro,34.1,34.5,110,1560,0.35,2.45,0.014,90,375,21.9,30.1,1,0,1,1,3,0.4,-8,Mumbai,0.1368,249.3,16.0
Mahindra,XUV400,EC Pro,34.1,34.5,110,1560,0.35,2.45,0.014,90,375,19.5,22.2,1,0,2,1,2,0.4,-8,Mumbai,0.1577,216.3,16.0
Mahindra,XUV400,EC Pro,30.9,34.5,110,1560,0.35,2.45,0.013,90,375,23.8,28.3,1,0,0,2,3,3.5,0,Mumbai,0.0905,341.3,16.0
Mahindra,XUV400,EC Pro,30.6,34.5,110,1560,0.35,2.45,0.0136,90,375,20.6,36.4,0,0,0,1,1,3.8,-5,Mumbai,0.0859,356.25,16.0
Mahindra,XUV400,EC Pro,33.6,34.5,110,1560,0.35,2.45,0.0133,90,375,12.7,30.0,0,0,2,2,2,0.9,-2,Mumbai,0.1782,188.5,16.0
Mahindra,XUV400,EC Pro,34.3,34.5,110,1560,0.35,2.45,0.0133,90,375,26.0,31.3,0,0,2,0,1,0.2,-2,Mumbai,0.1076,318.9,16.0
Mahindra,XUV400,EC Pro,30.9,34.5,110,1560,0.35,2.45,0.013,90,375,29.7,37.3,0,0,1,1,4,3.5,0,Mumbai,0.0867,356.25,16.0
Mahindra,XUV400,EC Pro,31.6,34.5,110,1560,0.35,2.45,0.013,90,375,14.5,29.0,1,0,0,1,3,2.8,0,Mumbai,0.0999,316.3,16.0
Mahindra,XUV400,EC Pro,31.3,34.5,110,1560,0.35,2.45,0.0136,90,375,22.1,20.0,0,0,1,1,1,3.1,-5,Mumbai,0.0879,356.25,16.0
Mahindra,XUV400,EC Pro,30.4,34.5,110,1560,0.35,2.45,0.0133,90,375,16.5,30.9,1,0,2,1,5,4.0,-2,Mumbai,0.2618,116.1,16.0
Mahindra,XUV400,EC Pro,32.1,34.5,110,1560,0.35,2.45,0.0133,90,375,17.4,35.2,1,1,0,1,2,2.3,-2,Bangalore,0.2403,133.6,16.0
Mahindra,XUV400,EC Pro,31.1,34.5,110,1560,0.35,2.45,0.014,90,375,21.2,37.1,0,1,1,1,2,3.3,-8,Bangalore,0.2018,154.1,16.0
Mahindra,XUV400,EC Pro,31.5,34.5,110,1560,0.35,2.45,0.013,90,375,18.8,36.5,1,1,0,2,3,2.9,0,Bangalore,0.248,127.0,16.0
Mahindra,XUV400,EC Pro,32.1,34.5,110,1560,0.35,2.45,0.013,90,375,20.2,21.8,1,1,2,1,1,2.3,0,Bangalore,0.3482,92.2,16.0
Mahindra,XUV400,EC Pro,31.4,34.5,110,1560,0.35,2.45,0.013,90,375,30.0,23.0,1,1,1,0,2,3.0,0,Bangalore,0.1913,164.1,16.0
Mahindra,XUV400,EC Pro,31.1,34.5,110,1560,0.35,2.45,0.013,90,375,30.5,28.6,1,1,2,1,1,3.3,0,Bangalore,0.3892,79.9,16.0
Mahindra,XUV400,EC Pro,31.5,34.5,110,1560,0.35,2.45,0.013,90,375,15.5,34.6,0,1,1,0,5,2.9,0,Bangalore,0.2206,142.8,16.0
Mahindra,XUV400,EC Pro,29.9,34.5,110,1560,0.35,2.45,0.0133,90,375,25.1,19.2,1,1,2,0,4,4.4,-2,Bangalore,0.3615,82.7,16.0
Mahindra,XUV400,EC Pro,32.5,34.5,110,1560,0.35,2.45,0.013,90,375,22.1,24.6,0,1,2,2,3,1.9,0,Bangalore,0.3911,83.1,16.0
Mahindra,XUV400,EC Pro,31.4,34.5,110,1560,0.35,2.45,0.0133,90,375,17.7,31.9,1,0,2,1,2,3.0,-2,Chennai,0.253,124.1,16.0
Mahindra,XUV400,EC Pro,33.2,34.5,110,1560,0.35,2.45,0.013,90,375,15.8,35.6,1,0,2,1,1,1.3,0,Chennai,0.3284,101.1,16.0
Mahindra,XUV400,EC Pro,34.4,34.5,110,1560,0.35,2.45,0.013,90,375,19.9,23.1,0,0,2,2,2,0.1,0,Chennai,0.1511,227.7,16.0
Mahindra,XUV400,EC Pro,33.3,34.5,110,1560,0.35,2.45,0.0133,90,375,31.4,27.3,0,0,2,2,4,1.2,-2,Chennai,0.159,209.4,16.0
Mahindra,XUV400,EC Pro,32.8,34.5,110,1560,0.35,2.45,0.014,90,375,32.2,39.6,1,0,1,1,1,1.6,-8,Chennai,0.1385,236.8,16.0
Mahindra,XUV400,EC Pro,32.7,34.5,110,1560,0.35,2.45,0.013,90,375,26.3,41.5,1,0,1,1,3,1.7,0,Chennai,0.1842,177.5,16.0
Mahindra,XUV400,EC Pro,33.6,34.5,110,1560,0.35,2.45,0.013,90,375,15.5,26.2,0,0,1,2,1,0.9,0,Chennai,0.0943,356.25,16.0
Mahindra,XUV400,EC Pro,32.8,34.5,110,1560,0.35,2.45,0.0133,90,375,19.4,30.5,0,0,1,1,1,1.6,-2,Chennai,0.0921,356.25,16.0
Mahindra,XUV400,EC Pro,32.8,34.5,110,1560,0.35,2.45,0.013,90,375,18.8,28.4,0,1,1,2,1,1.6,0,Pune,0.2343,140.0,16.0
Mahindra,XUV400,EC Pro,30.8,34.5,110,1560,0.35,2.45,0.0133,90,375,34.4,18.7,0,1,2,1,1,3.6,-2,Pune,0.3215,95.8,16.0
Mahindra,XUV400,EC Pro,31.5,34.5,110,1560,0.35,2.45,0.0136,90,375,39.2,29.0,0,1,1,2,1,2.9,-5,Pune,0.2412,130.6,16.0
Mahindra,XUV400,EC Pro,31.4,34.5,110,1560,0.35,2.45,0.0136,90,375,19.8,18.0,0,1,0,1,4,3.0,-5,Pune,0.1559,201.4,16.0
Mahindra,XUV400,EC Pro,34.0,34.5,110,1560,0.35,2.45,0.0133,90,375,36.3,23.5,0,1,1,0,4,0.5,-2,Pune,0.1973,172.3,16.0
Mahindra,XUV400,EC Pro,33.4,34.5,110,1560,0.35,2.45,0.014,90,375,34.4,26.1,0,1,2,2,2,1.1,-8,Pune,0.418,79.9,16.0
Mahindra,XUV400,EC Pro,34.3,34.5,110,1560,0.35,2.45,0.013,90,375,36.1,36.4,0,1,2,1,2,0.2,0,Pune,0.3308,103.7,16.0
Mahindra,XUV400,EC Pro,31.3,34.5,110,1560,0.35,2.45,0.0136,90,375,30.5,37.8,0,1,0,1,2,3.1,-5,Pune,0.1668,187.6,16.0
Mahindra,XUV400,EC Pro,32.5,34.5,110,1560,0.35,2.45,0.0136,90,375,21.8,32.3,0,1,0,1,4,1.9,-5,Pune,0.1689,192.4,16.0
Mahindra,XUV400,EC Pro,34.1,34.5,110,1560,0.35,2.45,0.0133,90,375,20.1,32.6,0,0,2,1,1,0.4,-2,Hyderabad,0.126,270.7,16.0
Mahindra,XUV400,EC Pro,31.6,34.5,110,1560,0.35,2.45,0.013,90,375,20.3,39.5,1,0,1,1,1,2.8,0,Hyderabad,0.1659,190.5,16.0
Mahindra,XUV400,EC Pro,31.7,34.5,110,1560,0.35,2.45,0.013,90,375,27.2,28.5,0,0,2,2,4,2.7,0,Hyderabad,0.1652,191.9,16.0
Mahindra,XUV400,EC Pro,34.3,34.5,110,1560,0.35,2.45,0.0133,90,375,22.8,42.4,1,0,1,2,3,0.2,-2,Hyderabad,0.2178,157.5,16.0
Mahindra,XUV400,EC Pro,34.2,34.5,110,1560,0.35,2.45,0.0136,90,375,30.6,27.0,0,0,2,1,2,0.3,-5,Hyderabad,0.147,232.7,16.0
Mahindra,XUV400,EC Pro,30.2,34.5,110,1560,0.35,2.45,0.0136,90,375,33.7,38.1,1,0,2,1,1,4.2,-5,Hyderabad,0.2209,136.7,16.0
Mahindra,XUV400,EC Pro,31.1,34.5,110,1560,0.35,2.45,0.013,90,375,25.7,34.8,0,0,2,0,1,3.3,0,Hyderabad,0.1113,279.4,16.0
Mahindra,XUV400,EC Pro,33.9,34.5,110,1560,0.35,2.45,0.0133,90,375,24.5,16.6,0,0,1,1,4,0.6,-2,Hyderabad,0.0952,356.25,16.0
Mahindra,XUV400,EC Pro,31.6,34.5,110,1560,0.35,2.45,0.013,90,375,17.7,35.6,0,0,2,2,2,2.8,0,Kolkata,0.1635,193.3,16.0
Mahindra,XUV400,EC Pro,31.2,34.5,110,1560,0.35,2.45,0.013,90,375,12.9,16.6,0,0,1,1,2,3.2,0,Kolkata,0.0876,356.25,16.0
Mahindra,XUV400,EC Pro,31.1,34.5,110,1560,0.35,2.45,0.014,90,375,27.8,37.0,1,0,2,1,1,3.3,-8,Kolkata,0.259,120.1,16.0
Mahindra,XUV400,EC Pro,30.0,34.5,110,1560,0.35,2.45,0.014,90,375,21.2,41.9,1,0,1,1,1,4.3,-8,Kolkata,0.1946,154.2,16.0
Mahindra,XUV400,EC Pro,34.3,34.5,110,1560,0.35,2.45,0.013,90,375,14.0,32.6,1,0,1,2,2,0.2,0,Kolkata,0.1903,180.2,16.0
Mahindra,XUV400,EC Pro,30.6,34.5,110,1560,0.35,2.45,0.0136,90,375,20.6,30.8,0,0,2,0,3,3.8,-5,Kolkata,0.1279,239.2,16.0
Mahindra,XUV400,EC Pro,31.4,34.5,110,1560,0.35,2.45,0.0133,90,375,21.8,28.8,1,0,1,0,2,3.0,-2,Kolkata,0.1051,298.8,16.0
Mahindra,XUV400,EC Pro,29.4,34.5,110,1560,0.35,2.45,0.0136,90,375,17.2,26.9,0,0,2,0,3,4.9,-5,Kolkata,0.1181,249.0,16.0
Mahindra,XUV400,EC Pro,29.6,34.5,110,1560,0.35,2.45,0.0136,90,375,17.5,17.4,0,0,2,0,2,4.7,-5,Kolkata,0.1104,268.2,16.0
Mahindra,XUV400,EC Pro,32.1,34.5,110,1560,0.35,2.45,0.0136,90,375,91.4,36.6,0,0,0,0,4,2.3,-5,Highway_NH,0.1074,299.0,16.0
Mahindra,XUV400,EC Pro,32.5,34.5,110,1560,0.35,2.45,0.0133,90,375,75.1,44.5,0,0,0,1,2,1.9,-2,Highway_NH,0.1028,316.0,16.0
Mahindra,XUV400,EC Pro,30.8,34.5,110,1560,0.35,2.45,0.0133,90,375,99.9,22.1,0,0,0,0,1,3.6,-2,Highway_NH,0.1132,272.1,16.0
Mahindra,XUV400,EC Pro,30.3,34.5,110,1560,0.35,2.45,0.013,90,375,81.2,33.1,0,0,0,0,4,4.1,0,Highway_NH,0.0925,327.5,16.0
Mahindra,XUV400,EC Pro,33.6,34.5,110,1560,0.35,2.45,0.0133,90,375,93.7,42.8,1,0,1,0,2,0.9,-2,Highway_NH,0.186,180.6,16.0
Mahindra,XUV400,EC Pro,30.9,34.5,110,1560,0.35,2.45,0.013,90,375,89.0,35.9,0,0,1,2,3,3.5,0,Highway_NH,0.1806,171.1,16.0
Mahindra,XUV400,EC Pro,29.8,34.5,110,1560,0.35,2.45,0.0133,90,375,95.3,20.9,0,0,1,1,1,4.5,-2,Highway_NH,0.1604,185.8,16.0
Mahindra,XUV400,EC Pro,31.0,34.5,110,1560,0.35,2.45,0.0133,90,375,74.9,26.6,0,0,0,0,1,3.4,-2,Highway_NH,0.0909,341.1,16.0
Mahindra,XUV400,EC Pro,34.3,34.5,110,1560,0.35,2.45,0.0133,90,375,79.4,40.8,1,0,1,1,2,0.2,-2,Highway_NH,0.1883,182.2,16.0
Mahindra,XUV400,EC Pro,30.9,34.5,110,1560,0.35,2.45,0.013,90,375,81.2,23.6,0,0,2,1,4,3.5,0,Highway_NH,0.2377,130.0,16.0
Mahindra,XUV400,EC Pro,31.7,34.5,110,1560,0.35,2.45,0.013,90,375,89.4,37.4,0,0,2,1,2,2.7,0,Highway_NH,0.2846,111.4,16.0
Mahindra,XUV400,EC Pro,30.6,34.5,110,1560,0.35,2.45,0.013,90,375,80.6,30.7,0,0,0,0,1,3.8,0,Expressway,0.0959,319.0,16.0
Mahindra,XUV400,EC Pro,30.4,34.5,110,1560,0.35,2.45,0.0136,90,375,116.6,28.0,0,0,0,1,1,4.0,-5,Expressway,0.1675,181.5,16.0
Mahindra,XUV400,EC Pro,31.5,34.5,110,1560,0.35,2.45,0.0136,90,375,106.2,15.5,0,0,0,1,1,2.9,-5,Expressway,0.1379,228.5,16.0
Mahindra,XUV400,EC Pro,33.3,34.5,110,1560,0.35,2.45,0.0133,90,375,95.3,43.4,1,0,0,1,4,1.2,-2,Expressway,0.1558,213.7,16.0
Mahindra,XUV400,EC Pro,34.4,34.5,110,1560,0.35,2.45,0.013,90,375,88.2,30.5,1,0,1,1,2,0.1,0,Expressway,0.1517,226.7,16.0
Mahindra,XUV400,EC Pro,29.8,34.5,110,1560,0.35,2.45,0.0133,90,375,86.5,40.3,1,0,0,2,1,4.5,-2,Expressway,0.1729,172.4,16.0
Mahindra,XUV400,EC Pro,33.3,34.5,110,1560,0.35,2.45,0.013,90,375,94.6,41.0,1,0,0,1,1,1.2,0,Expressway,0.161,206.8,16.0
Mahindra,XUV400,EC Pro,32.7,34.5,110,1560,0.35,2.45,0.0136,90,375,96.1,38.4,0,0,0,1,3,1.7,-5,Expressway,0.1507,217.0,16.0
Mahindra,XUV400,EC Pro,32.4,34.5,110,1560,0.35,2.45,0.0136,90,375,89.9,17.3,1,0,1,1,4,2.0,-5,Expressway,0.1727,187.6,16.0
Mahindra,XUV400,EC Pro,33.4,34.5,110,1560,0.35,2.45,0.013,90,375,30.7,16.4,0,2,1,1,4,1.1,0,Hill_Station,0.482,69.3,16.0
Mahindra,XUV400,EC Pro,32.4,34.5,110,1560,0.35,2.45,0.0136,90,375,38.8,22.3,0,2,0,2,4,2.0,-5,Hill_Station,0.4025,80.5,16.0
Mahindra,XUV400,EC Pro,33.1,34.5,110,1560,0.35,2.45,0.013,90,375,34.4,20.2,0,2,1,2,3,1.4,0,Hill_Station,0.5246,63.1,16.0
Mahindra,XUV400,EC Pro,33.3,34.5,110,1560,0.35,2.45,0.013,90,375,21.4,22.4,0,2,0,0,3,1.2,0,Hill_Station,0.2898,114.9,16.0
Mahindra,XUV400,EC Pro,29.8,34.5,110,1560,0.35,2.45,0.0133,90,375,23.4,7.1,1,2,2,2,2,4.5,-2,Hill_Station,0.7947,37.5,16.0
Mahindra,XUV400,EC Pro,29.4,34.5,110,1560,0.35,2.45,0.013,90,375,27.6,6.0,0,2,1,2,2,4.9,0,Hill_Station,0.588,50.0,16.0
Mahindra,XUV400,EC Pro,31.0,34.5,110,1560,0.35,2.45,0.013,90,375,26.2,20.4,0,2,2,2,3,3.4,0,Hill_Station,0.8267,37.5,16.0
Mahindra,XUV400,EC Pro,31.5,34.5,110,1560,0.35,2.45,0.013,90,375,21.3,25.0,0,2,1,1,4,2.9,0,Hill_Station,0.5207,60.5,16.0
Mahindra,XUV400,EC Pro,31.5,34.5,110,1560,0.35,2.45,0.013,90,375,44.1,30.2,0,0,0,1,1,2.9,0,Rural_Road,0.0884,356.25,16.0
Mahindra,XUV400,EC Pro,29.5,34.5,110,1560,0.35,2.45,0.0136,90,375,49.0,29.1,0,0,0,1,1,4.8,-5,Rural_Road,0.0828,356.25,16.0
Mahindra,XUV400,EC Pro,32.0,34.5,110,1560,0.35,2.45,0.013,90,375,55.1,32.2,0,0,1,0,5,2.4,0,Rural_Road,0.1007,317.7,16.0
Mahindra,XUV400,EC Pro,31.9,34.5,110,1560,0.35,2.45,0.013,90,375,49.5,36.5,1,0,0,2,1,2.5,0,Rural_Road,0.1113,286.7,16.0
Mahindra,XUV400,EC Pro,32.4,34.5,110,1560,0.35,2.45,0.013,90,375,50.8,14.0,0,0,0,1,1,2.0,0,Rural_Road,0.0909,356.25,16.0
Mahindra,XUV400,EC Pro,34.3,34.5,110,1560,0.35,2.45,0.013,90,375,43.5,13.7,0,0,0,1,4,0.2,0,Rural_Road,0.0963,356.25,16.0
Mahindra,XUV400,EC Pro,30.8,34.5,110,1560,0.35,2.45,0.013,90,375,34.9,35.6,1,0,2,0,2,3.6,0,Rural_Road,0.1801,171.0,16.0
Mahindra,XUV400,EC Pro,33.1,34.5,110,1560,0.35,2.45,0.013,90,375,54.5,29.0,0,0,1,2,1,1.4,0,Rural_Road,0.1136,291.4,16.0
Mahindra,XUV400,EC Pro,33.6,34.5,110,1560,0.35,2.45,0.0133,90,375,28.1,19.5,0,2,2,1,1,0.9,-2,Ghat_Road,0.6871,48.9,16.0
Mahindra,XUV400,EC Pro,29.3,34.5,110,1560,0.35,2.45,0.013,90,375,34.3,28.1,1,2,1,1,3,5.0,0,Ghat_Road,0.4399,66.6,16.0
Mahindra,XUV400,EC Pro,33.4,34.5,110,1560,0.35,2.45,0.0133,90,375,23.3,32.2,0,2,1,1,2,1.1,-2,Ghat_Road,0.4014,83.2,16.0
Mahindra,XUV400,EC Pro,31.6,34.5,110,1560,0.35,2.45,0.013,90,375,24.7,20.6,0,2,2,1,3,2.8,0,Ghat_Road,0.7054,44.8,16.0
Mahindra,XUV400,EC Pro,34.1,34.5,110,1560,0.35,2.45,0.013,90,375,16.9,25.2,0,2,1,1,4,0.4,0,Ghat_Road,0.4523,75.4,16.0
Mahindra,XUV400,EC Pro,33.6,34.5,110,1560,0.35,2.45,0.013,90,375,27.4,14.2,0,2,1,2,1,0.9,0,Ghat_Road,0.4993,67.3,16.0
Mahindra,XUV400,EC Pro,31.6,34.5,110,1560,0.35,2.45,0.013,90,375,22.9,10.8,0,2,0,2,2,2.8,0,Ghat_Road,0.4031,78.4,16.0
Mahindra,XUV400,EC Pro,32.4,34.5,110,1560,0.35,2.45,0.0136,90,375,27.4,29.1,0,2,2,1,3,2.0,-5,Ghat_Road,0.7297,44.4,16.0
Mahindra,XUV400,EC Pro,32.3,34.5,110,1560,0.35,2.45,0.0133,90,375,21.2,18.7,0,2,1,1,3,2.1,-2,Ghat_Road,0.4588,70.4,16.0
Mahindra,XUV400,EC Pro,31.8,34.5,110,1560,0.35,2.45,0.0136,90,375,34.7,30.7,0,2,1,0,2,2.6,-5,Ghat_Road,0.375,84.8,16.0
Mahindra,XUV400,EC Pro,30.5,34.5,110,1560,0.35,2.45,0.0136,90,375,29.4,23.6,0,2,1,1,1,3.9,-5,Ghat_Road,0.3724,81.9,16.0
Mahindra,XUV400,EC Pro,34.1,34.5,110,1560,0.35,2.45,0.014,90,375,16.1,12.0,0,2,2,1,3,0.4,-8,Ghat_Road,0.8024,42.5,16.0
Mahindra,XEV 9e,Long Range,50.7,59.2,175,1900,0.26,2.3,0.0119,93,542,29.8,32.4,1,0,2,1,4,4.8,-8,Delhi,0.3426,148.0,22.0
Mahindra,XEV 9e,Long Range,57.6,59.2,175,1900,0.26,2.3,0.0116,93,542,22.1,35.6,1,0,2,1,4,0.9,-5,Delhi,0.4507,127.8,22.0
Mahindra,XEV 9e,Long Range,55.1,59.2,175,1900,0.26,2.3,0.011,93,542,22.5,39.6,0,0,2,2,2,2.3,0,Delhi,0.2347,234.8,22.0
Mahindra,XEV 9e,Long Range,51.7,59.2,175,1900,0.26,2.3,0.0112,93,542,34.9,39.4,1,0,2,0,1,4.2,-2,Delhi,0.2858,180.9,22.0
Mahindra,XEV 9e,Long Range,54.9,59.2,175,1900,0.26,2.3,0.0116,93,542,18.7,14.1,0,0,2,1,1,2.4,-5,Delhi,0.2111,260.1,22.0
Mahindra,XEV 9e,Long Range,56.4,59.2,175,1900,0.26,2.3,0.0116,93,542,28.2,27.7,0,0,2,1,3,1.6,-5,Delhi,0.2211,255.1,22.0
Mahindra,XEV 9e,Long Range,54.4,59.2,175,1900,0.26,2.3,0.011,93,542,32.1,38.1,0,0,2,1,3,2.7,0,Delhi,0.2071,262.7,22.0
Mahindra,XEV 9e,Long Range,54.0,59.2,175,1900,0.26,2.3,0.011,93,542,23.7,21.6,1,0,1,1,2,2.9,0,Delhi,0.1313,411.3,22.0
Mahindra,XEV 9e,Long Range,58.3,59.2,175,1900,0.26,2.3,0.0112,93,542,25.3,30.3,0,0,2,0,2,0.5,-2,Delhi,0.1824,319.6,22.0
Mahindra,XEV 9e,Long Range,54.4,59.2,175,1900,0.26,2.3,0.0116,93,542,22.5,24.2,1,0,2,1,2,2.7,-5,Mumbai,0.2412,225.5,22.0
Mahindra,XEV 9e,Long Range,55.8,59.2,175,1900,0.26,2.3,0.0112,93,542,13.3,37.0,0,0,2,1,4,1.9,-2,Mumbai,0.2129,262.1,22.0
Mahindra,XEV 9e,Long Range,50.7,59.2,175,1900,0.26,2.3,0.0112,93,542,19.4,28.1,1,0,2,1,3,4.8,-2,Mumbai,0.3516,144.2,22.0
Mahindra,XEV 9e,Long Range,54.0,59.2,175,1900,0.26,2.3,0.0116,93,542,13.9,29.7,0,0,0,1,1,2.9,-5,Mumbai,0.1049,514.9,22.0
Mahindra,XEV 9e,Long Range,58.5,59.2,175,1900,0.26,2.3,0.011,93,542,17.6,19.9,0,0,1,0,4,0.4,0,Mumbai,0.1239,472.3,22.0
Mahindra,XEV 9e,Long Range,59.0,59.2,175,1900,0.26,2.3,0.0116,93,542,23.9,31.6,1,0,2,1,4,0.1,-5,Mumbai,0.3565,165.5,22.0
Mahindra,XEV 9e,Long Range,51.4,59.2,175,1900,0.26,2.3,0.0112,93,542,24.8,35.8,1,0,1,0,2,4.4,2,Mumbai,0.1941,264.8,22.0
Mahindra,XEV 9e,Long Range,53.2,59.2,175,1900,0.26,2.3,0.0119,93,542,26.6,25.6,0,0,2,0,3,3.4,-8,Mumbai,0.1936,274.8,22.0
Mahindra,XEV 9e,Long Range,50.5,59.2,175,1900,0.26,2.3,0.0116,93,542,14.8,36.7,1,0,2,1,4,4.9,-5,Mumbai,0.4875,103.6,22.0
Mahindra,XEV 9e,Long Range,57.1,59.2,175,1900,0.26,2.3,0.0112,93,542,19.7,29.8,0,0,2,1,1,1.2,-2,Mumbai,0.1893,301.6,22.0
Mahindra,XEV 9e,Long Range,57.6,59.2,175,1900,0.26,2.3,0.011,93,542,22.5,25.0,0,0,2,1,4,0.9,0,Mumbai,0.1964,293.3,22.0
Mahindra,XEV 9e,Long Range,58.8,59.2,175,1900,0.26,2.3,0.0112,93,542,34.3,23.2,0,1,2,0,4,0.2,2,Bangalore,0.5892,99.8,22.0
Mahindra,XEV 9e,Long Range,51.4,59.2,175,1900,0.26,2.3,0.0112,93,542,30.3,16.6,0,1,2,1,3,4.4,-2,Bangalore,0.609,84.4,22.0
Mahindra,XEV 9e,Long Range,53.7,59.2,175,1900,0.26,2.3,0.011,93,542,18.3,24.8,0,1,2,0,3,3.1,0,Bangalore,0.553,97.1,22.0
Mahindra,XEV 9e,Long Range,50.5,59.2,175,1900,0.26,2.3,0.0112,93,542,18.9,23.6,0,1,1,1,1,4.9,-2,Bangalore,0.3186,158.5,22.0
Mahindra,XEV 9e,Long Range,56.2,59.2,175,1900,0.26,2.3,0.0112,93,542,17.4,26.0,0,1,1,2,1,1.7,2,Bangalore,0.3881,144.8,22.0
Mahindra,XEV 9e,Long Range,54.8,59.2,175,1900,0.26,2.3,0.0116,93,542,32.1,27.1,0,1,1,1,1,2.5,-5,Bangalore,0.3383,162.0,22.0
Mahindra,XEV 9e,Long Range,52.6,59.2,175,1900,0.26,2.3,0.0112,93,542,31.5,32.0,0,1,2,1,1,3.7,-2,Bangalore,0.4893,107.5,22.0
Mahindra,XEV 9e,Long Range,57.4,59.2,175,1900,0.26,2.3,0.011,93,542,24.9,15.9,0,1,2,1,4,1.0,0,Bangalore,0.6055,94.8,22.0
Mahindra,XEV 9e,Long Range,50.7,59.2,175,1900,0.26,2.3,0.011,93,542,15.2,34.6,1,1,1,1,4,4.8,0,Bangalore,0.5025,100.9,22.0
Mahindra,XEV 9e,Long Range,59.2,59.2,175,1900,0.26,2.3,0.011,93,542,26.2,22.7,0,1,1,1,2,0.0,0,Bangalore,0.3553,166.6,22.0
Mahindra,XEV 9e,Long Range,53.9,59.2,175,1900,0.26,2.3,0.011,93,542,33.7,25.1,0,1,1,2,3,3.0,0,Bangalore,0.4013,134.3,22.0
Mahindra,XEV 9e,Long Range,57.4,59.2,175,1900,0.26,2.3,0.011,93,542,32.4,23.3,0,1,2,1,3,1.0,0,Bangalore,0.5798,99.0,22.0
Mahindra,XEV 9e,Long Range,56.2,59.2,175,1900,0.26,2.3,0.0116,93,542,28.2,39.1,1,0,2,1,2,1.7,-5,Chennai,0.3341,168.2,22.0
Mahindra,XEV 9e,Long Range,53.0,59.2,175,1900,0.26,2.3,0.011,93,542,22.6,39.6,1,0,2,1,1,3.5,0,Chennai,0.3767,140.7,22.0
Mahindra,XEV 9e,Long Range,58.8,59.2,175,1900,0.26,2.3,0.0112,93,542,17.7,40.3,1,0,2,0,1,0.2,-2,Chennai,0.5122,114.8,22.0
Mahindra,XEV 9e,Long Range,51.0,59.2,175,1900,0.26,2.3,0.011,93,542,15.7,41.8,1,0,2,1,1,4.6,0,Chennai,0.6,85.0,22.0
Mahindra,XEV 9e,Long Range,53.7,59.2,175,1900,0.26,2.3,0.011,93,542,30.0,32.9,0,0,2,1,2,3.1,0,Chennai,0.2043,262.8,22.0
Mahindra,XEV 9e,Long Range,51.2,59.2,175,1900,0.26,2.3,0.0112,93,542,33.3,29.5,0,0,2,1,1,4.5,-2,Chennai,0.2026,252.7,22.0
Mahindra,XEV 9e,Long Range,55.5,59.2,175,1900,0.26,2.3,0.011,93,542,25.5,35.4,0,0,0,0,5,2.1,0,Chennai,0.1078,514.9,22.0
Mahindra,XEV 9e,Long Range,58.5,59.2,175,1900,0.26,2.3,0.0116,93,542,31.6,28.7,0,0,0,1,2,0.4,-5,Chennai,0.1136,514.9,22.0
Mahindra,XEV 9e,Long Range,56.0,59.2,175,1900,0.26,2.3,0.0112,93,542,16.8,22.8,0,0,0,0,2,1.8,-2,Chennai,0.1088,514.9,22.0
Mahindra,XEV 9e,Long Range,54.9,59.2,175,1900,0.26,2.3,0.0112,93,542,22.9,27.2,0,1,1,0,4,2.4,-2,Pune,0.3438,159.7,22.0
Mahindra,XEV 9e,Long Range,57.1,59.2,175,1900,0.26,2.3,0.0112,93,542,35.8,21.1,0,1,1,0,3,1.2,2,Pune,0.3425,166.7,22.0
Mahindra,XEV 9e,Long Range,50.9,59.2,175,1900,0.26,2.3,0.011,93,542,36.3,20.2,0,1,0,0,2,4.7,0,Pune,0.238,213.9,22.0
Mahindra,XEV 9e,Long Range,50.3,59.2,175,1900,0.26,2.3,0.0112,93,542,26.2,32.5,1,1,1,1,2,5.0,-2,Pune,0.4632,108.6,22.0
Mahindra,XEV 9e,Long Range,50.7,59.2,175,1900,0.26,2.3,0.0112,93,542,22.0,14.9,1,1,2,1,1,4.8,-2,Pune,0.6751,75.1,22.0
Mahindra,XEV 9e,Long Range,57.1,59.2,175,1900,0.26,2.3,0.011,93,542,39.4,39.2,0,1,2,1,2,1.2,0,Pune,0.5469,104.4,22.0
Mahindra,XEV 9e,Long Range,53.2,59.2,175,1900,0.26,2.3,0.011,93,542,33.4,34.7,1,1,2,1,1,3.4,0,Pune,0.6991,76.1,22.0
Mahindra,XEV 9e,Long Range,57.6,59.2,175,1900,0.26,2.3,0.0116,93,542,27.0,18.2,0,1,1,0,1,0.9,-5,Pune,0.3349,172.0,22.0
Mahindra,XEV 9e,Long Range,52.8,59.2,175,1900,0.26,2.3,0.0112,93,542,29.7,23.3,1,1,0,1,2,3.6,-2,Pune,0.2777,190.1,22.0
Mahindra,XEV 9e,Long Range,52.5,59.2,175,1900,0.26,2.3,0.011,93,542,25.3,17.7,0,0,2,1,4,3.8,0,Hyderabad,0.2088,251.4,22.0
Mahindra,XEV 9e,Long Range,54.2,59.2,175,1900,0.26,2.3,0.011,93,542,19.8,21.7,0,0,1,2,1,2.8,0,Hyderabad,0.1256,431.7,22.0
Mahindra,XEV 9e,Long Range,58.3,59.2,175,1900,0.26,2.3,0.011,93,542,23.0,31.9,0,0,2,2,3,0.5,0,Hyderabad,0.2362,246.8,22.0
Mahindra,XEV 9e,Long Range,54.8,59.2,175,1900,0.26,2.3,0.0112,93,542,16.6,36.7,1,0,2,1,1,2.5,-2,Hyderabad,0.495,110.7,22.0
Mahindra,XEV 9e,Long Range,56.2,59.2,175,1900,0.26,2.3,0.0112,93,542,32.7,34.6,1,0,1,1,1,1.7,-2,Hyderabad,0.1724,326.0,22.0
Mahindra,XEV 9e,Long Range,54.2,59.2,175,1900,0.26,2.3,0.011,93,542,22.7,25.9,0,0,2,0,1,2.8,0,Hyderabad,0.1637,331.1,22.0
Mahindra,XEV 9e,Long Range,54.6,59.2,175,1900,0.26,2.3,0.0116,93,542,25.5,28.8,0,0,2,0,2,2.6,-5,Hyderabad,0.1768,308.8,22.0
Mahindra,XEV 9e,Long Range,55.3,59.2,175,1900,0.26,2.3,0.0112,93,542,20.3,27.2,0,0,0,1,2,2.2,-2,Hyderabad,0.1074,514.9,22.0
Mahindra,XEV 9e,Long Range,53.9,59.2,175,1900,0.26,2.3,0.0119,93,542,31.2,30.3,1,0,1,2,2,3.0,-8,Hyderabad,0.2226,242.1,22.0
Mahindra,XEV 9e,Long Range,58.7,59.2,175,1900,0.26,2.3,0.0116,93,542,23.6,25.3,0,0,1,1,1,0.3,-5,Hyderabad,0.1181,496.9,22.0
Mahindra,XEV 9e,Long Range,54.8,59.2,175,1900,0.26,2.3,0.0116,93,542,26.7,15.0,0,0,1,1,2,2.5,-5,Hyderabad,0.1316,416.4,22.0
Mahindra,XEV 9e,Long Range,50.9,59.2,175,1900,0.26,2.3,0.0116,93,542,22.0,16.4,0,0,0,1,4,4.7,-5,Kolkata,0.0989,514.9,22.0
Mahindra,XEV 9e,Long Range,57.4,59.2,175,1900,0.26,2.3,0.0112,93,542,23.7,35.6,0,0,1,0,4,1.0,2,Kolkata,0.1208,475.3,22.0
Mahindra,XEV 9e,Long Range,53.3,59.2,175,1900,0.26,2.3,0.0112,93,542,23.1,12.4,0,0,2,1,2,3.3,-2,Kolkata,0.2219,240.2,22.0
Mahindra,XEV 9e,Long Range,55.1,59.2,175,1900,0.26,2.3,0.0112,93,542,22.3,29.0,1,0,2,1,2,2.3,-2,Kolkata,0.2993,184.1,22.0
Mahindra,XEV 9e,Long Range,52.1,59.2,175,1900,0.26,2.3,0.0112,93,542,21.0,36.2,1,0,2,2,1,4.0,2,Kolkata,0.4797,108.6,22.0
Mahindra,XEV 9e,Long Range,58.1,59.2,175,1900,0.26,2.3,0.0116,93,542,23.7,16.9,0,0,0,1,4,0.6,-5,Kolkata,0.1128,514.9,22.0
Mahindra,XEV 9e,Long Range,54.8,59.2,175,1900,0.26,2.3,0.011,93,542,15.9,26.4,0,0,2,1,1,2.5,0,Kolkata,0.1831,299.3,22.0
Mahindra,XEV 9e,Long Range,58.8,59.2,175,1900,0.26,2.3,0.0112,93,542,15.0,18.5,0,0,2,1,2,0.2,-2,Kolkata,0.2162,272.0,22.0
Mahindra,XEV 9e,Long Range,53.2,59.2,175,1900,0.26,2.3,0.0112,93,542,15.5,25.1,0,0,1,2,2,3.4,-2,Kolkata,0.1434,370.9,22.0
Mahindra,XEV 9e,Long Range,56.2,59.2,175,1900,0.26,2.3,0.011,93,542,19.8,32.2,1,0,1,1,1,1.7,0,Kolkata,0.2261,248.6,22.0
Mahindra,XEV 9e,Long Range,56.5,59.2,175,1900,0.26,2.3,0.0112,93,542,86.1,30.9,0,0,0,2,1,1.5,2,Highway_NH,0.1618,349.3,22.0
Mahindra,XEV 9e,Long Range,54.4,59.2,175,1900,0.26,2.3,0.011,93,542,74.1,24.5,0,0,1,0,3,2.7,0,Highway_NH,0.1798,302.5,22.0
Mahindra,XEV 9e,Long Range,58.0,59.2,175,1900,0.26,2.3,0.011,93,542,98.0,33.2,0,0,0,1,4,0.7,0,Highway_NH,0.1719,337.5,22.0
Mahindra,XEV 9e,Long Range,54.6,59.2,175,1900,0.26,2.3,0.0112,93,542,83.5,38.4,1,0,1,0,1,2.6,-2,Highway_NH,0.1902,287.1,22.0
Mahindra,XEV 9e,Long Range,58.7,59.2,175,1900,0.26,2.3,0.0112,93,542,81.6,26.7,1,0,0,0,3,0.3,-2,Highway_NH,0.1363,430.7,22.0
Mahindra,XEV 9e,Long Range,56.4,59.2,175,1900,0.26,2.3,0.0119,93,542,79.8,26.3,0,0,2,0,1,1.6,-8,Highway_NH,0.2634,214.1,22.0
Mahindra,XEV 9e,Long Range,51.6,59.2,175,1900,0.26,2.3,0.011,93,542,87.7,35.7,0,0,0,1,1,4.3,0,Highway_NH,0.1442,357.8,22.0
Mahindra,XEV 9e,Long Range,59.2,59.2,175,1900,0.26,2.3,0.011,93,542,72.7,27.9,0,0,1,0,1,0.0,0,Highway_NH,0.1718,344.6,22.0
Mahindra,XEV 9e,Long Range,58.5,59.2,175,1900,0.26,2.3,0.0112,93,542,98.0,33.1,1,0,0,1,4,0.4,-2,Highway_NH,0.1663,351.8,22.0
Mahindra,XEV 9e,Long Range,53.5,59.2,175,1900,0.26,2.3,0.011,93,542,84.4,32.5,1,0,1,0,4,3.2,0,Highway_NH,0.2141,249.9,22.0
Mahindra,XEV 9e,Long Range,51.7,59.2,175,1900,0.26,2.3,0.011,93,542,99.1,31.2,0,0,1,1,2,4.2,0,Expressway,0.2048,252.4,22.0
Mahindra,XEV 9e,Long Range,57.1,59.2,175,1900,0.26,2.3,0.0112,93,542,118.2,20.7,0,0,1,1,3,1.2,-2,Expressway,0.2834,201.5,22.0
Mahindra,XEV 9e,Long Range,54.0,59.2,175,1900,0.26,2.3,0.011,93,542,91.8,35.8,1,0,2,1,1,2.9,0,Expressway,0.4394,122.9,22.0
Mahindra,XEV 9e,Long Range,58.3,59.2,175,1900,0.26,2.3,0.011,93,542,99.8,36.4,0,0,1,1,2,0.5,0,Expressway,0.226,258.0,22.0
Mahindra,XEV 9e,Long Range,54.2,59.2,175,1900,0.26,2.3,0.011,93,542,107.6,25.7,0,0,0,1,3,2.8,0,Expressway,0.1796,301.8,22.0
Mahindra,XEV 9e,Long Range,51.2,59.2,175,1900,0.26,2.3,0.011,93,542,81.6,19.5,0,0,1,1,4,4.5,0,Expressway,0.192,266.7,22.0
Mahindra,XEV 9e,Long Range,56.0,59.2,175,1900,0.26,2.3,0.011,93,542,82.3,38.6,1,0,0,1,2,1.8,0,Expressway,0.1693,330.8,22.0
Mahindra,XEV 9e,Long Range,51.4,59.2,175,1900,0.26,2.3,0.011,93,542,114.7,37.0,1,0,0,2,4,4.4,0,Expressway,0.2576,199.5,22.0
Mahindra,XEV 9e,Long Range,56.4,59.2,175,1900,0.26,2.3,0.0116,93,542,87.3,38.5,1,0,1,2,3,1.6,-5,Expressway,0.2774,203.3,22.0
Mahindra,XEV 9e,Long Range,54.0,59.2,175,1900,0.26,2.3,0.0112,93,542,89.8,19.4,0,0,1,1,5,2.9,-2,Expressway,0.2016,267.8,22.0
Mahindra,XEV 9e,Long Range,51.9,59.2,175,1900,0.26,2.3,0.011,93,542,36.6,5.5,0,2,1,0,3,4.1,0,Hill_Station,0.8494,61.1,22.0
Mahindra,XEV 9e,Long Range,53.5,59.2,175,1900,0.26,2.3,0.0119,93,542,29.7,28.7,0,2,2,1,2,3.2,-8,Hill_Station,0.9871,54.2,22.0
Mahindra,XEV 9e,Long Range,51.6,59.2,175,1900,0.26,2.3,0.011,93,542,22.6,13.3,0,2,1,0,1,4.3,0,Hill_Station,0.7424,69.5,22.0
Mahindra,XEV 9e,Long Range,52.8,59.2,175,1900,0.26,2.3,0.011,93,542,22.1,18.1,0,2,1,2,1,3.6,0,Hill_Station,0.8502,62.1,22.0
Mahindra,XEV 9e,Long Range,55.6,59.2,175,1900,0.26,2.3,0.011,93,542,24.7,23.1,0,2,0,2,1,2.0,0,Hill_Station,0.5816,95.6,22.0
Mahindra,XEV 9e,Long Range,54.8,59.2,175,1900,0.26,2.3,0.0112,93,542,39.5,17.3,0,2,1,1,1,2.5,-2,Hill_Station,0.7017,78.1,22.0
Mahindra,XEV 9e,Long Range,51.4,59.2,175,1900,0.26,2.3,0.011,93,542,33.0,18.6,0,2,2,1,2,4.4,0,Hill_Station,0.9483,54.2,22.0
Mahindra,XEV 9e,Long Range,50.7,59.2,175,1900,0.26,2.3,0.011,93,542,35.5,12.0,0,2,1,0,2,4.8,0,Hill_Station,0.7959,63.7,22.0
Mahindra,XEV 9e,Long Range,50.3,59.2,175,1900,0.26,2.3,0.0112,93,542,20.4,8.1,0,2,0,2,2,5.0,2,Hill_Station,0.7553,66.6,22.0
Mahindra,XEV 9e,Long Range,55.5,59.2,175,1900,0.26,2.3,0.0112,93,542,35.7,21.0,0,2,2,1,3,2.1,2,Hill_Station,1.024,54.2,22.0
Mahindra,XEV 9e,Long Range,55.3,59.2,175,1900,0.26,2.3,0.011,93,542,39.8,9.8,0,2,0,2,2,2.2,0,Hill_Station,0.6965,79.4,22.0
Mahindra,XEV 9e,Long Range,51.7,59.2,175,1900,0.26,2.3,0.0116,93,542,32.2,13.2,0,2,0,1,1,4.2,-5,Hill_Station,0.5553,93.1,22.0
Mahindra,XEV 9e,Long Range,53.3,59.2,175,1900,0.26,2.3,0.0112,93,542,44.4,29.0,0,0,1,0,2,3.3,-2,Rural_Road,0.118,451.8,22.0
Mahindra,XEV 9e,Long Range,58.7,59.2,175,1900,0.26,2.3,0.0119,93,542,48.9,29.9,0,0,1,1,1,0.3,-8,Rural_Road,0.1319,445.1,22.0
Mahindra,XEV 9e,Long Range,54.9,59.2,175,1900,0.26,2.3,0.0112,93,542,59.8,19.5,0,0,0,1,2,2.4,-2,Rural_Road,0.1066,514.9,22.0
Mahindra,XEV 9e,Long Range,53.9,59.2,175,1900,0.26,2.3,0.011,93,542,34.9,31.4,0,0,0,2,2,3.0,0,Rural_Road,0.1047,514.9,22.0
Mahindra,XEV 9e,Long Range,57.1,59.2,175,1900,0.26,2.3,0.0112,93,542,37.8,16.7,0,0,2,1,3,1.2,-2,Rural_Road,0.2151,265.4,22.0
Mahindra,XEV 9e,Long Range,55.5,59.2,175,1900,0.26,2.3,0.011,93,542,40.6,39.2,0,0,0,0,2,2.1,0,Rural_Road,0.1078,514.9,22.0
Mahindra,XEV 9e,Long Range,51.2,59.2,175,1900,0.26,2.3,0.011,93,542,56.9,18.5,0,0,0,1,3,4.5,0,Rural_Road,0.1142,448.2,22.0
Mahindra,XEV 9e,Long Range,58.1,59.2,175,1900,0.26,2.3,0.0112,93,542,37.7,30.5,0,0,2,0,3,0.6,-2,Rural_Road,0.2076,279.9,22.0
Mahindra,XEV 9e,Long Range,55.6,59.2,175,1900,0.26,2.3,0.011,93,542,31.2,14.0,0,2,1,2,5,2.0,0,Ghat_Road,1.0258,54.2,22.0
Mahindra,XEV 9e,Long Range,53.2,59.2,175,1900,0.26,2.3,0.0112,93,542,32.0,21.8,0,2,1,2,1,3.4,-2,Ghat_Road,0.8636,61.6,22.0
Mahindra,XEV 9e,Long Range,59.0,59.2,175,1900,0.26,2.3,0.0119,93,542,22.3,32.6,1,2,2,1,2,0.1,-8,Ghat_Road,1.0886,54.2,22.0
Mahindra,XEV 9e,Long Range,59.2,59.2,175,1900,0.26,2.3,0.0112,93,542,23.6,15.8,0,2,0,1,4,0.0,2,Ghat_Road,0.5827,101.6,22.0
Mahindra,XEV 9e,Long Range,51.0,59.2,175,1900,0.26,2.3,0.011,93,542,27.6,25.7,0,2,2,1,4,4.6,0,Ghat_Road,0.941,54.2,22.0
Mahindra,XEV 9e,Long Range,50.3,59.2,175,1900,0.26,2.3,0.011,93,542,16.8,14.0,0,2,1,1,4,5.0,0,Ghat_Road,0.8643,58.2,22.0
Mahindra,XEV 9e,Long Range,54.0,59.2,175,1900,0.26,2.3,0.011,93,542,34.1,20.2,0,2,0,1,3,2.9,0,Ghat_Road,0.6286,85.9,22.0
Mahindra,XEV 9e,Long Range,58.1,59.2,175,1900,0.26,2.3,0.011,93,542,30.6,10.5,0,2,0,1,4,0.6,0,Ghat_Road,0.635,91.5,22.0
Mahindra,XEV 9e,Long Range,58.0,59.2,175,1900,0.26,2.3,0.0116,93,542,22.1,29.5,0,2,2,2,3,0.7,-5,Ghat_Road,1.0701,54.2,22.0
Mahindra,BE 6,Long Range,59.0,59.2,175,1850,0.26,2.28,0.0112,93,556,22.7,42.3,1,0,2,1,4,0.1,-2,Delhi,0.5122,115.2,19.0
Mahindra,BE 6,Long Range,58.3,59.2,175,1850,0.26,2.28,0.011,93,556,18.4,31.4,1,0,2,1,4,0.5,0,Delhi,0.4043,144.2,19.0
Mahindra,BE 6,Long Range,52.3,59.2,175,1850,0.26,2.28,0.011,93,556,33.3,25.8,1,0,2,0,4,3.9,0,Delhi,0.2415,216.6,19.0
Mahindra,BE 6,Long Range,58.1,59.2,175,1850,0.26,2.28,0.0116,93,556,32.1,11.8,0,0,1,1,2,0.6,-5,Delhi,0.126,461.1,19.0
Mahindra,BE 6,Long Range,57.6,59.2,175,1850,0.26,2.28,0.011,93,556,29.2,35.0,0,0,2,0,3,0.9,0,Delhi,0.1876,307.1,19.0
Mahindra,BE 6,Long Range,58.7,59.2,175,1850,0.26,2.28,0.011,93,556,23.6,25.1,0,0,2,1,2,0.3,0,Delhi,0.1932,303.8,19.0
Mahindra,BE 6,Long Range,59.2,59.2,175,1850,0.26,2.28,0.0112,93,556,33.8,37.9,1,0,1,2,1,0.0,-2,Delhi,0.2632,224.9,19.0
Mahindra,BE 6,Long Range,58.0,59.2,175,1850,0.26,2.28,0.0116,93,556,34.1,12.9,0,0,1,1,1,0.7,-5,Delhi,0.1337,433.8,19.0
Mahindra,BE 6,Long Range,55.1,59.2,175,1850,0.26,2.28,0.011,93,556,25.8,29.9,1,0,1,1,3,2.3,0,Delhi,0.1621,340.0,19.0
Mahindra,BE 6,Long Range,53.9,59.2,175,1850,0.26,2.28,0.011,93,556,15.1,15.6,0,0,1,0,2,3.0,0,Delhi,0.1099,490.4,19.0
Mahindra,BE 6,Long Range,51.9,59.2,175,1850,0.26,2.28,0.0112,93,556,27.4,30.2,0,0,2,1,3,4.1,-2,Delhi,0.1953,265.7,19.0
Mahindra,BE 6,Long Range,54.8,59.2,175,1850,0.26,2.28,0.0112,93,556,34.4,44.5,1,0,1,0,2,2.5,-2,Delhi,0.2103,260.6,19.0
Mahindra,BE 6,Long Range,58.7,59.2,175,1850,0.26,2.28,0.0112,93,556,27.8,32.9,0,0,1,2,2,0.3,-2,Mumbai,0.1373,427.6,19.0
Mahindra,BE 6,Long Range,53.7,59.2,175,1850,0.26,2.28,0.0116,93,556,28.8,37.6,0,0,2,1,3,3.1,-5,Mumbai,0.2124,252.8,19.0
Mahindra,BE 6,Long Range,52.6,59.2,175,1850,0.26,2.28,0.0116,93,556,26.6,32.0,0,0,1,1,3,3.7,-5,Mumbai,0.1239,424.6,19.0
Mahindra,BE 6,Long Range,52.1,59.2,175,1850,0.26,2.28,0.0119,93,556,28.5,37.1,1,0,2,1,4,4.0,-8,Mumbai,0.3416,152.5,19.0
Mahindra,BE 6,Long Range,55.5,59.2,175,1850,0.26,2.28,0.0112,93,556,24.8,34.2,1,0,2,1,4,2.1,-2,Mumbai,0.3309,167.7,19.0
Mahindra,BE 6,Long Range,56.0,59.2,175,1850,0.26,2.28,0.0116,93,556,28.6,21.9,0,0,1,1,3,1.8,-5,Mumbai,0.1245,449.7,19.0
Mahindra,BE 6,Long Range,53.9,59.2,175,1850,0.26,2.28,0.011,93,556,27.6,34.6,0,0,2,0,4,3.0,0,Mumbai,0.2024,266.3,19.0
Mahindra,BE 6,Long Range,56.2,59.2,175,1850,0.26,2.28,0.0116,93,556,28.8,23.7,0,0,2,1,4,1.7,-5,Mumbai,0.2102,267.4,19.0
Mahindra,BE 6,Long Range,54.4,59.2,175,1850,0.26,2.28,0.011,93,556,22.3,20.2,0,0,2,1,2,2.7,0,Mumbai,0.1975,275.5,19.0
Mahindra,BE 6,Long Range,56.4,59.2,175,1850,0.26,2.28,0.0112,93,556,24.8,27.8,0,0,1,2,4,1.6,-2,Mumbai,0.1474,382.7,19.0
Mahindra,BE 6,Long Range,57.1,59.2,175,1850,0.26,2.28,0.011,93,556,21.1,26.4,1,0,1,0,2,1.2,0,Mumbai,0.1433,398.6,19.0
Mahindra,BE 6,Long Range,55.6,59.2,175,1850,0.26,2.28,0.0112,93,556,22.5,34.5,0,0,0,0,5,2.0,-2,Mumbai,0.1053,528.1999999999999,19.0
Mahindra,BE 6,Long Range,55.3,59.2,175,1850,0.26,2.28,0.011,93,556,26.7,29.1,0,1,2,1,1,2.2,0,Bangalore,0.5312,104.1,19.0
Mahindra,BE 6,Long Range,52.8,59.2,175,1850,0.26,2.28,0.011,93,556,29.5,22.9,0,1,1,0,2,3.6,0,Bangalore,0.3041,173.6,19.0
Mahindra,BE 6,Long Range,51.0,59.2,175,1850,0.26,2.28,0.011,93,556,23.9,18.2,0,1,0,1,1,4.6,0,Bangalore,0.2341,217.9,19.0
Mahindra,BE 6,Long Range,54.2,59.2,175,1850,0.26,2.28,0.011,93,556,30.7,31.8,0,1,2,1,5,2.8,0,Bangalore,0.5784,93.7,19.0
Mahindra,BE 6,Long Range,51.9,59.2,175,1850,0.26,2.28,0.0116,93,556,23.7,18.3,0,1,0,1,2,4.1,-5,Bangalore,0.2702,192.1,19.0
Mahindra,BE 6,Long Range,58.7,59.2,175,1850,0.26,2.28,0.0116,93,556,15.8,35.2,1,1,0,1,1,0.3,-5,Bangalore,0.3453,170.0,19.0
Mahindra,BE 6,Long Range,54.2,59.2,175,1850,0.26,2.28,0.0116,93,556,28.4,36.0,1,1,1,0,2,2.8,-5,Bangalore,0.3524,153.8,19.0
Mahindra,BE 6,Long Range,57.2,59.2,175,1850,0.26,2.28,0.0112,93,556,31.4,23.2,0,1,1,0,2,1.1,-2,Bangalore,0.316,181.0,19.0
Mahindra,BE 6,Long Range,58.3,59.2,175,1850,0.26,2.28,0.0116,93,556,28.8,16.2,0,1,2,1,1,0.5,-5,Bangalore,0.6067,96.1,19.0
Mahindra,BE 6,Long Range,57.2,59.2,175,1850,0.26,2.28,0.011,93,556,24.7,39.1,0,0,1,1,3,1.1,0,Chennai,0.1092,523.7,19.0
Mahindra,BE 6,Long Range,51.4,59.2,175,1850,0.26,2.28,0.011,93,556,28.8,41.7,1,0,0,0,1,4.4,0,Chennai,0.163,315.4,19.0
Mahindra,BE 6,Long Range,57.2,59.2,175,1850,0.26,2.28,0.011,93,556,28.2,23.9,1,0,1,1,1,1.1,0,Chennai,0.1245,459.4,19.0
Mahindra,BE 6,Long Range,55.5,59.2,175,1850,0.26,2.28,0.0116,93,556,20.5,36.5,0,0,2,2,2,2.1,-5,Chennai,0.2434,228.0,19.0
Mahindra,BE 6,Long Range,58.5,59.2,175,1850,0.26,2.28,0.0112,93,556,26.0,23.6,0,0,2,1,2,0.4,-2,Chennai,0.1966,297.5,19.0
Mahindra,BE 6,Long Range,53.0,59.2,175,1850,0.26,2.28,0.011,93,556,30.5,25.4,0,0,2,0,2,3.5,0,Chennai,0.1738,304.9,19.0
Mahindra,BE 6,Long Range,58.0,59.2,175,1850,0.26,2.28,0.0119,93,556,26.0,31.5,1,0,2,2,4,0.7,-8,Chennai,0.3836,151.2,19.0
Mahindra,BE 6,Long Range,59.0,59.2,175,1850,0.26,2.28,0.0112,93,556,25.2,24.7,0,0,1,0,3,0.1,-2,Chennai,0.1137,519.0,19.0
Mahindra,BE 6,Long Range,54.9,59.2,175,1850,0.26,2.28,0.011,93,556,23.4,25.4,0,0,2,1,3,2.4,0,Chennai,0.1855,295.9,19.0
Mahindra,BE 6,Long Range,53.3,59.2,175,1850,0.26,2.28,0.0116,93,556,17.2,31.0,0,0,1,1,2,3.3,-5,Chennai,0.1226,434.7,19.0
Mahindra,BE 6,Long Range,58.5,59.2,175,1850,0.26,2.28,0.011,93,556,19.0,27.1,0,0,1,2,1,0.4,0,Chennai,0.1193,490.4,19.0
Mahindra,BE 6,Long Range,55.8,59.2,175,1850,0.26,2.28,0.0112,93,556,26.5,22.2,0,1,1,1,1,1.9,-2,Pune,0.3156,176.8,19.0
Mahindra,BE 6,Long Range,53.2,59.2,175,1850,0.26,2.28,0.0112,93,556,20.6,21.6,1,1,2,1,3,3.4,-2,Pune,0.5991,88.8,19.0
Mahindra,BE 6,Long Range,54.8,59.2,175,1850,0.26,2.28,0.011,93,556,38.4,36.9,1,1,2,1,1,2.5,0,Pune,0.5924,92.5,19.0
Mahindra,BE 6,Long Range,52.8,59.2,175,1850,0.26,2.28,0.011,93,556,31.4,25.9,1,1,2,0,3,3.6,0,Pune,0.5764,91.6,19.0
Mahindra,BE 6,Long Range,51.7,59.2,175,1850,0.26,2.28,0.0112,93,556,32.0,30.1,0,1,2,0,5,4.2,-2,Pune,0.5638,91.7,19.0
Mahindra,BE 6,Long Range,52.3,59.2,175,1850,0.26,2.28,0.011,93,556,32.5,26.5,0,1,0,0,1,3.9,0,Pune,0.2163,241.8,19.0
Mahindra,BE 6,Long Range,56.5,59.2,175,1850,0.26,2.28,0.0116,93,556,33.3,37.8,1,1,1,0,1,1.5,-5,Pune,0.3655,154.6,19.0
Mahindra,BE 6,Long Range,53.7,59.2,175,1850,0.26,2.28,0.0112,93,556,19.1,28.5,0,1,0,2,2,3.1,-2,Pune,0.284,189.1,19.0
Mahindra,BE 6,Long Range,57.6,59.2,175,1850,0.26,2.28,0.011,93,556,27.8,14.3,0,1,2,0,1,0.9,0,Pune,0.5013,114.9,19.0
Mahindra,BE 6,Long Range,52.8,59.2,175,1850,0.26,2.28,0.011,93,556,37.9,36.8,0,1,1,1,1,3.6,0,Pune,0.309,170.9,19.0
Mahindra,BE 6,Long Range,55.1,59.2,175,1850,0.26,2.28,0.0116,93,556,29.8,15.0,1,0,2,1,3,2.3,-5,Hyderabad,0.2334,236.1,19.0
Mahindra,BE 6,Long Range,51.2,59.2,175,1850,0.26,2.28,0.011,93,556,21.5,33.9,0,0,2,1,2,4.5,0,Hyderabad,0.1795,285.3,19.0
Mahindra,BE 6,Long Range,53.3,59.2,175,1850,0.26,2.28,0.0112,93,556,16.2,30.7,0,0,2,0,1,3.3,-2,Hyderabad,0.1604,332.2,19.0
Mahindra,BE 6,Long Range,56.7,59.2,175,1850,0.26,2.28,0.011,93,556,20.3,25.7,0,0,2,2,5,1.4,0,Hyderabad,0.2278,248.9,19.0
Mahindra,BE 6,Long Range,54.2,59.2,175,1850,0.26,2.28,0.011,93,556,23.7,29.5,0,0,2,2,2,2.8,0,Hyderabad,0.2407,225.2,19.0
Mahindra,BE 6,Long Range,56.5,59.2,175,1850,0.26,2.28,0.011,93,556,28.2,34.7,0,0,2,0,4,1.5,0,Hyderabad,0.2022,279.4,19.0
Mahindra,BE 6,Long Range,58.7,59.2,175,1850,0.26,2.28,0.011,93,556,28.3,34.0,1,0,2,0,2,0.3,0,Hyderabad,0.2684,218.7,19.0
Mahindra,BE 6,Long Range,50.5,59.2,175,1850,0.26,2.28,0.011,93,556,29.9,20.6,0,0,2,0,2,4.9,0,Hyderabad,0.1648,306.5,19.0
Mahindra,BE 6,Long Range,50.3,59.2,175,1850,0.26,2.28,0.0112,93,556,31.0,21.6,0,0,2,2,2,5.0,-2,Hyderabad,0.2272,221.4,19.0
Mahindra,BE 6,Long Range,57.2,59.2,175,1850,0.26,2.28,0.011,93,556,24.2,17.0,0,0,1,1,4,1.1,0,Hyderabad,0.1263,453.0,19.0
Mahindra,BE 6,Long Range,51.9,59.2,175,1850,0.26,2.28,0.0112,93,556,18.5,41.4,0,0,1,0,4,4.1,2,Kolkata,0.1158,448.2,19.0
Mahindra,BE 6,Long Range,58.8,59.2,175,1850,0.26,2.28,0.011,93,556,23.3,19.0,0,0,2,2,3,0.2,0,Kolkata,0.2235,263.1,19.0
Mahindra,BE 6,Long Range,58.1,59.2,175,1850,0.26,2.28,0.0112,93,556,20.1,38.5,1,0,2,1,5,0.6,-2,Kolkata,0.4126,140.8,19.0
Mahindra,BE 6,Long Range,56.0,59.2,175,1850,0.26,2.28,0.0112,93,556,24.2,33.8,0,0,2,2,4,1.8,-2,Kolkata,0.2343,239.0,19.0
Mahindra,BE 6,Long Range,53.0,59.2,175,1850,0.26,2.28,0.0116,93,556,17.3,27.2,1,0,1,1,1,3.5,-5,Kolkata,0.1852,286.2,19.0
Mahindra,BE 6,Long Range,52.8,59.2,175,1850,0.26,2.28,0.0116,93,556,13.8,21.6,0,0,2,1,1,3.6,-5,Kolkata,0.2032,259.9,19.0
Mahindra,BE 6,Long Range,56.4,59.2,175,1850,0.26,2.28,0.011,93,556,27.9,13.8,0,0,2,1,2,1.6,0,Kolkata,0.2127,265.2,19.0
Mahindra,BE 6,Long Range,55.1,59.2,175,1850,0.26,2.28,0.011,93,556,21.3,16.3,0,0,1,1,2,2.3,0,Kolkata,0.1079,510.6,19.0
Mahindra,BE 6,Long Range,53.9,59.2,175,1850,0.26,2.28,0.0112,93,556,76.2,30.9,0,0,2,1,3,3.0,-2,Highway_NH,0.2825,190.8,19.0
Mahindra,BE 6,Long Range,51.7,59.2,175,1850,0.26,2.28,0.0116,93,556,71.3,24.2,0,0,1,1,1,4.2,-5,Highway_NH,0.1541,335.6,19.0
Mahindra,BE 6,Long Range,56.5,59.2,175,1850,0.26,2.28,0.0112,93,556,97.5,44.3,1,0,1,1,3,1.5,-2,Highway_NH,0.2675,211.2,19.0
Mahindra,BE 6,Long Range,51.0,59.2,175,1850,0.26,2.28,0.011,93,556,70.9,34.7,1,0,1,1,3,4.6,0,Highway_NH,0.1736,293.8,19.0
Mahindra,BE 6,Long Range,52.3,59.2,175,1850,0.26,2.28,0.0116,93,556,90.7,30.2,1,0,0,1,5,3.9,-5,Highway_NH,0.1658,315.4,19.0
Mahindra,BE 6,Long Range,58.1,59.2,175,1850,0.26,2.28,0.0112,93,556,75.7,33.0,0,0,2,1,2,0.6,-2,Highway_NH,0.269,216.0,19.0
Mahindra,BE 6,Long Range,53.3,59.2,175,1850,0.26,2.28,0.011,93,556,93.3,32.2,0,0,0,2,2,3.3,0,Highway_NH,0.1659,321.3,19.0
Mahindra,BE 6,Long Range,50.7,59.2,175,1850,0.26,2.28,0.0116,93,556,92.2,28.2,0,0,2,2,1,4.8,-5,Highway_NH,0.385,131.7,19.0
Mahindra,BE 6,Long Range,54.6,59.2,175,1850,0.26,2.28,0.0112,93,556,94.3,19.3,0,0,0,1,3,2.6,-2,Expressway,0.1661,328.7,19.0
Mahindra,BE 6,Long Range,52.5,59.2,175,1850,0.26,2.28,0.011,93,556,107.1,37.4,0,0,0,1,2,3.8,0,Expressway,0.1691,310.5,19.0
Mahindra,BE 6,Long Range,50.5,59.2,175,1850,0.26,2.28,0.011,93,556,83.7,17.1,1,0,1,1,5,4.9,0,Expressway,0.2099,240.6,19.0
Mahindra,BE 6,Long Range,57.4,59.2,175,1850,0.26,2.28,0.011,93,556,111.2,37.8,0,0,0,1,4,1.0,0,Expressway,0.195,294.3,19.0
Mahindra,BE 6,Long Range,54.8,59.2,175,1850,0.26,2.28,0.0119,93,556,113.9,21.6,0,0,0,1,4,2.5,-8,Expressway,0.1837,298.3,19.0
Mahindra,BE 6,Long Range,51.0,59.2,175,1850,0.26,2.28,0.0112,93,556,117.1,29.1,0,0,1,1,2,4.6,-2,Expressway,0.2531,201.5,19.0
Mahindra,BE 6,Long Range,52.3,59.2,175,1850,0.26,2.28,0.011,93,556,82.0,20.1,0,0,1,1,1,3.9,0,Expressway,0.1773,294.9,19.0
Mahindra,BE 6,Long Range,50.9,59.2,175,1850,0.26,2.28,0.011,93,556,109.5,42.2,1,0,0,1,1,4.7,0,Expressway,0.2084,244.3,19.0
Mahindra,BE 6,Long Range,54.0,59.2,175,1850,0.26,2.28,0.011,93,556,113.7,25.1,0,0,1,1,3,2.9,0,Expressway,0.2545,212.2,19.0
Mahindra,BE 6,Long Range,58.1,59.2,175,1850,0.26,2.28,0.0112,93,556,112.9,41.0,1,0,0,1,1,0.6,-2,Expressway,0.2071,280.6,19.0
Mahindra,BE 6,Long Range,52.6,59.2,175,1850,0.26,2.28,0.0112,93,556,119.6,19.3,0,0,1,1,3,3.7,2,Expressway,0.2871,183.2,19.0
Mahindra,BE 6,Long Range,55.5,59.2,175,1850,0.26,2.28,0.011,93,556,39.6,27.3,0,2,2,2,2,2.1,0,Hill_Station,0.9982,55.6,19.0
Mahindra,BE 6,Long Range,54.0,59.2,175,1850,0.26,2.28,0.0119,93,556,27.4,20.7,0,2,2,0,2,2.9,-8,Hill_Station,0.9712,55.6,19.0
Mahindra,BE 6,Long Range,55.1,59.2,175,1850,0.26,2.28,0.011,93,556,38.5,9.0,0,2,0,2,2,2.3,0,Hill_Station,0.7816,70.5,19.0
Mahindra,BE 6,Long Range,53.0,59.2,175,1850,0.26,2.28,0.0116,93,556,25.3,16.5,1,2,1,1,2,3.5,-5,Hill_Station,0.6983,75.9,19.0
Mahindra,BE 6,Long Range,51.4,59.2,175,1850,0.26,2.28,0.0112,93,556,39.0,6.0,0,2,1,2,5,4.4,-2,Hill_Station,0.9245,55.6,19.0
Mahindra,BE 6,Long Range,52.6,59.2,175,1850,0.26,2.28,0.0116,93,556,31.2,5.2,0,2,2,0,1,3.7,-5,Hill_Station,0.946,55.6,19.0
Mahindra,BE 6,Long Range,54.0,59.2,175,1850,0.26,2.28,0.011,93,556,39.5,24.6,0,2,0,1,1,2.9,0,Hill_Station,0.5315,101.6,19.0
Mahindra,BE 6,Long Range,54.2,59.2,175,1850,0.26,2.28,0.0112,93,556,31.5,23.3,0,2,1,0,1,2.8,-2,Hill_Station,0.6429,84.3,19.0
Mahindra,BE 6,Long Range,59.2,59.2,175,1850,0.26,2.28,0.0112,93,556,22.1,27.2,0,2,2,1,1,0.0,-2,Hill_Station,1.0647,55.6,19.0
Mahindra,BE 6,Long Range,58.3,59.2,175,1850,0.26,2.28,0.011,93,556,51.5,21.6,0,0,1,1,4,0.5,0,Rural_Road,0.1372,425.0,19.0
Mahindra,BE 6,Long Range,53.2,59.2,175,1850,0.26,2.28,0.0112,93,556,50.1,30.6,0,0,0,1,4,3.4,-2,Rural_Road,0.1007,528.1999999999999,19.0
Mahindra,BE 6,Long Range,54.6,59.2,175,1850,0.26,2.28,0.011,93,556,30.4,42.3,1,0,0,2,3,2.6,0,Rural_Road,0.209,261.3,19.0
Mahindra,BE 6,Long Range,53.2,59.2,175,1850,0.26,2.28,0.011,93,556,44.8,22.4,0,0,1,1,1,3.4,0,Rural_Road,0.1111,479.0,19.0
Mahindra,BE 6,Long Range,59.2,59.2,175,1850,0.26,2.28,0.0112,93,556,52.7,16.8,0,0,0,2,2,0.0,-2,Rural_Road,0.119,497.3,19.0
Mahindra,BE 6,Long Range,58.3,59.2,175,1850,0.26,2.28,0.0112,93,556,57.1,36.6,1,0,1,1,3,0.5,-2,Rural_Road,0.1821,320.1,19.0
Mahindra,BE 6,Long Range,57.1,59.2,175,1850,0.26,2.28,0.0112,93,556,36.0,27.7,0,0,2,1,1,1.2,-2,Rural_Road,0.187,305.4,19.0
Mahindra,BE 6,Long Range,53.5,59.2,175,1850,0.26,2.28,0.011,93,556,42.9,19.1,0,0,2,1,4,3.2,0,Rural_Road,0.2062,259.4,19.0
Mahindra,BE 6,Long Range,54.9,59.2,175,1850,0.26,2.28,0.0112,93,556,35.1,16.7,1,0,0,0,2,2.4,-2,Rural_Road,0.1039,528.1999999999999,19.0
Mahindra,BE 6,Long Range,56.7,59.2,175,1850,0.26,2.28,0.0112,93,556,37.7,19.5,0,0,0,1,3,1.4,-2,Rural_Road,0.1073,528.1999999999999,19.0
Mahindra,BE 6,Long Range,58.3,59.2,175,1850,0.26,2.28,0.011,93,556,49.6,23.1,0,0,1,0,2,0.5,0,Rural_Road,0.1137,512.8,19.0
Mahindra,BE 6,Long Range,52.3,59.2,175,1850,0.26,2.28,0.011,93,556,49.4,40.3,0,0,1,1,2,3.9,0,Rural_Road,0.1341,389.9,19.0
Mahindra,BE 6,Long Range,52.8,59.2,175,1850,0.26,2.28,0.011,93,556,28.6,21.1,0,2,2,0,3,3.6,0,Ghat_Road,0.9496,55.6,19.0
Mahindra,BE 6,Long Range,57.4,59.2,175,1850,0.26,2.28,0.0112,93,556,18.3,22.0,0,2,0,2,1,1.0,2,Ghat_Road,0.5942,96.6,19.0
Mahindra,BE 6,Long Range,56.2,59.2,175,1850,0.26,2.28,0.011,93,556,15.0,25.5,0,2,0,1,4,1.7,0,Ghat_Road,0.5998,93.7,19.0
Mahindra,BE 6,Long Range,50.5,59.2,175,1850,0.26,2.28,0.0119,93,556,34.2,33.7,1,2,2,2,3,4.9,-8,Ghat_Road,0.9083,55.6,19.0
Mahindra,BE 6,Long Range,54.9,59.2,175,1850,0.26,2.28,0.0112,93,556,18.0,20.2,1,2,1,2,4,2.4,2,Ghat_Road,0.9531,57.6,19.0
Mahindra,BE 6,Long Range,50.7,59.2,175,1850,0.26,2.28,0.0116,93,556,16.9,15.6,0,2,0,1,1,4.8,-5,Ghat_Road,0.4852,104.5,19.0
Mahindra,BE 6,Long Range,55.1,59.2,175,1850,0.26,2.28,0.0112,93,556,17.4,14.7,0,2,1,1,2,2.3,-2,Ghat_Road,0.7497,73.5,19.0
Mahindra,BE 6,Long Range,55.6,59.2,175,1850,0.26,2.28,0.0119,93,556,28.1,21.0,0,2,2,2,2,2.0,-8,Ghat_Road,1.0,55.6,19.0
Mahindra,BE 6,Long Range,57.2,59.2,175,1850,0.26,2.28,0.0112,93,556,30.0,32.4,1,2,2,1,1,1.1,-2,Ghat_Road,1.0288,55.6,19.0
Mahindra,XUV.e8,Long Range,57.5,60.0,175,2050,0.3,2.6,0.012,92,450,18.2,34.3,0,0,2,1,2,1.4,0,Delhi,0.1488,386.3,25.0
Mahindra,XUV.e8,Long Range,55.1,60.0,175,2050,0.3,2.6,0.012,92,450,34.9,18.6,0,0,1,1,4,2.7,0,Delhi,0.1289,427.5,25.0
Mahindra,XUV.e8,Long Range,52.6,60.0,175,2050,0.3,2.6,0.0122,92,450,18.1,30.6,1,0,2,0,5,4.1,-2,Delhi,0.275,191.3,25.0
Mahindra,XUV.e8,Long Range,56.2,60.0,175,2050,0.3,2.6,0.013,92,450,24.3,15.6,0,0,1,1,4,2.1,-8,Delhi,0.1315,427.5,25.0
Mahindra,XUV.e8,Long Range,55.0,60.0,175,2050,0.3,2.6,0.012,92,450,32.7,11.9,0,0,2,1,3,2.8,0,Delhi,0.178,309.0,25.0
Mahindra,XUV.e8,Long Range,53.7,60.0,175,2050,0.3,2.6,0.0122,92,450,26.0,28.2,0,0,2,1,2,3.5,-2,Delhi,0.1709,314.3,25.0
Mahindra,XUV.e8,Long Range,52.8,60.0,175,2050,0.3,2.6,0.0126,92,450,27.8,14.8,0,0,1,1,1,4.0,-5,Delhi,0.1235,427.5,25.0
Mahindra,XUV.e8,Long Range,57.7,60.0,175,2050,0.3,2.6,0.0126,92,450,34.0,40.4,1,0,2,1,3,1.3,-5,Delhi,0.3126,184.6,25.0
Mahindra,XUV.e8,Long Range,51.0,60.0,175,2050,0.3,2.6,0.013,92,450,25.9,12.0,0,0,2,1,4,5.0,-8,Delhi,0.2216,230.1,25.0
Mahindra,XUV.e8,Long Range,53.3,60.0,175,2050,0.3,2.6,0.0126,92,450,28.7,37.2,1,0,0,1,2,3.7,-5,Delhi,0.1367,390.0,25.0
Mahindra,XUV.e8,Long Range,52.3,60.0,175,2050,0.3,2.6,0.0126,92,450,24.2,15.1,0,0,2,1,1,4.3,-5,Delhi,0.1541,339.5,25.0
Mahindra,XUV.e8,Long Range,54.2,60.0,175,2050,0.3,2.6,0.012,92,450,19.6,37.1,0,0,2,0,3,3.2,0,Mumbai,0.1641,330.2,25.0
Mahindra,XUV.e8,Long Range,52.4,60.0,175,2050,0.3,2.6,0.0126,92,450,20.2,24.6,0,0,2,0,2,4.2,-5,Mumbai,0.1449,361.7,25.0
Mahindra,XUV.e8,Long Range,58.4,60.0,175,2050,0.3,2.6,0.012,92,450,20.9,21.3,0,0,2,1,2,0.9,0,Mumbai,0.1604,364.2,25.0
Mahindra,XUV.e8,Long Range,52.4,60.0,175,2050,0.3,2.6,0.0122,92,450,26.3,34.7,1,0,2,1,1,4.2,2,Mumbai,0.2326,225.3,25.0
Mahindra,XUV.e8,Long Range,58.7,60.0,175,2050,0.3,2.6,0.0126,92,450,17.9,28.3,0,0,2,1,1,0.7,-5,Mumbai,0.1656,354.4,25.0
Mahindra,XUV.e8,Long Range,53.7,60.0,175,2050,0.3,2.6,0.012,92,450,24.3,18.8,0,0,2,1,2,3.5,0,Mumbai,0.1538,349.1,25.0
Mahindra,XUV.e8,Long Range,59.6,60.0,175,2050,0.3,2.6,0.012,92,450,23.8,18.6,0,0,2,1,5,0.2,0,Mumbai,0.1905,312.9,25.0
Mahindra,XUV.e8,Long Range,58.4,60.0,175,2050,0.3,2.6,0.0122,92,450,17.9,26.9,0,0,2,2,1,0.9,-2,Mumbai,0.1995,292.8,25.0
Mahindra,XUV.e8,Long Range,51.0,60.0,175,2050,0.3,2.6,0.0126,92,450,16.3,33.4,0,0,2,1,3,5.0,-5,Mumbai,0.1592,320.4,25.0
Mahindra,XUV.e8,Long Range,56.2,60.0,175,2050,0.3,2.6,0.012,92,450,27.4,19.7,0,0,2,1,2,2.1,0,Mumbai,0.1599,351.4,25.0
Mahindra,XUV.e8,Long Range,56.0,60.0,175,2050,0.3,2.6,0.0126,92,450,34.3,23.3,0,1,2,0,1,2.2,-5,Bangalore,0.3991,140.3,25.0
Mahindra,XUV.e8,Long Range,58.9,60.0,175,2050,0.3,2.6,0.012,92,450,18.5,15.6,1,1,2,2,2,0.6,0,Bangalore,0.5171,113.9,25.0
Mahindra,XUV.e8,Long Range,59.3,60.0,175,2050,0.3,2.6,0.013,92,450,15.3,20.2,0,1,2,0,1,0.4,-8,Bangalore,0.4288,138.3,25.0
Mahindra,XUV.e8,Long Range,60.0,60.0,175,2050,0.3,2.6,0.012,92,450,22.6,26.6,1,1,2,1,3,0.0,0,Bangalore,0.5076,118.2,25.0
Mahindra,XUV.e8,Long Range,54.6,60.0,175,2050,0.3,2.6,0.013,92,450,18.3,36.9,1,1,1,1,1,3.0,-8,Bangalore,0.3802,143.6,25.0
Mahindra,XUV.e8,Long Range,59.5,60.0,175,2050,0.3,2.6,0.013,92,450,29.7,33.9,0,1,2,1,1,0.3,-8,Bangalore,0.4663,127.6,25.0
Mahindra,XUV.e8,Long Range,57.3,60.0,175,2050,0.3,2.6,0.012,92,450,22.6,31.1,0,1,1,0,3,1.5,0,Bangalore,0.279,205.4,25.0
Mahindra,XUV.e8,Long Range,55.0,60.0,175,2050,0.3,2.6,0.0126,92,450,19.2,26.8,0,1,1,0,3,2.8,-5,Bangalore,0.2646,207.9,25.0
Mahindra,XUV.e8,Long Range,52.3,60.0,175,2050,0.3,2.6,0.013,92,450,34.0,37.0,0,0,0,1,2,4.3,-8,Chennai,0.1223,427.5,25.0
Mahindra,XUV.e8,Long Range,53.5,60.0,175,2050,0.3,2.6,0.0122,92,450,30.7,41.9,0,0,2,1,2,3.6,-2,Chennai,0.1886,283.7,25.0
Mahindra,XUV.e8,Long Range,52.3,60.0,175,2050,0.3,2.6,0.012,92,450,24.6,26.9,1,0,2,2,2,4.3,0,Chennai,0.2135,245.0,25.0
Mahindra,XUV.e8,Long Range,57.5,60.0,175,2050,0.3,2.6,0.0122,92,450,30.5,24.6,0,0,1,1,4,1.4,-2,Chennai,0.1345,427.5,25.0
Mahindra,XUV.e8,Long Range,56.0,60.0,175,2050,0.3,2.6,0.012,92,450,21.5,40.8,1,0,0,1,3,2.2,0,Chennai,0.1735,322.7,25.0
Mahindra,XUV.e8,Long Range,52.8,60.0,175,2050,0.3,2.6,0.013,92,450,27.9,40.5,1,0,2,0,1,4.0,-8,Chennai,0.32,165.0,25.0
Mahindra,XUV.e8,Long Range,57.8,60.0,175,2050,0.3,2.6,0.012,92,450,27.5,27.3,0,0,1,1,2,1.2,0,Chennai,0.1352,427.5,25.0
Mahindra,XUV.e8,Long Range,52.1,60.0,175,2050,0.3,2.6,0.012,92,450,29.3,28.7,0,0,2,2,1,4.4,0,Chennai,0.1835,284.0,25.0
Mahindra,XUV.e8,Long Range,55.1,60.0,175,2050,0.3,2.6,0.0126,92,450,34.3,29.0,0,0,2,0,2,2.7,-5,Chennai,0.1592,346.0,25.0
Mahindra,XUV.e8,Long Range,58.4,60.0,175,2050,0.3,2.6,0.0122,92,450,34.9,24.5,0,0,2,1,5,0.9,-2,Chennai,0.1762,331.5,25.0
Mahindra,XUV.e8,Long Range,56.9,60.0,175,2050,0.3,2.6,0.0122,92,450,26.2,38.1,0,0,2,1,1,1.7,-2,Chennai,0.169,336.7,25.0
Mahindra,XUV.e8,Long Range,53.5,60.0,175,2050,0.3,2.6,0.0122,92,450,18.0,22.8,0,1,1,2,5,3.6,-2,Pune,0.3254,164.4,25.0
Mahindra,XUV.e8,Long Range,58.4,60.0,175,2050,0.3,2.6,0.013,92,450,22.8,24.2,1,1,1,1,3,0.9,-8,Pune,0.3214,181.7,25.0
Mahindra,XUV.e8,Long Range,59.5,60.0,175,2050,0.3,2.6,0.012,92,450,29.4,13.5,0,1,2,1,5,0.3,0,Pune,0.5252,113.3,25.0
Mahindra,XUV.e8,Long Range,58.0,60.0,175,2050,0.3,2.6,0.013,92,450,29.3,36.5,1,1,0,1,1,1.1,-8,Pune,0.2508,231.3,25.0
Mahindra,XUV.e8,Long Range,53.3,60.0,175,2050,0.3,2.6,0.013,92,450,23.1,13.5,0,1,0,1,1,3.7,-8,Pune,0.2295,232.2,25.0
Mahindra,XUV.e8,Long Range,56.8,60.0,175,2050,0.3,2.6,0.012,92,450,33.3,38.1,1,1,1,1,2,1.8,0,Pune,0.3363,168.9,25.0
Mahindra,XUV.e8,Long Range,58.2,60.0,175,2050,0.3,2.6,0.0126,92,450,28.7,19.3,0,1,0,2,4,1.0,-5,Pune,0.24,242.5,25.0
Mahindra,XUV.e8,Long Range,58.0,60.0,175,2050,0.3,2.6,0.0126,92,450,22.2,24.7,0,1,2,0,2,1.1,-5,Pune,0.407,142.5,25.0
Mahindra,XUV.e8,Long Range,57.7,60.0,175,2050,0.3,2.6,0.013,92,450,33.7,21.3,0,1,0,1,3,1.3,-8,Pune,0.2185,264.1,25.0
Mahindra,XUV.e8,Long Range,53.7,60.0,175,2050,0.3,2.6,0.012,92,450,28.4,14.0,0,1,1,1,3,3.5,0,Pune,0.3079,174.4,25.0
Mahindra,XUV.e8,Long Range,59.1,60.0,175,2050,0.3,2.6,0.012,92,450,32.8,26.2,0,1,1,1,1,0.5,0,Pune,0.2629,224.8,25.0
Mahindra,XUV.e8,Long Range,58.0,60.0,175,2050,0.3,2.6,0.012,92,450,21.1,41.5,1,0,1,2,2,1.1,0,Hyderabad,0.2864,202.5,25.0
Mahindra,XUV.e8,Long Range,54.1,60.0,175,2050,0.3,2.6,0.0122,92,450,20.8,37.7,1,0,1,1,3,3.3,-2,Hyderabad,0.1881,287.6,25.0
Mahindra,XUV.e8,Long Range,51.2,60.0,175,2050,0.3,2.6,0.013,92,450,23.5,42.9,1,0,1,1,1,4.9,-8,Hyderabad,0.2254,227.2,25.0
Mahindra,XUV.e8,Long Range,56.0,60.0,175,2050,0.3,2.6,0.0126,92,450,26.5,39.6,0,0,1,1,4,2.2,-5,Hyderabad,0.131,427.5,25.0
Mahindra,XUV.e8,Long Range,52.3,60.0,175,2050,0.3,2.6,0.013,92,450,19.9,28.5,0,0,2,1,2,4.3,-8,Hyderabad,0.1756,297.8,25.0
Mahindra,XUV.e8,Long Range,55.0,60.0,175,2050,0.3,2.6,0.012,92,450,24.8,25.5,0,0,2,1,1,2.8,0,Hyderabad,0.1478,372.2,25.0
Mahindra,XUV.e8,Long Range,53.7,60.0,175,2050,0.3,2.6,0.0122,92,450,28.3,39.3,1,0,2,0,2,3.5,-2,Hyderabad,0.2495,215.2,25.0
Mahindra,XUV.e8,Long Range,56.9,60.0,175,2050,0.3,2.6,0.0126,92,450,28.7,19.3,0,0,2,2,1,1.7,-5,Hyderabad,0.1919,296.5,25.0
Mahindra,XUV.e8,Long Range,58.2,60.0,175,2050,0.3,2.6,0.0122,92,450,16.3,25.7,1,0,0,1,3,1.0,-2,Hyderabad,0.1361,427.5,25.0
Mahindra,XUV.e8,Long Range,56.4,60.0,175,2050,0.3,2.6,0.0122,92,450,17.4,32.5,0,0,2,2,2,2.0,-2,Kolkata,0.1785,315.9,25.0
Mahindra,XUV.e8,Long Range,59.1,60.0,175,2050,0.3,2.6,0.012,92,450,13.9,28.6,0,0,1,0,2,0.5,0,Kolkata,0.1382,427.5,25.0
Mahindra,XUV.e8,Long Range,53.2,60.0,175,2050,0.3,2.6,0.0126,92,450,16.3,26.8,0,0,2,0,1,3.8,-5,Kolkata,0.145,366.8,25.0
Mahindra,XUV.e8,Long Range,55.7,60.0,175,2050,0.3,2.6,0.0122,92,450,15.8,33.9,0,0,1,1,2,2.4,-2,Kolkata,0.1303,427.5,25.0
Mahindra,XUV.e8,Long Range,53.7,60.0,175,2050,0.3,2.6,0.0122,92,450,19.3,23.2,0,0,2,1,4,3.5,2,Kolkata,0.1886,284.8,25.0
Mahindra,XUV.e8,Long Range,55.5,60.0,175,2050,0.3,2.6,0.012,92,450,17.3,41.5,1,0,1,1,2,2.5,0,Kolkata,0.2652,209.3,25.0
Mahindra,XUV.e8,Long Range,55.5,60.0,175,2050,0.3,2.6,0.012,92,450,16.7,22.3,0,0,2,1,1,2.5,0,Kolkata,0.1696,327.3,25.0
Mahindra,XUV.e8,Long Range,55.3,60.0,175,2050,0.3,2.6,0.012,92,450,26.8,23.0,1,0,2,2,3,2.6,0,Kolkata,0.207,267.2,25.0
Mahindra,XUV.e8,Long Range,55.0,60.0,175,2050,0.3,2.6,0.0122,92,450,21.2,30.2,1,0,2,1,1,2.8,-2,Kolkata,0.2571,213.9,25.0
Mahindra,XUV.e8,Long Range,52.8,60.0,175,2050,0.3,2.6,0.0126,92,450,85.3,33.3,0,0,0,0,3,4.0,-5,Highway_NH,0.1235,427.5,25.0
Mahindra,XUV.e8,Long Range,56.8,60.0,175,2050,0.3,2.6,0.0126,92,450,92.4,21.6,0,0,0,0,2,1.8,-5,Highway_NH,0.1329,427.5,25.0
Mahindra,XUV.e8,Long Range,55.1,60.0,175,2050,0.3,2.6,0.012,92,450,75.9,33.3,0,0,0,2,1,2.7,0,Highway_NH,0.1289,427.5,25.0
Mahindra,XUV.e8,Long Range,56.6,60.0,175,2050,0.3,2.6,0.0126,92,450,70.0,25.8,0,0,1,2,3,1.9,-5,Highway_NH,0.1631,347.1,25.0
Mahindra,XUV.e8,Long Range,51.2,60.0,175,2050,0.3,2.6,0.012,92,450,90.4,24.7,0,0,2,1,2,4.9,0,Highway_NH,0.2909,176.0,25.0
Mahindra,XUV.e8,Long Range,58.0,60.0,175,2050,0.3,2.6,0.012,92,450,93.9,27.0,0,0,1,1,3,1.1,0,Highway_NH,0.187,310.2,25.0
Mahindra,XUV.e8,Long Range,59.3,60.0,175,2050,0.3,2.6,0.012,92,450,80.7,28.1,0,0,2,1,1,0.4,0,Highway_NH,0.2446,242.4,25.0
Mahindra,XUV.e8,Long Range,51.7,60.0,175,2050,0.3,2.6,0.0126,92,450,73.5,33.1,0,0,1,1,4,4.6,-5,Highway_NH,0.1698,304.4,25.0
Mahindra,XUV.e8,Long Range,56.8,60.0,175,2050,0.3,2.6,0.0122,92,450,89.6,25.8,0,0,1,1,1,1.8,-2,Highway_NH,0.1743,325.8,25.0
Mahindra,XUV.e8,Long Range,57.8,60.0,175,2050,0.3,2.6,0.0126,92,450,73.1,43.5,1,0,1,1,4,1.2,-5,Highway_NH,0.1859,311.0,25.0
Mahindra,XUV.e8,Long Range,58.9,60.0,175,2050,0.3,2.6,0.0126,92,450,86.2,32.3,1,0,1,1,1,0.6,-5,Expressway,0.1841,320.0,25.0
Mahindra,XUV.e8,Long Range,51.4,60.0,175,2050,0.3,2.6,0.012,92,450,100.5,23.1,0,0,0,1,4,4.8,0,Expressway,0.1589,323.4,25.0
Mahindra,XUV.e8,Long Range,56.8,60.0,175,2050,0.3,2.6,0.012,92,450,111.4,36.2,1,0,1,0,3,1.8,0,Expressway,0.2194,258.9,25.0
Mahindra,XUV.e8,Long Range,51.7,60.0,175,2050,0.3,2.6,0.0122,92,450,87.0,28.2,0,0,0,1,1,4.6,-2,Expressway,0.1291,400.4,25.0
Mahindra,XUV.e8,Long Range,53.3,60.0,175,2050,0.3,2.6,0.0126,92,450,118.0,22.9,0,0,1,1,1,3.7,-5,Expressway,0.2322,229.5,25.0
Mahindra,XUV.e8,Long Range,56.0,60.0,175,2050,0.3,2.6,0.0122,92,450,83.7,25.8,0,0,0,2,4,2.2,-2,Expressway,0.1407,398.0,25.0
Mahindra,XUV.e8,Long Range,54.6,60.0,175,2050,0.3,2.6,0.012,92,450,98.5,19.9,0,0,0,2,3,3.0,0,Expressway,0.1638,333.4,25.0
Mahindra,XUV.e8,Long Range,57.5,60.0,175,2050,0.3,2.6,0.0122,92,450,87.3,40.1,0,0,2,0,1,1.4,2,Expressway,0.242,237.6,25.0
Mahindra,XUV.e8,Long Range,55.1,60.0,175,2050,0.3,2.6,0.013,92,450,105.0,37.1,0,0,0,1,4,2.7,-8,Expressway,0.1566,351.8,25.0
Mahindra,XUV.e8,Long Range,57.1,60.0,175,2050,0.3,2.6,0.012,92,450,28.8,11.1,0,2,0,1,4,1.6,0,Hill_Station,0.4889,116.8,25.0
Mahindra,XUV.e8,Long Range,58.2,60.0,175,2050,0.3,2.6,0.0126,92,450,28.5,23.2,0,2,2,1,4,1.0,-5,Hill_Station,1.0193,57.1,25.0
Mahindra,XUV.e8,Long Range,55.7,60.0,175,2050,0.3,2.6,0.0126,92,450,34.6,16.1,0,2,0,1,3,2.4,-5,Hill_Station,0.4445,125.3,25.0
Mahindra,XUV.e8,Long Range,59.5,60.0,175,2050,0.3,2.6,0.012,92,450,35.1,20.9,0,2,1,1,2,0.3,0,Hill_Station,0.5897,100.9,25.0
Mahindra,XUV.e8,Long Range,56.9,60.0,175,2050,0.3,2.6,0.012,92,450,39.0,9.8,0,2,0,2,4,1.7,0,Hill_Station,0.5983,95.1,25.0
Mahindra,XUV.e8,Long Range,55.0,60.0,175,2050,0.3,2.6,0.012,92,450,24.7,5.7,0,2,0,1,2,2.8,0,Hill_Station,0.4915,111.9,25.0
Mahindra,XUV.e8,Long Range,57.5,60.0,175,2050,0.3,2.6,0.012,92,450,20.9,10.9,0,2,2,1,3,1.4,0,Hill_Station,1.0052,57.2,25.0
Mahindra,XUV.e8,Long Range,53.0,60.0,175,2050,0.3,2.6,0.0122,92,450,37.8,12.5,0,2,0,1,3,3.9,2,Hill_Station,0.4912,107.9,25.0
Mahindra,XUV.e8,Long Range,51.7,60.0,175,2050,0.3,2.6,0.0122,92,450,28.8,27.8,0,2,1,1,3,4.6,-2,Hill_Station,0.6082,85.0,25.0
Mahindra,XUV.e8,Long Range,52.8,60.0,175,2050,0.3,2.6,0.0122,92,450,42.6,24.6,1,0,0,1,3,4.0,-2,Rural_Road,0.1235,427.5,25.0
Mahindra,XUV.e8,Long Range,55.7,60.0,175,2050,0.3,2.6,0.012,92,450,48.0,33.4,0,0,0,1,2,2.4,0,Rural_Road,0.1303,427.5,25.0
Mahindra,XUV.e8,Long Range,56.4,60.0,175,2050,0.3,2.6,0.0122,92,450,45.0,12.3,0,0,0,1,3,2.0,-2,Rural_Road,0.1319,427.5,25.0
Mahindra,XUV.e8,Long Range,54.4,60.0,175,2050,0.3,2.6,0.012,92,450,57.2,43.2,1,0,0,1,1,3.1,0,Rural_Road,0.1396,389.8,25.0
Mahindra,XUV.e8,Long Range,55.0,60.0,175,2050,0.3,2.6,0.0122,92,450,58.0,32.8,0,0,0,1,3,2.8,-2,Rural_Road,0.1287,427.5,25.0
Mahindra,XUV.e8,Long Range,55.3,60.0,175,2050,0.3,2.6,0.0122,92,450,34.0,24.3,0,0,2,1,2,2.6,-2,Rural_Road,0.1624,340.6,25.0
Mahindra,XUV.e8,Long Range,59.3,60.0,175,2050,0.3,2.6,0.012,92,450,31.5,33.4,0,0,0,1,1,0.4,0,Rural_Road,0.1387,427.5,25.0
Mahindra,XUV.e8,Long Range,51.7,60.0,175,2050,0.3,2.6,0.012,92,450,44.8,38.2,0,0,0,1,3,4.6,0,Rural_Road,0.1209,427.5,25.0
Mahindra,XUV.e8,Long Range,59.8,60.0,175,2050,0.3,2.6,0.0122,92,450,37.3,41.3,1,0,1,2,4,0.1,2,Rural_Road,0.2338,255.8,25.0
Mahindra,XUV.e8,Long Range,57.5,60.0,175,2050,0.3,2.6,0.0122,92,450,58.4,20.5,0,0,1,1,2,1.4,-2,Rural_Road,0.1345,427.5,25.0
Mahindra,XUV.e8,Long Range,59.5,60.0,175,2050,0.3,2.6,0.0122,92,450,48.2,26.2,0,0,0,1,5,0.3,-2,Rural_Road,0.1392,427.5,25.0
Mahindra,XUV.e8,Long Range,58.2,60.0,175,2050,0.3,2.6,0.012,92,450,57.4,42.6,0,0,1,1,1,1.0,0,Rural_Road,0.1361,427.5,25.0
Mahindra,XUV.e8,Long Range,52.3,60.0,175,2050,0.3,2.6,0.0126,92,450,15.5,28.4,0,2,1,0,2,4.3,-5,Ghat_Road,0.5267,99.3,25.0
Mahindra,XUV.e8,Long Range,54.6,60.0,175,2050,0.3,2.6,0.012,92,450,32.4,22.2,0,2,0,1,3,3.0,0,Ghat_Road,0.4505,121.2,25.0
Mahindra,XUV.e8,Long Range,56.0,60.0,175,2050,0.3,2.6,0.0126,92,450,21.9,11.2,0,2,0,1,3,2.2,-5,Ghat_Road,0.4815,116.3,25.0
Mahindra,XUV.e8,Long Range,52.4,60.0,175,2050,0.3,2.6,0.013,92,450,31.5,26.3,1,2,0,1,1,4.2,-8,Ghat_Road,0.4159,126.0,25.0
Mahindra,XUV.e8,Long Range,57.5,60.0,175,2050,0.3,2.6,0.0126,92,450,17.4,17.0,0,2,0,2,1,1.4,-5,Ghat_Road,0.4944,116.3,25.0
Mahindra,XUV.e8,Long Range,57.3,60.0,175,2050,0.3,2.6,0.012,92,450,25.6,13.9,0,2,0,0,4,1.5,0,Ghat_Road,0.4064,141.0,25.0
Mahindra,XUV.e8,Long Range,54.6,60.0,175,2050,0.3,2.6,0.0126,92,450,20.1,31.3,0,2,1,1,2,3.0,-5,Ghat_Road,0.5493,99.4,25.0
Mahindra,XUV.e8,Long Range,56.4,60.0,175,2050,0.3,2.6,0.0126,92,450,26.9,11.6,0,2,0,1,2,2.0,-5,Ghat_Road,0.4585,123.0,25.0
Mahindra,XUV.e8,Long Range,59.8,60.0,175,2050,0.3,2.6,0.012,92,450,20.5,34.9,1,2,2,1,4,0.1,0,Ghat_Road,1.0364,57.7,25.0
Mahindra,XUV.e8,Long Range,52.4,60.0,175,2050,0.3,2.6,0.0126,92,450,30.0,29.0,1,2,2,0,4,4.2,-5,Ghat_Road,0.9668,54.2,25.0
Mahindra,XUV.e8,Long Range,52.3,60.0,175,2050,0.3,2.6,0.012,92,450,21.5,23.0,0,2,2,1,2,4.3,0,Ghat_Road,0.9002,58.1,25.0
Mahindra,XUV.e8,Long Range,52.4,60.0,175,2050,0.3,2.6,0.012,92,450,29.3,11.0,0,2,1,0,2,4.2,0,Ghat_Road,0.6051,86.6,25.0
MG,ZS EV,Exclusive,42.9,50.3,130,1620,0.33,2.42,0.0122,91,461,15.1,45.1,1,0,1,1,1,4.9,-2,Delhi,0.3468,123.7,22.0
MG,ZS EV,Exclusive,48.6,50.3,130,1620,0.33,2.42,0.0126,91,461,17.4,19.0,0,0,1,1,3,1.1,-5,Delhi,0.1178,412.7,22.0
MG,ZS EV,Exclusive,43.1,50.3,130,1620,0.33,2.42,0.0122,91,461,22.0,23.2,0,0,2,0,2,4.8,2,Delhi,0.1671,257.9,22.0
MG,ZS EV,Exclusive,49.7,50.3,130,1620,0.33,2.42,0.0122,91,461,17.9,32.1,1,0,1,2,4,0.4,-2,Delhi,0.25,198.8,22.0
MG,ZS EV,Exclusive,42.9,50.3,130,1620,0.33,2.42,0.012,91,461,24.2,44.4,0,0,2,1,1,4.9,0,Delhi,0.1911,224.5,22.0
MG,ZS EV,Exclusive,45.2,50.3,130,1620,0.33,2.42,0.012,91,461,20.5,41.4,1,0,2,0,2,3.4,0,Delhi,0.417,108.4,22.0
MG,ZS EV,Exclusive,43.2,50.3,130,1620,0.33,2.42,0.012,91,461,28.7,26.8,1,0,2,1,1,4.7,0,Delhi,0.2271,190.2,22.0
MG,ZS EV,Exclusive,50.1,50.3,130,1620,0.33,2.42,0.012,91,461,26.5,18.5,0,0,2,0,2,0.1,0,Delhi,0.1758,285.0,22.0
MG,ZS EV,Exclusive,46.7,50.3,130,1620,0.33,2.42,0.0126,91,461,31.5,18.5,1,0,2,0,3,2.4,-5,Delhi,0.1961,238.2,22.0
MG,ZS EV,Exclusive,44.9,50.3,130,1620,0.33,2.42,0.012,91,461,28.2,14.2,0,0,1,1,1,3.6,0,Delhi,0.1248,359.8,22.0
MG,ZS EV,Exclusive,44.3,50.3,130,1620,0.33,2.42,0.0122,91,461,34.0,17.7,0,0,2,1,2,4.0,-2,Delhi,0.1909,232.1,22.0
MG,ZS EV,Exclusive,47.7,50.3,130,1620,0.33,2.42,0.012,91,461,20.4,30.7,0,0,2,0,3,1.7,0,Mumbai,0.1544,308.9,22.0
MG,ZS EV,Exclusive,48.2,50.3,130,1620,0.33,2.42,0.0126,91,461,15.0,23.9,1,0,2,0,1,1.4,-5,Mumbai,0.2139,225.3,22.0
MG,ZS EV,Exclusive,48.3,50.3,130,1620,0.33,2.42,0.013,91,461,25.9,22.8,1,0,2,2,1,1.3,-8,Mumbai,0.2529,191.0,22.0
MG,ZS EV,Exclusive,49.4,50.3,130,1620,0.33,2.42,0.012,91,461,21.8,30.5,0,0,1,1,2,0.6,0,Mumbai,0.1128,437.95,22.0
MG,ZS EV,Exclusive,48.5,50.3,130,1620,0.33,2.42,0.0126,91,461,24.4,18.8,1,0,2,2,4,1.2,-5,Mumbai,0.2504,193.7,22.0
MG,ZS EV,Exclusive,49.7,50.3,130,1620,0.33,2.42,0.013,91,461,22.9,34.1,1,0,2,1,4,0.4,-8,Mumbai,0.3578,138.9,22.0
MG,ZS EV,Exclusive,44.0,50.3,130,1620,0.33,2.42,0.012,91,461,26.0,20.0,0,0,1,2,4,4.2,0,Mumbai,0.1404,313.4,22.0
MG,ZS EV,Exclusive,47.0,50.3,130,1620,0.33,2.42,0.0122,91,461,19.3,32.5,1,0,2,1,1,2.2,-2,Mumbai,0.3326,141.3,22.0
MG,ZS EV,Exclusive,48.0,50.3,130,1620,0.33,2.42,0.013,91,461,16.6,31.0,1,0,2,1,2,1.5,-8,Mumbai,0.3852,124.6,22.0
MG,ZS EV,Exclusive,44.4,50.3,130,1620,0.33,2.42,0.012,91,461,28.4,26.2,0,0,1,1,1,3.9,0,Mumbai,0.1074,413.5,22.0
MG,ZS EV,Exclusive,48.9,50.3,130,1620,0.33,2.42,0.012,91,461,17.5,27.2,0,1,1,1,3,0.9,0,Bangalore,0.3097,157.9,22.0
MG,ZS EV,Exclusive,43.1,50.3,130,1620,0.33,2.42,0.012,91,461,15.4,16.6,0,1,1,1,1,4.8,0,Bangalore,0.2813,153.2,22.0
MG,ZS EV,Exclusive,46.1,50.3,130,1620,0.33,2.42,0.0122,91,461,33.4,15.8,0,1,2,1,1,2.8,-2,Bangalore,0.4704,98.0,22.0
MG,ZS EV,Exclusive,49.2,50.3,130,1620,0.33,2.42,0.0122,91,461,22.1,19.3,0,1,2,1,2,0.7,-2,Bangalore,0.4686,105.0,22.0
MG,ZS EV,Exclusive,50.1,50.3,130,1620,0.33,2.42,0.0122,91,461,22.2,30.7,1,1,1,1,1,0.1,-2,Bangalore,0.341,146.9,22.0
MG,ZS EV,Exclusive,45.0,50.3,130,1620,0.33,2.42,0.0122,91,461,23.9,16.0,0,1,1,2,1,3.5,-2,Bangalore,0.3483,129.2,22.0
MG,ZS EV,Exclusive,49.1,50.3,130,1620,0.33,2.42,0.0126,91,461,24.7,32.6,0,1,0,0,3,0.8,-5,Bangalore,0.2094,234.5,22.0
MG,ZS EV,Exclusive,47.9,50.3,130,1620,0.33,2.42,0.0122,91,461,24.9,19.1,0,1,1,2,4,1.6,2,Bangalore,0.3955,121.1,22.0
MG,ZS EV,Exclusive,45.5,50.3,130,1620,0.33,2.42,0.012,91,461,27.9,24.9,0,0,2,1,4,3.2,0,Chennai,0.1872,243.0,22.0
MG,ZS EV,Exclusive,48.2,50.3,130,1620,0.33,2.42,0.012,91,461,20.1,33.5,0,0,1,2,1,1.4,0,Chennai,0.1231,391.7,22.0
MG,ZS EV,Exclusive,44.0,50.3,130,1620,0.33,2.42,0.0122,91,461,34.0,40.6,0,0,2,2,3,4.2,-2,Chennai,0.2493,176.5,22.0
MG,ZS EV,Exclusive,49.8,50.3,130,1620,0.33,2.42,0.013,91,461,21.1,27.8,0,0,1,2,4,0.3,-8,Chennai,0.1435,347.1,22.0
MG,ZS EV,Exclusive,45.5,50.3,130,1620,0.33,2.42,0.012,91,461,21.0,38.8,1,0,0,1,3,3.2,0,Chennai,0.1722,264.2,22.0
MG,ZS EV,Exclusive,44.7,50.3,130,1620,0.33,2.42,0.0122,91,461,17.8,36.4,1,0,2,0,1,3.7,-2,Chennai,0.3703,120.7,22.0
MG,ZS EV,Exclusive,44.1,50.3,130,1620,0.33,2.42,0.0122,91,461,26.8,32.6,0,0,2,1,1,4.1,-2,Chennai,0.1792,246.1,22.0
MG,ZS EV,Exclusive,50.0,50.3,130,1620,0.33,2.42,0.012,91,461,18.0,27.7,0,0,2,0,2,0.2,0,Chennai,0.1474,339.3,22.0
MG,ZS EV,Exclusive,47.9,50.3,130,1620,0.33,2.42,0.0126,91,461,26.6,41.1,0,0,2,1,1,1.6,-5,Chennai,0.2031,235.9,22.0
MG,ZS EV,Exclusive,48.2,50.3,130,1620,0.33,2.42,0.012,91,461,33.0,41.7,1,0,2,1,4,1.4,0,Chennai,0.4099,117.6,22.0
MG,ZS EV,Exclusive,43.5,50.3,130,1620,0.33,2.42,0.0122,91,461,34.6,40.1,0,0,2,1,2,4.5,-2,Chennai,0.228,190.8,22.0
MG,ZS EV,Exclusive,44.3,50.3,130,1620,0.33,2.42,0.0122,91,461,16.9,30.7,0,0,2,0,2,4.0,-2,Chennai,0.1638,270.5,22.0
MG,ZS EV,Exclusive,43.1,50.3,130,1620,0.33,2.42,0.0122,91,461,34.5,13.1,0,1,2,2,2,4.8,-2,Pune,0.6366,67.7,22.0
MG,ZS EV,Exclusive,47.9,50.3,130,1620,0.33,2.42,0.012,91,461,34.0,38.2,1,1,0,1,1,1.6,0,Pune,0.2555,187.5,22.0
MG,ZS EV,Exclusive,46.7,50.3,130,1620,0.33,2.42,0.013,91,461,39.6,38.8,1,1,2,0,2,2.4,-8,Pune,0.5586,83.6,22.0
MG,ZS EV,Exclusive,44.0,50.3,130,1620,0.33,2.42,0.0122,91,461,29.1,20.2,0,1,2,1,4,4.2,-2,Pune,0.5549,79.3,22.0
MG,ZS EV,Exclusive,46.7,50.3,130,1620,0.33,2.42,0.0122,91,461,20.7,24.5,0,1,1,2,2,2.4,-2,Pune,0.3389,137.8,22.0
MG,ZS EV,Exclusive,49.4,50.3,130,1620,0.33,2.42,0.0122,91,461,39.6,13.4,0,1,1,1,1,0.6,-2,Pune,0.3237,152.6,22.0
MG,ZS EV,Exclusive,49.8,50.3,130,1620,0.33,2.42,0.0126,91,461,29.0,31.3,0,1,0,0,4,0.3,-5,Pune,0.2311,215.5,22.0
MG,ZS EV,Exclusive,45.8,50.3,130,1620,0.33,2.42,0.0122,91,461,35.2,20.8,0,1,2,1,3,3.0,-2,Pune,0.5199,88.1,22.0
MG,ZS EV,Exclusive,49.5,50.3,130,1620,0.33,2.42,0.012,91,461,28.9,34.8,1,1,0,1,3,0.5,0,Pune,0.2878,172.0,22.0
MG,ZS EV,Exclusive,46.8,50.3,130,1620,0.33,2.42,0.012,91,461,21.1,12.1,0,1,1,1,2,2.3,0,Pune,0.3145,148.8,22.0
MG,ZS EV,Exclusive,50.0,50.3,130,1620,0.33,2.42,0.0122,91,461,35.4,25.0,0,1,2,2,1,0.2,-2,Pune,0.5875,85.1,22.0
MG,ZS EV,Exclusive,45.3,50.3,130,1620,0.33,2.42,0.012,91,461,36.7,21.2,0,1,2,1,2,3.3,0,Pune,0.5255,86.2,22.0
MG,ZS EV,Exclusive,47.0,50.3,130,1620,0.33,2.42,0.013,91,461,23.2,41.8,1,0,2,0,5,2.2,-8,Hyderabad,0.4148,113.3,22.0
MG,ZS EV,Exclusive,48.9,50.3,130,1620,0.33,2.42,0.012,91,461,20.6,39.7,1,0,2,1,5,0.9,0,Hyderabad,0.4005,122.1,22.0
MG,ZS EV,Exclusive,43.4,50.3,130,1620,0.33,2.42,0.0126,91,461,19.5,37.1,1,0,2,1,1,4.6,-5,Hyderabad,0.3797,114.3,22.0
MG,ZS EV,Exclusive,46.5,50.3,130,1620,0.33,2.42,0.013,91,461,20.0,23.5,0,0,2,1,3,2.5,-8,Hyderabad,0.2004,232.0,22.0
MG,ZS EV,Exclusive,44.1,50.3,130,1620,0.33,2.42,0.012,91,461,18.5,38.3,0,0,2,0,1,4.1,0,Hyderabad,0.1492,295.6,22.0
MG,ZS EV,Exclusive,44.4,50.3,130,1620,0.33,2.42,0.013,91,461,33.9,39.8,1,0,2,0,1,3.9,-8,Hyderabad,0.2629,168.9,22.0
MG,ZS EV,Exclusive,46.2,50.3,130,1620,0.33,2.42,0.012,91,461,25.2,20.1,0,0,1,0,3,2.7,0,Hyderabad,0.1071,431.2,22.0
MG,ZS EV,Exclusive,47.7,50.3,130,1620,0.33,2.42,0.012,91,461,17.1,41.8,1,0,1,1,1,1.7,0,Hyderabad,0.3036,157.1,22.0
MG,ZS EV,Exclusive,50.1,50.3,130,1620,0.33,2.42,0.0122,91,461,25.2,31.9,0,0,2,2,1,0.1,2,Kolkata,0.2201,227.6,22.0
MG,ZS EV,Exclusive,46.4,50.3,130,1620,0.33,2.42,0.0122,91,461,24.3,28.9,0,0,2,1,2,2.6,2,Kolkata,0.1816,255.5,22.0
MG,ZS EV,Exclusive,49.2,50.3,130,1620,0.33,2.42,0.013,91,461,27.1,41.1,1,0,2,1,4,0.7,-8,Kolkata,0.3895,126.3,22.0
MG,ZS EV,Exclusive,49.5,50.3,130,1620,0.33,2.42,0.013,91,461,26.6,39.0,1,0,2,1,1,0.5,-8,Kolkata,0.3347,147.9,22.0
MG,ZS EV,Exclusive,43.4,50.3,130,1620,0.33,2.42,0.0126,91,461,13.6,20.8,0,0,1,1,1,4.6,-5,Kolkata,0.1139,381.0,22.0
MG,ZS EV,Exclusive,48.5,50.3,130,1620,0.33,2.42,0.0122,91,461,12.2,21.5,0,0,0,1,3,1.2,-2,Kolkata,0.1107,437.95,22.0
MG,ZS EV,Exclusive,46.7,50.3,130,1620,0.33,2.42,0.0126,91,461,17.0,16.5,0,0,2,1,3,2.4,-5,Kolkata,0.1974,236.6,22.0
MG,ZS EV,Exclusive,45.5,50.3,130,1620,0.33,2.42,0.012,91,461,27.2,17.7,1,0,2,0,1,3.2,0,Kolkata,0.1866,243.8,22.0
MG,ZS EV,Exclusive,42.9,50.3,130,1620,0.33,2.42,0.012,91,461,16.9,26.4,0,0,2,2,3,4.9,0,Kolkata,0.2089,205.4,22.0
MG,ZS EV,Exclusive,45.2,50.3,130,1620,0.33,2.42,0.012,91,461,25.1,18.7,0,0,2,1,1,3.4,0,Kolkata,0.1801,251.0,22.0
MG,ZS EV,Exclusive,42.9,50.3,130,1620,0.33,2.42,0.0122,91,461,24.2,27.2,0,0,1,1,2,4.9,2,Kolkata,0.1155,371.4,22.0
MG,ZS EV,Exclusive,43.4,50.3,130,1620,0.33,2.42,0.012,91,461,25.7,22.2,0,0,1,0,1,4.6,0,Kolkata,0.0991,437.95,22.0
MG,ZS EV,Exclusive,42.9,50.3,130,1620,0.33,2.42,0.0126,91,461,99.2,32.2,1,0,0,1,1,4.9,-5,Highway_NH,0.2056,208.7,22.0
MG,ZS EV,Exclusive,49.2,50.3,130,1620,0.33,2.42,0.012,91,461,89.1,33.0,1,0,1,1,3,0.7,0,Highway_NH,0.235,209.4,22.0
MG,ZS EV,Exclusive,44.3,50.3,130,1620,0.33,2.42,0.013,91,461,72.9,38.3,0,0,1,0,3,4.0,-8,Highway_NH,0.1754,252.5,22.0
MG,ZS EV,Exclusive,45.3,50.3,130,1620,0.33,2.42,0.0126,91,461,72.2,42.7,0,0,0,2,2,3.3,-5,Highway_NH,0.1628,278.3,22.0
MG,ZS EV,Exclusive,43.5,50.3,130,1620,0.33,2.42,0.0122,91,461,76.3,37.7,0,0,1,1,2,4.5,-2,Highway_NH,0.188,231.4,22.0
MG,ZS EV,Exclusive,43.4,50.3,130,1620,0.33,2.42,0.012,91,461,89.9,17.0,0,0,0,0,2,4.6,0,Highway_NH,0.1461,297.0,22.0
MG,ZS EV,Exclusive,44.3,50.3,130,1620,0.33,2.42,0.0126,91,461,88.8,39.1,1,0,0,0,2,4.0,-5,Highway_NH,0.173,256.1,22.0
MG,ZS EV,Exclusive,48.3,50.3,130,1620,0.33,2.42,0.012,91,461,78.2,23.3,0,0,0,1,5,1.3,0,Highway_NH,0.138,349.9,22.0
MG,ZS EV,Exclusive,49.1,50.3,130,1620,0.33,2.42,0.012,91,461,73.5,27.1,0,0,1,0,1,0.8,0,Highway_NH,0.1563,314.2,22.0
MG,ZS EV,Exclusive,43.4,50.3,130,1620,0.33,2.42,0.0126,91,461,93.2,35.6,0,0,0,1,3,4.6,-5,Highway_NH,0.1724,251.8,22.0
MG,ZS EV,Exclusive,44.7,50.3,130,1620,0.33,2.42,0.012,91,461,99.9,31.9,1,0,1,0,1,3.7,0,Highway_NH,0.2538,176.1,22.0
MG,ZS EV,Exclusive,45.9,50.3,130,1620,0.33,2.42,0.012,91,461,88.6,24.7,0,0,0,1,4,2.9,0,Expressway,0.1581,290.3,22.0
MG,ZS EV,Exclusive,46.4,50.3,130,1620,0.33,2.42,0.0126,91,461,100.2,24.0,0,0,1,1,3,2.6,-5,Expressway,0.2582,179.7,22.0
MG,ZS EV,Exclusive,48.2,50.3,130,1620,0.33,2.42,0.0122,91,461,97.5,42.2,0,0,0,2,3,1.4,2,Expressway,0.2108,228.6,22.0
MG,ZS EV,Exclusive,45.8,50.3,130,1620,0.33,2.42,0.013,91,461,110.3,20.7,0,0,1,0,1,3.0,-8,Expressway,0.2523,181.5,22.0
MG,ZS EV,Exclusive,49.5,50.3,130,1620,0.33,2.42,0.0122,91,461,81.7,29.0,0,0,0,1,4,0.5,-2,Expressway,0.1444,342.7,22.0
MG,ZS EV,Exclusive,48.0,50.3,130,1620,0.33,2.42,0.0126,91,461,107.3,33.3,0,0,0,2,4,1.5,-5,Expressway,0.2314,207.4,22.0
MG,ZS EV,Exclusive,45.3,50.3,130,1620,0.33,2.42,0.012,91,461,107.6,39.3,1,0,0,0,1,3.3,0,Expressway,0.1909,237.3,22.0
MG,ZS EV,Exclusive,47.3,50.3,130,1620,0.33,2.42,0.0126,91,461,88.1,39.0,0,0,1,0,2,2.0,-5,Expressway,0.2002,236.3,22.0
MG,ZS EV,Exclusive,46.8,50.3,130,1620,0.33,2.42,0.012,91,461,114.6,38.3,0,0,0,1,1,2.3,0,Expressway,0.2127,220.0,22.0
MG,ZS EV,Exclusive,49.4,50.3,130,1620,0.33,2.42,0.012,91,461,94.4,22.4,0,0,0,1,5,0.6,0,Expressway,0.1881,262.6,22.0
MG,ZS EV,Exclusive,49.4,50.3,130,1620,0.33,2.42,0.0126,91,461,100.2,33.9,1,0,0,1,2,0.6,-5,Expressway,0.1932,255.7,22.0
MG,ZS EV,Exclusive,48.8,50.3,130,1620,0.33,2.42,0.012,91,461,81.0,32.7,0,0,0,1,1,1.0,0,Expressway,0.1496,326.1,22.0
MG,ZS EV,Exclusive,49.5,50.3,130,1620,0.33,2.42,0.012,91,461,25.9,20.2,0,2,2,1,2,0.5,0,Hill_Station,1.0738,46.1,22.0
MG,ZS EV,Exclusive,48.2,50.3,130,1620,0.33,2.42,0.012,91,461,30.4,13.4,0,2,1,1,3,1.4,0,Hill_Station,0.7359,65.5,22.0
MG,ZS EV,Exclusive,49.4,50.3,130,1620,0.33,2.42,0.013,91,461,36.0,25.4,1,2,2,1,1,0.6,-8,Hill_Station,1.0716,46.1,22.0
MG,ZS EV,Exclusive,43.1,50.3,130,1620,0.33,2.42,0.012,91,461,35.9,25.1,0,2,2,0,2,4.8,0,Hill_Station,0.8923,48.3,22.0
MG,ZS EV,Exclusive,46.4,50.3,130,1620,0.33,2.42,0.013,91,461,34.0,14.0,0,2,2,2,4,2.6,-8,Hill_Station,1.0065,46.1,22.0
MG,ZS EV,Exclusive,48.0,50.3,130,1620,0.33,2.42,0.012,91,461,20.3,11.2,0,2,2,0,1,1.5,0,Hill_Station,0.9486,50.6,22.0
MG,ZS EV,Exclusive,50.0,50.3,130,1620,0.33,2.42,0.0122,91,461,29.1,13.3,0,2,1,1,1,0.2,-2,Hill_Station,0.6435,77.7,22.0
MG,ZS EV,Exclusive,49.8,50.3,130,1620,0.33,2.42,0.013,91,461,25.1,28.4,1,2,0,1,2,0.3,-8,Hill_Station,0.5182,96.1,22.0
MG,ZS EV,Exclusive,42.8,50.3,130,1620,0.33,2.42,0.012,91,461,30.4,5.5,0,2,1,2,3,5.0,0,Hill_Station,0.8825,48.5,22.0
MG,ZS EV,Exclusive,48.3,50.3,130,1620,0.33,2.42,0.012,91,461,38.5,24.6,0,0,1,1,3,1.3,0,Rural_Road,0.1359,355.5,22.0
MG,ZS EV,Exclusive,45.9,50.3,130,1620,0.33,2.42,0.012,91,461,47.4,13.8,0,0,1,1,1,2.9,0,Rural_Road,0.1312,349.9,22.0
MG,ZS EV,Exclusive,50.1,50.3,130,1620,0.33,2.42,0.0126,91,461,55.1,11.5,0,0,1,0,3,0.1,-5,Rural_Road,0.1512,331.3,22.0
MG,ZS EV,Exclusive,43.8,50.3,130,1620,0.33,2.42,0.0126,91,461,32.8,28.6,0,0,1,1,5,4.3,-5,Rural_Road,0.1329,329.6,22.0
MG,ZS EV,Exclusive,49.2,50.3,130,1620,0.33,2.42,0.012,91,461,54.1,18.5,0,0,0,1,2,0.7,0,Rural_Road,0.1123,437.95,22.0
MG,ZS EV,Exclusive,48.0,50.3,130,1620,0.33,2.42,0.012,91,461,44.6,37.7,0,0,0,0,3,1.5,0,Rural_Road,0.1096,437.95,22.0
MG,ZS EV,Exclusive,43.4,50.3,130,1620,0.33,2.42,0.0126,91,461,57.5,40.4,1,0,0,1,2,4.6,-5,Rural_Road,0.1619,268.0,22.0
MG,ZS EV,Exclusive,49.5,50.3,130,1620,0.33,2.42,0.013,91,461,45.6,12.4,0,0,1,1,4,0.5,-8,Rural_Road,0.1484,333.5,22.0
MG,ZS EV,Exclusive,46.5,50.3,130,1620,0.33,2.42,0.012,91,461,33.7,16.7,0,0,0,1,1,2.5,0,Rural_Road,0.1062,437.95,22.0
MG,ZS EV,Exclusive,50.1,50.3,130,1620,0.33,2.42,0.012,91,461,53.0,35.2,0,0,1,1,4,0.1,0,Rural_Road,0.1502,333.6,22.0
MG,ZS EV,Exclusive,48.3,50.3,130,1620,0.33,2.42,0.012,91,461,34.3,11.6,0,2,1,1,2,1.3,0,Ghat_Road,0.6423,75.2,22.0
MG,ZS EV,Exclusive,44.0,50.3,130,1620,0.33,2.42,0.012,91,461,17.8,14.5,0,2,2,1,4,4.2,0,Ghat_Road,0.9544,46.1,22.0
MG,ZS EV,Exclusive,47.1,50.3,130,1620,0.33,2.42,0.012,91,461,19.7,18.1,0,2,2,2,1,2.1,0,Ghat_Road,1.0217,46.1,22.0
MG,ZS EV,Exclusive,47.6,50.3,130,1620,0.33,2.42,0.012,91,461,20.2,10.1,0,2,2,1,3,1.8,0,Ghat_Road,1.0325,46.1,22.0
MG,ZS EV,Exclusive,49.5,50.3,130,1620,0.33,2.42,0.0122,91,461,17.2,13.6,1,2,2,2,3,0.5,2,Ghat_Road,1.0738,46.1,22.0
MG,ZS EV,Exclusive,45.6,50.3,130,1620,0.33,2.42,0.0126,91,461,27.5,29.2,0,2,0,0,3,3.1,-5,Ghat_Road,0.4431,102.9,22.0
MG,ZS EV,Exclusive,44.1,50.3,130,1620,0.33,2.42,0.0126,91,461,32.3,33.0,0,2,0,0,2,4.1,-5,Ghat_Road,0.4298,102.6,22.0
MG,ZS EV,Exclusive,46.5,50.3,130,1620,0.33,2.42,0.0126,91,461,32.1,24.7,0,2,2,2,2,2.5,-5,Ghat_Road,1.0087,46.1,22.0
MG,ZS EV,Exclusive,45.0,50.3,130,1620,0.33,2.42,0.012,91,461,34.9,29.3,1,2,2,2,1,3.5,0,Ghat_Road,0.9761,46.1,22.0
MG,ZS EV,Exclusive,48.6,50.3,130,1620,0.33,2.42,0.0122,91,461,17.3,14.4,0,2,1,1,3,1.1,-2,Ghat_Road,0.6667,72.9,22.0
MG,ZS EV,Exclusive,44.4,50.3,130,1620,0.33,2.42,0.0126,91,461,33.8,12.6,0,2,1,1,3,3.9,-5,Ghat_Road,0.7525,59.0,22.0
MG,ZS EV,Excite,43.0,44.5,130,1590,0.33,2.42,0.0126,91,400,34.0,12.6,0,0,2,1,4,1.1,-5,Delhi,0.1584,271.4,19.0
MG,ZS EV,Excite,38.0,44.5,130,1590,0.33,2.42,0.0122,91,400,26.1,12.1,0,0,2,2,4,4.9,2,Delhi,0.1856,204.7,19.0
MG,ZS EV,Excite,38.4,44.5,130,1590,0.33,2.42,0.0126,91,400,28.9,29.8,0,0,2,1,2,4.6,-5,Delhi,0.1423,269.9,19.0
MG,ZS EV,Excite,42.1,44.5,130,1590,0.33,2.42,0.012,91,400,16.8,35.9,0,0,2,1,2,1.8,0,Delhi,0.1391,302.7,19.0
MG,ZS EV,Excite,38.9,44.5,130,1590,0.33,2.42,0.0126,91,400,30.2,29.3,0,0,1,1,1,4.2,-5,Delhi,0.1024,380.0,19.0
MG,ZS EV,Excite,43.3,44.5,130,1590,0.33,2.42,0.0122,91,400,26.7,31.9,0,0,2,1,5,0.9,-2,Delhi,0.1414,306.3,19.0
MG,ZS EV,Excite,38.0,44.5,130,1590,0.33,2.42,0.0126,91,400,26.9,18.9,0,0,2,1,1,4.9,-5,Delhi,0.1218,312.1,19.0
MG,ZS EV,Excite,40.1,44.5,130,1590,0.33,2.42,0.012,91,400,27.5,26.4,0,0,2,1,4,3.3,0,Delhi,0.128,313.2,19.0
MG,ZS EV,Excite,38.0,44.5,130,1590,0.33,2.42,0.013,91,400,25.5,33.8,1,0,1,1,1,4.9,-8,Mumbai,0.1398,271.8,19.0
MG,ZS EV,Excite,38.5,44.5,130,1590,0.33,2.42,0.012,91,400,22.9,25.2,0,0,2,1,2,4.5,0,Mumbai,0.1236,311.4,19.0
MG,ZS EV,Excite,42.6,44.5,130,1590,0.33,2.42,0.0122,91,400,27.0,23.3,0,0,2,1,2,1.4,-2,Mumbai,0.1419,300.3,19.0
MG,ZS EV,Excite,41.0,44.5,130,1590,0.33,2.42,0.013,91,400,17.1,36.6,1,0,2,0,5,2.6,-8,Mumbai,0.2768,148.1,19.0
MG,ZS EV,Excite,38.8,44.5,130,1590,0.33,2.42,0.0126,91,400,18.6,18.4,0,0,1,1,1,4.3,-5,Mumbai,0.1021,380.0,19.0
MG,ZS EV,Excite,43.2,44.5,130,1590,0.33,2.42,0.012,91,400,19.1,35.3,0,0,2,0,3,1.0,0,Mumbai,0.1333,324.2,19.0
MG,ZS EV,Excite,40.5,44.5,130,1590,0.33,2.42,0.0122,91,400,12.2,32.5,0,0,2,1,3,3.0,2,Mumbai,0.1367,296.2,19.0
MG,ZS EV,Excite,40.9,44.5,130,1590,0.33,2.42,0.0122,91,400,27.1,32.2,0,0,0,1,5,2.7,-2,Mumbai,0.1076,380.0,19.0
MG,ZS EV,Excite,38.8,44.5,130,1590,0.33,2.42,0.0122,91,400,23.0,25.8,1,1,2,1,4,4.3,-2,Bangalore,0.4592,84.5,19.0
MG,ZS EV,Excite,42.1,44.5,130,1590,0.33,2.42,0.012,91,400,16.0,17.4,0,1,1,1,1,1.8,0,Bangalore,0.2273,185.2,19.0
MG,ZS EV,Excite,44.2,44.5,130,1590,0.33,2.42,0.0126,91,400,21.2,36.3,0,1,1,2,3,0.2,-5,Bangalore,0.2664,165.9,19.0
MG,ZS EV,Excite,41.0,44.5,130,1590,0.33,2.42,0.0122,91,400,34.7,26.4,0,1,1,1,1,2.6,2,Bangalore,0.1985,206.5,19.0
MG,ZS EV,Excite,39.8,44.5,130,1590,0.33,2.42,0.012,91,400,25.8,33.6,0,1,1,1,1,3.5,0,Bangalore,0.1974,201.6,19.0
MG,ZS EV,Excite,38.5,44.5,130,1590,0.33,2.42,0.0122,91,400,28.4,31.3,1,1,1,1,4,4.5,-2,Bangalore,0.252,152.8,19.0
MG,ZS EV,Excite,39.4,44.5,130,1590,0.33,2.42,0.012,91,400,27.4,30.3,1,1,2,0,4,3.8,0,Bangalore,0.4358,90.4,19.0
MG,ZS EV,Excite,40.8,44.5,130,1590,0.33,2.42,0.012,91,400,19.5,20.1,0,1,0,0,3,2.8,0,Bangalore,0.1522,268.0,19.0
MG,ZS EV,Excite,42.4,44.5,130,1590,0.33,2.42,0.0122,91,400,15.3,26.0,0,1,0,2,3,1.6,-2,Bangalore,0.1736,244.2,19.0
MG,ZS EV,Excite,39.3,44.5,130,1590,0.33,2.42,0.0122,91,400,21.4,32.2,1,1,1,1,5,3.9,2,Bangalore,0.3018,130.2,19.0
MG,ZS EV,Excite,42.5,44.5,130,1590,0.33,2.42,0.0126,91,400,24.8,24.3,0,1,1,2,2,1.5,-5,Bangalore,0.257,165.4,19.0
MG,ZS EV,Excite,39.6,44.5,130,1590,0.33,2.42,0.013,91,400,15.9,23.2,1,0,2,1,2,3.7,-8,Chennai,0.1724,229.7,19.0
MG,ZS EV,Excite,38.5,44.5,130,1590,0.33,2.42,0.012,91,400,18.6,34.8,1,0,1,0,3,4.5,0,Chennai,0.1413,272.5,19.0
MG,ZS EV,Excite,42.2,44.5,130,1590,0.33,2.42,0.0126,91,400,20.2,29.3,0,0,2,1,4,1.7,-5,Chennai,0.158,267.1,19.0
MG,ZS EV,Excite,41.2,44.5,130,1590,0.33,2.42,0.0122,91,400,34.8,41.2,0,0,2,1,1,2.5,-2,Chennai,0.1342,307.1,19.0
MG,ZS EV,Excite,38.8,44.5,130,1590,0.33,2.42,0.0126,91,400,18.6,36.0,0,0,2,0,5,4.3,-5,Chennai,0.1382,280.7,19.0
MG,ZS EV,Excite,41.4,44.5,130,1590,0.33,2.42,0.012,91,400,34.1,24.7,1,0,2,2,2,2.3,0,Chennai,0.163,254.0,19.0
MG,ZS EV,Excite,39.0,44.5,130,1590,0.33,2.42,0.012,91,400,21.8,28.4,0,0,1,1,1,4.1,0,Chennai,0.1026,380.0,19.0
MG,ZS EV,Excite,38.1,44.5,130,1590,0.33,2.42,0.013,91,400,17.5,22.9,0,0,2,1,4,4.8,-8,Chennai,0.1467,259.8,19.0
MG,ZS EV,Excite,38.6,44.5,130,1590,0.33,2.42,0.012,91,400,33.1,27.8,0,0,0,1,3,4.4,0,Chennai,0.1016,380.0,19.0
MG,ZS EV,Excite,41.8,44.5,130,1590,0.33,2.42,0.012,91,400,21.7,31.5,1,0,2,1,3,2.0,0,Chennai,0.2406,173.7,19.0
MG,ZS EV,Excite,40.8,44.5,130,1590,0.33,2.42,0.013,91,400,33.6,35.8,0,0,0,1,3,2.8,-8,Chennai,0.1074,380.0,19.0
MG,ZS EV,Excite,38.0,44.5,130,1590,0.33,2.42,0.012,91,400,21.8,37.4,0,1,2,1,3,4.9,0,Pune,0.374,101.6,19.0
MG,ZS EV,Excite,44.2,44.5,130,1590,0.33,2.42,0.0126,91,400,37.6,33.4,0,1,0,1,1,0.2,-5,Pune,0.1575,280.6,19.0
MG,ZS EV,Excite,38.1,44.5,130,1590,0.33,2.42,0.012,91,400,32.1,39.2,0,1,2,0,1,4.8,0,Pune,0.3151,120.9,19.0
MG,ZS EV,Excite,40.6,44.5,130,1590,0.33,2.42,0.013,91,400,29.3,27.9,0,1,1,1,2,2.9,-8,Pune,0.2163,187.7,19.0
MG,ZS EV,Excite,39.6,44.5,130,1590,0.33,2.42,0.0126,91,400,25.7,22.7,0,1,1,1,3,3.7,-5,Pune,0.22,180.0,19.0
MG,ZS EV,Excite,38.1,44.5,130,1590,0.33,2.42,0.0122,91,400,36.4,14.4,0,1,2,1,2,4.8,-2,Pune,0.404,94.3,19.0
MG,ZS EV,Excite,39.2,44.5,130,1590,0.33,2.42,0.0122,91,400,30.6,39.5,1,1,2,1,2,4.0,-2,Pune,0.446,87.9,19.0
MG,ZS EV,Excite,40.9,44.5,130,1590,0.33,2.42,0.012,91,400,30.6,20.0,0,1,2,1,1,2.7,0,Pune,0.3466,118.0,19.0
MG,ZS EV,Excite,38.1,44.5,130,1590,0.33,2.42,0.012,91,400,31.9,38.5,1,0,1,1,5,4.8,0,Hyderabad,0.1361,280.0,19.0
MG,ZS EV,Excite,43.4,44.5,130,1590,0.33,2.42,0.012,91,400,29.3,35.3,1,0,2,1,1,0.8,0,Hyderabad,0.2489,174.4,19.0
MG,ZS EV,Excite,39.7,44.5,130,1590,0.33,2.42,0.0122,91,400,30.2,28.7,1,0,1,1,1,3.6,-2,Hyderabad,0.1053,376.9,19.0
MG,ZS EV,Excite,42.6,44.5,130,1590,0.33,2.42,0.0126,91,400,22.6,31.4,1,0,1,1,3,1.4,-5,Hyderabad,0.1368,311.5,19.0
MG,ZS EV,Excite,42.4,44.5,130,1590,0.33,2.42,0.0122,91,400,32.2,19.5,0,0,1,0,4,1.6,-2,Hyderabad,0.1116,380.0,19.0
MG,ZS EV,Excite,42.4,44.5,130,1590,0.33,2.42,0.0126,91,400,23.5,41.8,1,0,0,1,1,1.6,-5,Hyderabad,0.1346,314.9,19.0
MG,ZS EV,Excite,38.8,44.5,130,1590,0.33,2.42,0.0122,91,400,23.3,28.8,0,0,2,1,1,4.3,-2,Hyderabad,0.1168,332.1,19.0
MG,ZS EV,Excite,42.0,44.5,130,1590,0.33,2.42,0.012,91,400,31.2,23.8,0,0,0,1,1,1.9,0,Hyderabad,0.1105,380.0,19.0
MG,ZS EV,Excite,38.4,44.5,130,1590,0.33,2.42,0.013,91,400,21.7,26.9,0,0,2,0,2,4.6,-8,Kolkata,0.1208,317.8,19.0
MG,ZS EV,Excite,44.0,44.5,130,1590,0.33,2.42,0.012,91,400,12.2,36.4,0,0,2,1,3,0.4,0,Kolkata,0.1386,317.4,19.0
MG,ZS EV,Excite,42.1,44.5,130,1590,0.33,2.42,0.012,91,400,16.4,25.1,1,0,2,2,1,1.8,0,Kolkata,0.241,174.7,19.0
MG,ZS EV,Excite,38.0,44.5,130,1590,0.33,2.42,0.012,91,400,20.1,31.2,1,0,2,0,4,4.9,0,Kolkata,0.2235,170.0,19.0
MG,ZS EV,Excite,43.4,44.5,130,1590,0.33,2.42,0.0122,91,400,19.3,30.0,0,0,2,1,5,0.8,2,Kolkata,0.1466,296.1,19.0
MG,ZS EV,Excite,42.6,44.5,130,1590,0.33,2.42,0.0122,91,400,14.8,40.9,1,0,2,1,2,1.4,-2,Kolkata,0.4251,100.2,19.0
MG,ZS EV,Excite,39.8,44.5,130,1590,0.33,2.42,0.0122,91,400,24.9,29.0,1,0,2,0,2,3.5,-2,Kolkata,0.1669,238.5,19.0
MG,ZS EV,Excite,42.8,44.5,130,1590,0.33,2.42,0.013,91,400,17.5,35.6,0,0,2,1,4,1.3,-8,Kolkata,0.1424,300.6,19.0
MG,ZS EV,Excite,43.0,44.5,130,1590,0.33,2.42,0.012,91,400,75.3,38.8,1,0,0,1,2,1.1,0,Highway_NH,0.1211,355.2,19.0
MG,ZS EV,Excite,41.7,44.5,130,1590,0.33,2.42,0.0122,91,400,70.6,41.1,1,0,1,1,1,2.1,-2,Highway_NH,0.1871,222.9,19.0
MG,ZS EV,Excite,38.6,44.5,130,1590,0.33,2.42,0.013,91,400,84.4,32.3,1,0,1,0,3,4.4,-8,Highway_NH,0.1483,260.3,19.0
MG,ZS EV,Excite,38.5,44.5,130,1590,0.33,2.42,0.0122,91,400,81.0,22.5,0,0,0,2,1,4.5,-2,Highway_NH,0.1087,354.2,19.0
MG,ZS EV,Excite,40.2,44.5,130,1590,0.33,2.42,0.013,91,400,80.8,18.5,0,0,0,2,1,3.2,-8,Highway_NH,0.1236,325.3,19.0
MG,ZS EV,Excite,39.7,44.5,130,1590,0.33,2.42,0.0122,91,400,93.0,38.9,1,0,1,1,4,3.6,-2,Highway_NH,0.1821,218.0,19.0
MG,ZS EV,Excite,43.8,44.5,130,1590,0.33,2.42,0.012,91,400,98.2,40.8,1,0,0,1,3,0.5,0,Highway_NH,0.1603,273.3,19.0
MG,ZS EV,Excite,39.0,44.5,130,1590,0.33,2.42,0.012,91,400,99.3,28.4,0,0,1,0,2,4.1,0,Highway_NH,0.1595,244.5,19.0
MG,ZS EV,Excite,42.1,44.5,130,1590,0.33,2.42,0.0126,91,400,79.8,41.4,0,0,1,2,3,1.8,-5,Highway_NH,0.1884,223.5,19.0
MG,ZS EV,Excite,39.7,44.5,130,1590,0.33,2.42,0.013,91,400,99.3,27.5,0,0,1,2,4,3.6,-8,Expressway,0.1981,200.4,19.0
MG,ZS EV,Excite,42.4,44.5,130,1590,0.33,2.42,0.0126,91,400,90.2,26.7,0,0,0,1,3,1.6,-5,Expressway,0.1289,329.0,19.0
MG,ZS EV,Excite,41.4,44.5,130,1590,0.33,2.42,0.0122,91,400,105.0,26.1,0,0,0,2,2,2.3,-2,Expressway,0.1709,242.3,19.0
MG,ZS EV,Excite,41.6,44.5,130,1590,0.33,2.42,0.0126,91,400,100.6,33.8,0,0,0,0,3,2.2,-5,Expressway,0.1259,330.4,19.0
MG,ZS EV,Excite,39.6,44.5,130,1590,0.33,2.42,0.0126,91,400,105.4,23.5,1,0,1,0,2,3.7,-5,Expressway,0.1792,221.0,19.0
MG,ZS EV,Excite,38.5,44.5,130,1590,0.33,2.42,0.012,91,400,96.5,39.8,0,0,0,2,5,4.5,0,Expressway,0.1528,251.9,19.0
MG,ZS EV,Excite,38.4,44.5,130,1590,0.33,2.42,0.012,91,400,103.7,34.4,1,0,0,1,1,4.6,0,Expressway,0.1487,258.2,19.0
MG,ZS EV,Excite,44.1,44.5,130,1590,0.33,2.42,0.012,91,400,83.7,40.2,0,0,1,1,3,0.3,0,Expressway,0.1495,295.0,19.0
MG,ZS EV,Excite,42.4,44.5,130,1590,0.33,2.42,0.013,91,400,34.3,9.6,1,2,0,1,2,1.6,-8,Hill_Station,0.3977,106.6,19.0
MG,ZS EV,Excite,42.9,44.5,130,1590,0.33,2.42,0.013,91,400,37.4,28.0,0,2,1,2,1,1.2,-8,Hill_Station,0.5675,75.6,19.0
MG,ZS EV,Excite,38.2,44.5,130,1590,0.33,2.42,0.012,91,400,24.3,9.4,0,2,2,1,1,4.7,0,Hill_Station,0.9139,41.8,19.0
MG,ZS EV,Excite,44.5,44.5,130,1590,0.33,2.42,0.0122,91,400,23.3,17.6,0,2,1,1,4,0.0,2,Hill_Station,0.4955,89.8,19.0
MG,ZS EV,Excite,40.0,44.5,130,1590,0.33,2.42,0.0122,91,400,28.1,25.4,1,2,2,0,3,3.4,2,Hill_Station,0.7619,52.5,19.0
MG,ZS EV,Excite,38.9,44.5,130,1590,0.33,2.42,0.012,91,400,38.1,23.8,0,2,1,1,3,4.2,0,Hill_Station,0.5039,77.2,19.0
MG,ZS EV,Excite,38.2,44.5,130,1590,0.33,2.42,0.0126,91,400,31.5,15.7,0,2,2,1,4,4.7,-5,Hill_Station,0.8233,46.4,19.0
MG,ZS EV,Excite,39.7,44.5,130,1590,0.33,2.42,0.0122,91,400,20.4,18.3,0,2,1,0,4,3.6,2,Hill_Station,0.4002,99.2,19.0
MG,ZS EV,Excite,42.6,44.5,130,1590,0.33,2.42,0.0122,91,400,26.2,22.6,0,2,1,0,2,1.4,-2,Hill_Station,0.447,95.3,19.0
MG,ZS EV,Excite,40.6,44.5,130,1590,0.33,2.42,0.012,91,400,28.4,23.7,0,2,0,2,3,2.9,0,Hill_Station,0.4216,96.3,19.0
MG,ZS EV,Excite,40.2,44.5,130,1590,0.33,2.42,0.0122,91,400,30.7,21.8,0,0,2,2,2,3.2,-2,Rural_Road,0.1527,263.2,19.0
MG,ZS EV,Excite,39.0,44.5,130,1590,0.33,2.42,0.0122,91,400,59.2,43.6,0,0,1,1,3,4.1,-2,Rural_Road,0.1258,310.0,19.0
MG,ZS EV,Excite,39.2,44.5,130,1590,0.33,2.42,0.013,91,400,50.0,37.8,0,0,0,2,3,4.0,-8,Rural_Road,0.1032,380.0,19.0
MG,ZS EV,Excite,39.8,44.5,130,1590,0.33,2.42,0.012,91,400,37.6,36.4,0,0,1,2,1,3.5,0,Rural_Road,0.1047,380.0,19.0
MG,ZS EV,Excite,39.3,44.5,130,1590,0.33,2.42,0.012,91,400,56.5,13.8,0,0,0,1,3,3.9,0,Rural_Road,0.1034,380.0,19.0
MG,ZS EV,Excite,42.5,44.5,130,1590,0.33,2.42,0.0126,91,400,39.6,23.7,0,0,0,1,2,1.5,-5,Rural_Road,0.1118,380.0,19.0
MG,ZS EV,Excite,40.1,44.5,130,1590,0.33,2.42,0.0126,91,400,38.2,26.0,0,0,0,1,1,3.3,-5,Rural_Road,0.1055,380.0,19.0
MG,ZS EV,Excite,40.9,44.5,130,1590,0.33,2.42,0.0122,91,400,55.3,29.7,0,0,0,1,5,2.7,-2,Rural_Road,0.1076,380.0,19.0
MG,ZS EV,Excite,38.5,44.5,130,1590,0.33,2.42,0.013,91,400,36.6,10.4,0,0,1,2,4,4.5,-8,Rural_Road,0.1172,328.4,19.0
MG,ZS EV,Excite,39.2,44.5,130,1590,0.33,2.42,0.0122,91,400,33.6,37.9,0,0,0,1,2,4.0,2,Rural_Road,0.1032,380.0,19.0
MG,ZS EV,Excite,38.4,44.5,130,1590,0.33,2.42,0.0126,91,400,33.9,17.0,0,2,1,0,1,4.6,-5,Ghat_Road,0.3902,98.4,19.0
MG,ZS EV,Excite,40.1,44.5,130,1590,0.33,2.42,0.012,91,400,23.8,10.7,0,2,0,2,2,3.3,0,Ghat_Road,0.3815,105.1,19.0
MG,ZS EV,Excite,40.8,44.5,130,1590,0.33,2.42,0.0126,91,400,26.8,21.8,0,2,1,0,3,2.8,-5,Ghat_Road,0.4493,90.8,19.0
MG,ZS EV,Excite,43.3,44.5,130,1590,0.33,2.42,0.0122,91,400,17.1,27.0,0,2,0,1,2,0.9,-2,Ghat_Road,0.32,135.3,19.0
MG,ZS EV,Excite,38.0,44.5,130,1590,0.33,2.42,0.0126,91,400,34.9,25.2,0,2,1,1,2,4.9,-5,Ghat_Road,0.4363,87.1,19.0
MG,ZS EV,Excite,40.8,44.5,130,1590,0.33,2.42,0.012,91,400,20.2,10.4,0,2,0,1,3,2.8,0,Ghat_Road,0.4008,101.8,19.0
MG,ZS EV,Excite,40.2,44.5,130,1590,0.33,2.42,0.012,91,400,19.8,18.9,1,2,2,0,2,3.2,0,Ghat_Road,0.6547,61.4,19.0
MG,ZS EV,Excite,44.1,44.5,130,1590,0.33,2.42,0.013,91,400,18.5,16.8,0,2,0,1,3,0.3,-8,Ghat_Road,0.3369,130.9,19.0
MG,ZS EV,Excite,41.2,44.5,130,1590,0.33,2.42,0.0122,91,400,25.2,17.3,0,2,1,1,2,2.5,2,Ghat_Road,0.4725,87.2,19.0
MG,ZS EV,Excite,43.2,44.5,130,1590,0.33,2.42,0.012,91,400,25.3,11.5,0,2,1,1,1,1.0,0,Ghat_Road,0.4538,95.2,19.0
MG,ZS EV,Excite,38.6,44.5,130,1590,0.33,2.42,0.012,91,400,28.7,22.9,0,2,2,0,3,4.4,0,Ghat_Road,0.6832,56.5,19.0
MG,Comet EV,Standard,16.4,17.3,30,840,0.32,1.8,0.012,89,230,20.7,45.9,1,0,2,1,2,1.8,0,Delhi,0.3534,46.4,7.0
MG,Comet EV,Standard,15.5,17.3,30,840,0.32,1.8,0.0126,89,230,32.1,24.2,0,0,1,1,2,3.5,-5,Delhi,0.0741,209.1,7.0
MG,Comet EV,Standard,15.0,17.3,30,840,0.32,1.8,0.012,89,230,34.9,27.5,0,0,2,2,3,4.5,0,Delhi,0.1408,106.5,7.0
MG,Comet EV,Standard,15.8,17.3,30,840,0.32,1.8,0.0122,89,230,28.5,15.2,0,0,1,1,2,2.9,-2,Delhi,0.0723,218.5,7.0
MG,Comet EV,Standard,17.1,17.3,30,840,0.32,1.8,0.012,89,230,26.0,19.2,0,0,1,2,1,0.4,0,Delhi,0.0783,218.5,7.0
MG,Comet EV,Standard,15.3,17.3,30,840,0.32,1.8,0.012,89,230,34.6,12.4,0,0,2,1,1,3.9,0,Delhi,0.1208,126.7,7.0
MG,Comet EV,Standard,15.8,17.3,30,840,0.32,1.8,0.0122,89,230,25.6,11.5,0,0,2,1,1,2.9,-2,Delhi,0.1053,150.1,7.0
MG,Comet EV,Standard,16.7,17.3,30,840,0.32,1.8,0.012,89,230,27.2,13.7,0,0,2,1,4,1.2,0,Delhi,0.1187,140.7,7.0
MG,Comet EV,Standard,15.6,17.3,30,840,0.32,1.8,0.0122,89,230,18.9,45.8,0,0,2,0,2,3.2,-2,Delhi,0.1034,150.9,7.0
MG,Comet EV,Standard,15.9,17.3,30,840,0.32,1.8,0.0122,89,230,33.9,42.7,1,0,2,0,1,2.7,-2,Delhi,0.2308,68.9,7.0
MG,Comet EV,Standard,16.1,17.3,30,840,0.32,1.8,0.012,89,230,26.0,18.5,0,0,2,1,4,2.3,0,Mumbai,0.1274,126.4,7.0
MG,Comet EV,Standard,16.8,17.3,30,840,0.32,1.8,0.012,89,230,24.1,25.1,0,0,2,1,3,1.0,0,Mumbai,0.1131,148.6,7.0
MG,Comet EV,Standard,15.2,17.3,30,840,0.32,1.8,0.012,89,230,27.2,26.3,0,0,1,1,1,4.0,0,Mumbai,0.0696,218.5,7.0
MG,Comet EV,Standard,17.1,17.3,30,840,0.32,1.8,0.012,89,230,23.1,35.2,0,0,2,0,2,0.3,0,Mumbai,0.0833,205.2,7.0
MG,Comet EV,Standard,16.9,17.3,30,840,0.32,1.8,0.0122,89,230,20.5,21.3,0,0,0,1,2,0.7,-2,Mumbai,0.0773,218.5,7.0
MG,Comet EV,Standard,16.7,17.3,30,840,0.32,1.8,0.0126,89,230,14.7,29.9,0,0,2,1,4,1.2,-5,Mumbai,0.1254,133.2,7.0
MG,Comet EV,Standard,16.1,17.3,30,840,0.32,1.8,0.012,89,230,13.9,30.7,1,0,1,2,1,2.3,0,Mumbai,0.1995,80.7,7.0
MG,Comet EV,Standard,15.8,17.3,30,840,0.32,1.8,0.0126,89,230,16.7,34.4,0,0,2,0,2,2.8,-5,Mumbai,0.0927,170.4,7.0
MG,Comet EV,Standard,15.8,17.3,30,840,0.32,1.8,0.012,89,230,26.5,21.7,0,0,1,0,2,2.8,0,Mumbai,0.0723,218.5,7.0
MG,Comet EV,Standard,15.2,17.3,30,840,0.32,1.8,0.012,89,230,13.9,24.5,0,0,1,1,2,4.1,0,Mumbai,0.0696,218.5,7.0
MG,Comet EV,Standard,17.2,17.3,30,840,0.32,1.8,0.012,89,230,23.4,34.9,1,0,2,1,2,0.1,0,Mumbai,0.2075,82.9,7.0
MG,Comet EV,Standard,16.1,17.3,30,840,0.32,1.8,0.012,89,230,27.7,22.8,0,0,1,1,1,2.4,0,Mumbai,0.0737,218.5,7.0
MG,Comet EV,Standard,17.0,17.3,30,840,0.32,1.8,0.0122,89,230,27.8,20.5,0,1,2,2,1,0.6,-2,Bangalore,0.2862,59.4,7.0
MG,Comet EV,Standard,15.3,17.3,30,840,0.32,1.8,0.012,89,230,19.7,36.3,0,1,2,1,4,3.9,0,Bangalore,0.3078,49.7,7.0
MG,Comet EV,Standard,16.7,17.3,30,840,0.32,1.8,0.012,89,230,28.4,22.0,0,1,1,1,1,1.1,0,Bangalore,0.142,117.6,7.0
MG,Comet EV,Standard,16.0,17.3,30,840,0.32,1.8,0.0126,89,230,21.0,35.7,1,1,0,1,1,2.5,-5,Bangalore,0.1829,87.5,7.0
MG,Comet EV,Standard,16.9,17.3,30,840,0.32,1.8,0.0126,89,230,32.5,30.3,0,1,0,1,4,0.7,-5,Bangalore,0.1437,117.6,7.0
MG,Comet EV,Standard,15.1,17.3,30,840,0.32,1.8,0.012,89,230,32.6,37.8,1,1,1,0,1,4.3,0,Bangalore,0.1928,78.3,7.0
MG,Comet EV,Standard,16.1,17.3,30,840,0.32,1.8,0.012,89,230,25.7,34.5,0,1,1,1,1,2.4,0,Bangalore,0.1507,106.8,7.0
MG,Comet EV,Standard,15.2,17.3,30,840,0.32,1.8,0.0122,89,230,26.8,22.4,0,1,2,0,1,4.1,-2,Bangalore,0.23,66.1,7.0
MG,Comet EV,Standard,16.6,17.3,30,840,0.32,1.8,0.012,89,230,16.7,20.2,0,1,2,1,4,1.4,0,Bangalore,0.2852,58.2,7.0
MG,Comet EV,Standard,16.3,17.3,30,840,0.32,1.8,0.0122,89,230,17.7,38.8,1,0,2,2,1,2.0,-2,Chennai,0.3679,44.3,7.0
MG,Comet EV,Standard,17.1,17.3,30,840,0.32,1.8,0.0126,89,230,28.4,38.4,1,0,1,0,2,0.4,-5,Chennai,0.1297,131.8,7.0
MG,Comet EV,Standard,15.6,17.3,30,840,0.32,1.8,0.012,89,230,25.1,34.4,0,0,2,1,4,3.3,0,Chennai,0.1148,135.9,7.0
MG,Comet EV,Standard,16.6,17.3,30,840,0.32,1.8,0.0126,89,230,25.5,40.8,1,0,2,1,1,1.3,-5,Chennai,0.3097,53.6,7.0
MG,Comet EV,Standard,14.7,17.3,30,840,0.32,1.8,0.0126,89,230,22.3,33.9,1,0,1,1,4,5.0,-5,Chennai,0.1447,101.6,7.0
MG,Comet EV,Standard,15.3,17.3,30,840,0.32,1.8,0.0122,89,230,17.9,26.5,0,0,1,0,3,3.9,-2,Chennai,0.07,218.5,7.0
MG,Comet EV,Standard,16.1,17.3,30,840,0.32,1.8,0.013,89,230,27.5,22.1,0,0,1,0,4,2.3,-8,Chennai,0.0737,218.5,7.0
MG,Comet EV,Standard,15.2,17.3,30,840,0.32,1.8,0.0122,89,230,18.7,39.9,1,0,0,0,2,4.0,2,Chennai,0.1225,124.1,7.0
MG,Comet EV,Standard,15.9,17.3,30,840,0.32,1.8,0.012,89,230,21.7,32.4,0,0,2,0,1,2.7,0,Chennai,0.0886,179.5,7.0
MG,Comet EV,Standard,15.0,17.3,30,840,0.32,1.8,0.0122,89,230,22.1,22.2,0,0,2,0,3,4.4,-2,Chennai,0.0923,162.5,7.0
MG,Comet EV,Standard,17.1,17.3,30,840,0.32,1.8,0.012,89,230,30.8,34.1,0,0,2,1,2,0.4,0,Chennai,0.1015,168.5,7.0
MG,Comet EV,Standard,16.7,17.3,30,840,0.32,1.8,0.012,89,230,34.1,35.4,1,1,1,1,4,1.1,0,Pune,0.2546,65.6,7.0
MG,Comet EV,Standard,15.6,17.3,30,840,0.32,1.8,0.0126,89,230,23.6,24.9,0,1,2,0,2,3.3,-5,Pune,0.2229,70.0,7.0
MG,Comet EV,Standard,15.6,17.3,30,840,0.32,1.8,0.0126,89,230,34.1,12.4,0,1,1,0,3,3.2,-5,Pune,0.154,101.3,7.0
MG,Comet EV,Standard,17.2,17.3,30,840,0.32,1.8,0.012,89,230,34.9,31.9,1,1,2,0,1,0.1,0,Pune,0.2867,60.0,7.0
MG,Comet EV,Standard,15.5,17.3,30,840,0.32,1.8,0.013,89,230,23.8,13.9,0,1,2,0,3,3.5,-8,Pune,0.3051,50.8,7.0
MG,Comet EV,Standard,15.0,17.3,30,840,0.32,1.8,0.013,89,230,37.8,35.5,1,1,1,1,2,4.5,-8,Pune,0.2239,67.0,7.0
MG,Comet EV,Standard,16.5,17.3,30,840,0.32,1.8,0.0126,89,230,25.0,28.8,0,1,0,0,1,1.6,-5,Pune,0.1027,160.7,7.0
MG,Comet EV,Standard,15.4,17.3,30,840,0.32,1.8,0.0126,89,230,21.9,25.5,0,1,1,1,4,3.6,-5,Pune,0.1734,88.8,7.0
MG,Comet EV,Standard,16.3,17.3,30,840,0.32,1.8,0.012,89,230,38.8,26.7,0,1,0,0,1,2.0,0,Pune,0.1022,159.5,7.0
MG,Comet EV,Standard,15.7,17.3,30,840,0.32,1.8,0.0126,89,230,23.3,28.0,1,0,2,0,1,3.1,-5,Hyderabad,0.1444,108.7,7.0
MG,Comet EV,Standard,16.3,17.3,30,840,0.32,1.8,0.012,89,230,29.8,16.9,0,0,1,1,1,2.0,0,Hyderabad,0.0746,218.5,7.0
MG,Comet EV,Standard,17.3,17.3,30,840,0.32,1.8,0.012,89,230,22.3,18.2,1,0,0,0,1,0.0,0,Hyderabad,0.0792,218.5,7.0
MG,Comet EV,Standard,16.5,17.3,30,840,0.32,1.8,0.0122,89,230,28.6,40.3,1,0,1,1,2,1.6,-2,Hyderabad,0.1784,92.5,7.0
MG,Comet EV,Standard,16.8,17.3,30,840,0.32,1.8,0.0122,89,230,34.9,37.3,1,0,0,2,1,0.9,-2,Hyderabad,0.108,155.6,7.0
MG,Comet EV,Standard,16.0,17.3,30,840,0.32,1.8,0.012,89,230,17.8,27.1,1,0,0,1,1,2.5,0,Hyderabad,0.0828,193.3,7.0
MG,Comet EV,Standard,15.0,17.3,30,840,0.32,1.8,0.012,89,230,33.9,26.8,0,0,0,0,2,4.4,0,Hyderabad,0.0686,218.5,7.0
MG,Comet EV,Standard,16.2,17.3,30,840,0.32,1.8,0.012,89,230,21.5,28.5,0,0,2,0,4,2.2,0,Hyderabad,0.0984,164.7,7.0
MG,Comet EV,Standard,16.7,17.3,30,840,0.32,1.8,0.012,89,230,24.2,42.4,1,0,0,1,1,1.2,0,Hyderabad,0.147,113.6,7.0
MG,Comet EV,Standard,16.8,17.3,30,840,0.32,1.8,0.0126,89,230,21.0,27.3,0,0,0,0,1,0.9,-5,Kolkata,0.0769,218.5,7.0
MG,Comet EV,Standard,16.1,17.3,30,840,0.32,1.8,0.013,89,230,15.9,22.0,0,0,2,1,1,2.3,-8,Kolkata,0.1039,154.9,7.0
MG,Comet EV,Standard,15.9,17.3,30,840,0.32,1.8,0.0126,89,230,24.6,30.0,1,0,1,0,3,2.7,-5,Kolkata,0.1243,127.9,7.0
MG,Comet EV,Standard,14.8,17.3,30,840,0.32,1.8,0.012,89,230,17.1,14.8,0,0,1,1,2,4.9,0,Kolkata,0.0725,204.0,7.0
MG,Comet EV,Standard,15.9,17.3,30,840,0.32,1.8,0.012,89,230,19.7,31.8,0,0,1,0,3,2.7,0,Kolkata,0.0728,218.5,7.0
MG,Comet EV,Standard,16.8,17.3,30,840,0.32,1.8,0.0126,89,230,18.6,20.8,0,0,2,1,1,1.0,-5,Kolkata,0.0917,183.3,7.0
MG,Comet EV,Standard,15.2,17.3,30,840,0.32,1.8,0.0126,89,230,20.9,37.7,0,0,1,0,1,4.1,-5,Kolkata,0.0696,218.5,7.0
MG,Comet EV,Standard,16.8,17.3,30,840,0.32,1.8,0.012,89,230,21.1,27.6,0,0,2,1,3,1.0,0,Kolkata,0.1067,157.5,7.0
MG,Comet EV,Standard,17.0,17.3,30,840,0.32,1.8,0.013,89,230,17.8,21.5,0,0,2,1,1,0.5,-8,Kolkata,0.1101,154.4,7.0
MG,Comet EV,Standard,15.4,17.3,30,840,0.32,1.8,0.012,89,230,21.8,12.4,1,0,0,2,1,3.6,0,Kolkata,0.0705,218.5,7.0
MG,Comet EV,Standard,14.9,17.3,30,840,0.32,1.8,0.013,89,230,87.5,17.4,1,0,1,2,2,4.6,-8,Highway_NH,0.1486,100.3,7.0
MG,Comet EV,Standard,15.9,17.3,30,840,0.32,1.8,0.0126,89,230,82.4,44.1,1,0,2,1,1,2.7,-5,Highway_NH,0.2709,58.7,7.0
MG,Comet EV,Standard,16.7,17.3,30,840,0.32,1.8,0.0126,89,230,85.3,20.0,0,0,0,2,2,1.2,-5,Highway_NH,0.1052,158.7,7.0
MG,Comet EV,Standard,16.4,17.3,30,840,0.32,1.8,0.0126,89,230,92.3,34.7,1,0,2,0,4,1.7,-5,Highway_NH,0.2307,71.1,7.0
MG,Comet EV,Standard,15.2,17.3,30,840,0.32,1.8,0.013,89,230,82.5,29.7,1,0,1,1,3,4.0,-8,Highway_NH,0.1411,107.7,7.0
MG,Comet EV,Standard,16.5,17.3,30,840,0.32,1.8,0.0122,89,230,89.7,36.1,0,0,1,2,2,1.6,-2,Highway_NH,0.1605,102.8,7.0
MG,Comet EV,Standard,15.1,17.3,30,840,0.32,1.8,0.013,89,230,89.5,24.8,0,0,0,2,5,4.2,-8,Highway_NH,0.1197,126.1,7.0
MG,Comet EV,Standard,16.7,17.3,30,840,0.32,1.8,0.012,89,230,77.9,33.9,1,0,0,1,2,1.1,0,Highway_NH,0.0932,179.1,7.0
MG,Comet EV,Standard,16.8,17.3,30,840,0.32,1.8,0.012,89,230,93.1,39.5,0,0,0,0,1,1.0,0,Highway_NH,0.0809,207.7,7.0
MG,Comet EV,Standard,16.5,17.3,30,840,0.32,1.8,0.013,89,230,96.1,16.7,0,0,0,1,4,1.6,-8,Highway_NH,0.11,150.0,7.0
MG,Comet EV,Standard,15.7,17.3,30,840,0.32,1.8,0.013,89,230,83.4,24.3,0,0,0,0,2,3.0,-8,Highway_NH,0.0797,196.9,7.0
MG,Comet EV,Standard,15.7,17.3,30,840,0.32,1.8,0.012,89,230,91.4,42.1,1,0,0,1,1,3.1,0,Highway_NH,0.1249,125.7,7.0
MG,Comet EV,Standard,15.9,17.3,30,840,0.32,1.8,0.0122,89,230,92.0,26.8,0,0,2,0,2,2.7,-2,Expressway,0.2227,71.4,7.0
MG,Comet EV,Standard,15.8,17.3,30,840,0.32,1.8,0.012,89,230,100.0,16.3,0,0,0,0,2,2.9,0,Expressway,0.0947,166.9,7.0
MG,Comet EV,Standard,15.9,17.3,30,840,0.32,1.8,0.0126,89,230,105.7,36.4,0,0,0,1,3,2.7,-5,Expressway,0.1351,117.7,7.0
MG,Comet EV,Standard,16.7,17.3,30,840,0.32,1.8,0.012,89,230,118.7,34.2,1,0,0,2,1,1.2,0,Expressway,0.1782,93.7,7.0
MG,Comet EV,Standard,16.3,17.3,30,840,0.32,1.8,0.0122,89,230,87.8,31.3,0,0,1,1,4,1.9,-2,Expressway,0.1304,125.0,7.0
MG,Comet EV,Standard,16.8,17.3,30,840,0.32,1.8,0.0126,89,230,113.9,44.5,1,0,0,1,1,1.0,-5,Expressway,0.162,103.7,7.0
MG,Comet EV,Standard,15.2,17.3,30,840,0.32,1.8,0.0126,89,230,91.9,23.2,0,0,0,1,2,4.0,-5,Expressway,0.111,136.9,7.0
MG,Comet EV,Standard,15.6,17.3,30,840,0.32,1.8,0.0126,89,230,103.3,27.3,0,0,0,1,2,3.3,-5,Expressway,0.1133,137.7,7.0
MG,Comet EV,Standard,15.3,17.3,30,840,0.32,1.8,0.0122,89,230,105.7,22.6,0,0,0,0,5,3.8,-2,Expressway,0.1119,136.7,7.0
MG,Comet EV,Standard,16.5,17.3,30,840,0.32,1.8,0.012,89,230,100.5,34.0,0,0,2,1,1,1.5,0,Expressway,0.2636,62.6,7.0
MG,Comet EV,Standard,16.5,17.3,30,840,0.32,1.8,0.012,89,230,83.8,33.0,1,0,0,1,2,1.5,0,Expressway,0.1024,161.1,7.0
MG,Comet EV,Standard,17.0,17.3,30,840,0.32,1.8,0.0122,89,230,28.6,20.6,1,2,2,1,3,0.6,-2,Hill_Station,0.6464,26.3,7.0
MG,Comet EV,Standard,16.2,17.3,30,840,0.32,1.8,0.013,89,230,24.6,13.1,0,2,0,0,4,2.2,-8,Hill_Station,0.2588,62.6,7.0
MG,Comet EV,Standard,16.1,17.3,30,840,0.32,1.8,0.0122,89,230,29.1,22.6,0,2,2,1,1,2.3,-2,Hill_Station,0.5367,30.0,7.0
MG,Comet EV,Standard,15.1,17.3,30,840,0.32,1.8,0.0126,89,230,36.7,5.5,0,2,0,2,2,4.3,-5,Hill_Station,0.3304,45.7,7.0
MG,Comet EV,Standard,16.8,17.3,30,840,0.32,1.8,0.0122,89,230,22.4,21.8,0,2,2,1,4,0.9,-2,Hill_Station,0.6176,27.2,7.0
MG,Comet EV,Standard,17.0,17.3,30,840,0.32,1.8,0.013,89,230,20.2,22.8,0,2,1,1,3,0.5,-8,Hill_Station,0.3421,49.7,7.0
MG,Comet EV,Standard,15.5,17.3,30,840,0.32,1.8,0.0122,89,230,20.3,17.9,0,2,0,1,3,3.5,2,Hill_Station,0.2529,61.3,7.0
MG,Comet EV,Standard,14.7,17.3,30,840,0.32,1.8,0.0122,89,230,29.5,15.7,0,2,0,0,5,5.0,-2,Hill_Station,0.2565,57.3,7.0
MG,Comet EV,Standard,16.4,17.3,30,840,0.32,1.8,0.0122,89,230,27.9,23.1,0,2,1,1,2,1.7,-2,Hill_Station,0.3172,51.7,7.0
MG,Comet EV,Standard,15.1,17.3,30,840,0.32,1.8,0.012,89,230,35.5,22.4,0,2,1,2,1,4.3,0,Hill_Station,0.3393,44.5,7.0
MG,Comet EV,Standard,15.7,17.3,30,840,0.32,1.8,0.0122,89,230,28.8,21.6,0,2,2,0,3,3.1,2,Hill_Station,0.5509,28.5,7.0
MG,Comet EV,Standard,17.0,17.3,30,840,0.32,1.8,0.0122,89,230,39.4,18.8,0,2,1,0,2,0.5,-2,Hill_Station,0.3214,52.9,7.0
MG,Comet EV,Standard,15.0,17.3,30,840,0.32,1.8,0.012,89,230,41.9,21.4,1,0,0,1,2,4.5,0,Rural_Road,0.0686,218.5,7.0
MG,Comet EV,Standard,15.2,17.3,30,840,0.32,1.8,0.0122,89,230,53.9,37.4,0,0,1,1,2,4.1,-2,Rural_Road,0.0726,209.3,7.0
MG,Comet EV,Standard,14.9,17.3,30,840,0.32,1.8,0.0126,89,230,57.5,38.8,1,0,0,1,5,4.7,-5,Rural_Road,0.1002,148.7,7.0
MG,Comet EV,Standard,16.1,17.3,30,840,0.32,1.8,0.0122,89,230,51.3,17.7,0,0,0,1,2,2.4,-2,Rural_Road,0.0737,218.5,7.0
MG,Comet EV,Standard,16.5,17.3,30,840,0.32,1.8,0.0122,89,230,41.6,34.0,0,0,1,1,1,1.6,-2,Rural_Road,0.0755,218.5,7.0
MG,Comet EV,Standard,15.8,17.3,30,840,0.32,1.8,0.0126,89,230,42.5,34.3,0,0,0,1,1,2.8,-5,Rural_Road,0.0723,218.5,7.0
MG,Comet EV,Standard,16.9,17.3,30,840,0.32,1.8,0.0122,89,230,49.9,18.2,0,0,2,0,2,0.8,-2,Rural_Road,0.108,156.5,7.0
MG,Comet EV,Standard,14.8,17.3,30,840,0.32,1.8,0.0122,89,230,44.7,17.3,0,0,0,2,3,4.9,2,Rural_Road,0.0703,210.6,7.0
MG,Comet EV,Standard,16.7,17.3,30,840,0.32,1.8,0.012,89,230,51.8,30.8,0,0,0,0,2,1.1,0,Rural_Road,0.0764,218.5,7.0
MG,Comet EV,Standard,15.5,17.3,30,840,0.32,1.8,0.0126,89,230,35.7,27.7,0,0,1,1,2,3.4,-5,Rural_Road,0.0709,218.5,7.0
MG,Comet EV,Standard,16.5,17.3,30,840,0.32,1.8,0.012,89,230,48.0,16.5,0,0,1,1,1,1.6,0,Rural_Road,0.0755,218.5,7.0
MG,Comet EV,Standard,15.5,17.3,30,840,0.32,1.8,0.0126,89,230,31.4,12.4,0,0,0,1,2,3.4,-5,Rural_Road,0.0709,218.5,7.0
MG,Comet EV,Standard,15.1,17.3,30,840,0.32,1.8,0.012,89,230,21.4,31.0,1,2,2,1,4,4.2,0,Ghat_Road,0.6565,23.0,7.0
MG,Comet EV,Standard,17.1,17.3,30,840,0.32,1.8,0.0122,89,230,18.7,11.7,0,2,1,1,3,0.4,-2,Ghat_Road,0.3709,46.1,7.0
MG,Comet EV,Standard,16.6,17.3,30,840,0.32,1.8,0.012,89,230,21.0,14.5,0,2,2,1,1,1.3,0,Ghat_Road,0.5123,32.4,7.0
MG,Comet EV,Standard,16.8,17.3,30,840,0.32,1.8,0.0122,89,230,20.9,11.7,1,2,1,0,2,1.0,-2,Ghat_Road,0.3158,53.2,7.0
MG,Comet EV,Standard,15.7,17.3,30,840,0.32,1.8,0.012,89,230,18.2,19.6,0,2,2,1,1,3.0,0,Ghat_Road,0.4687,33.5,7.0
MG,Comet EV,Standard,15.0,17.3,30,840,0.32,1.8,0.0126,89,230,19.1,23.9,0,2,2,2,1,4.5,-5,Ghat_Road,0.5837,25.7,7.0
MG,Comet EV,Standard,15.0,17.3,30,840,0.32,1.8,0.012,89,230,25.4,13.4,0,2,1,1,5,4.4,0,Ghat_Road,0.4386,34.2,7.0
MG,Comet EV,Standard,16.0,17.3,30,840,0.32,1.8,0.012,89,230,15.6,15.1,0,2,0,0,2,2.5,0,Ghat_Road,0.2122,75.4,7.0
MG,Comet EV,Standard,17.1,17.3,30,840,0.32,1.8,0.012,89,230,20.1,23.0,0,2,1,0,4,0.4,0,Ghat_Road,0.3462,49.4,7.0
MG,Comet EV,Standard,16.5,17.3,30,840,0.32,1.8,0.012,89,230,26.5,31.4,0,2,0,1,1,1.6,0,Ghat_Road,0.2224,74.2,7.0
MG,Comet EV,Standard,15.0,17.3,30,840,0.32,1.8,0.013,89,230,30.2,11.0,0,2,0,1,3,4.5,-8,Ghat_Road,0.2868,52.3,7.0
MG,Windsor EV,Long Range,33.6,38.0,100,1490,0.32,2.35,0.0122,91,331,23.9,26.0,0,0,1,1,3,3.9,-2,Delhi,0.1069,314.45,14.0
MG,Windsor EV,Long Range,36.7,38.0,100,1490,0.32,2.35,0.0122,91,331,24.8,17.8,0,0,2,0,3,1.1,2,Delhi,0.1658,221.4,14.0
MG,Windsor EV,Long Range,36.1,38.0,100,1490,0.32,2.35,0.012,91,331,33.4,30.4,0,0,2,0,2,1.7,0,Delhi,0.1523,237.0,14.0
MG,Windsor EV,Long Range,36.1,38.0,100,1490,0.32,2.35,0.012,91,331,18.9,37.3,1,0,2,1,3,1.7,0,Delhi,0.3845,93.9,14.0
MG,Windsor EV,Long Range,35.8,38.0,100,1490,0.32,2.35,0.012,91,331,34.3,25.1,1,0,1,2,2,1.9,0,Delhi,0.1471,243.4,14.0
MG,Windsor EV,Long Range,34.9,38.0,100,1490,0.32,2.35,0.0122,91,331,26.4,18.6,0,0,2,2,2,2.7,-2,Delhi,0.1766,197.6,14.0
MG,Windsor EV,Long Range,37.0,38.0,100,1490,0.32,2.35,0.0126,91,331,15.3,26.9,0,0,2,2,1,0.9,-5,Delhi,0.195,189.7,14.0
MG,Windsor EV,Long Range,36.9,38.0,100,1490,0.32,2.35,0.0126,91,331,29.4,25.5,0,0,1,1,2,1.0,-5,Delhi,0.1173,314.45,14.0
MG,Windsor EV,Long Range,37.1,38.0,100,1490,0.32,2.35,0.0122,91,331,21.4,14.9,0,0,1,0,1,0.8,2,Delhi,0.118,314.45,14.0
MG,Windsor EV,Long Range,36.9,38.0,100,1490,0.32,2.35,0.0122,91,331,35.0,25.8,0,0,1,1,2,1.0,-2,Delhi,0.1173,314.45,14.0
MG,Windsor EV,Long Range,32.6,38.0,100,1490,0.32,2.35,0.0122,91,331,17.6,23.4,0,0,1,0,1,4.7,-2,Mumbai,0.1037,314.45,14.0
MG,Windsor EV,Long Range,35.1,38.0,100,1490,0.32,2.35,0.0126,91,331,22.7,34.1,0,0,0,1,1,2.5,-5,Mumbai,0.1116,314.45,14.0
MG,Windsor EV,Long Range,34.4,38.0,100,1490,0.32,2.35,0.012,91,331,29.4,36.9,1,0,2,1,1,3.2,0,Mumbai,0.2981,115.4,14.0
MG,Windsor EV,Long Range,35.4,38.0,100,1490,0.32,2.35,0.0122,91,331,27.8,30.9,0,0,2,2,1,2.3,-2,Mumbai,0.1798,196.9,14.0
MG,Windsor EV,Long Range,33.7,38.0,100,1490,0.32,2.35,0.0122,91,331,20.3,32.3,1,0,1,1,3,3.8,-2,Mumbai,0.1804,186.8,14.0
MG,Windsor EV,Long Range,34.8,38.0,100,1490,0.32,2.35,0.012,91,331,18.2,29.2,0,0,2,1,2,2.8,0,Mumbai,0.1578,220.5,14.0
MG,Windsor EV,Long Range,36.3,38.0,100,1490,0.32,2.35,0.012,91,331,25.5,18.0,0,0,2,1,5,1.5,0,Mumbai,0.1789,202.9,14.0
MG,Windsor EV,Long Range,36.4,38.0,100,1490,0.32,2.35,0.012,91,331,12.9,34.4,0,0,1,1,2,1.4,0,Mumbai,0.1158,314.45,14.0
MG,Windsor EV,Long Range,35.6,38.0,100,1490,0.32,2.35,0.012,91,331,28.7,35.3,1,0,1,1,1,2.1,0,Mumbai,0.1615,220.5,14.0
MG,Windsor EV,Long Range,36.3,38.0,100,1490,0.32,2.35,0.0122,91,331,33.6,31.5,0,1,0,2,1,1.5,2,Bangalore,0.2077,174.8,14.0
MG,Windsor EV,Long Range,34.6,38.0,100,1490,0.32,2.35,0.0126,91,331,17.1,16.0,0,1,0,0,1,3.0,-5,Bangalore,0.1727,200.3,14.0
MG,Windsor EV,Long Range,32.5,38.0,100,1490,0.32,2.35,0.012,91,331,26.3,33.4,0,1,1,0,4,4.8,0,Bangalore,0.2843,114.3,14.0
MG,Windsor EV,Long Range,35.8,38.0,100,1490,0.32,2.35,0.0122,91,331,34.4,35.6,0,1,2,1,2,1.9,-2,Bangalore,0.4537,78.9,14.0
MG,Windsor EV,Long Range,37.5,38.0,100,1490,0.32,2.35,0.012,91,331,25.4,34.7,1,1,2,1,2,0.4,0,Bangalore,0.5319,70.5,14.0
MG,Windsor EV,Long Range,33.8,38.0,100,1490,0.32,2.35,0.0126,91,331,31.3,37.4,0,1,0,0,1,3.7,-5,Bangalore,0.1581,213.8,14.0
MG,Windsor EV,Long Range,33.8,38.0,100,1490,0.32,2.35,0.0122,91,331,34.1,27.2,0,1,0,0,5,3.7,-2,Bangalore,0.2146,157.5,14.0
MG,Windsor EV,Long Range,37.9,38.0,100,1490,0.32,2.35,0.012,91,331,27.4,37.0,0,1,2,1,3,0.1,0,Bangalore,0.472,80.3,14.0
MG,Windsor EV,Long Range,33.1,38.0,100,1490,0.32,2.35,0.0122,91,331,33.6,25.4,0,0,2,2,2,4.3,-2,Chennai,0.198,167.2,14.0
MG,Windsor EV,Long Range,37.1,38.0,100,1490,0.32,2.35,0.012,91,331,23.3,33.2,1,0,2,1,1,0.8,0,Chennai,0.2704,137.2,14.0
MG,Windsor EV,Long Range,35.6,38.0,100,1490,0.32,2.35,0.012,91,331,34.0,37.3,0,0,1,1,2,2.1,0,Chennai,0.1132,314.45,14.0
MG,Windsor EV,Long Range,37.0,38.0,100,1490,0.32,2.35,0.013,91,331,21.7,30.2,0,0,1,0,4,0.9,-8,Chennai,0.1177,314.45,14.0
MG,Windsor EV,Long Range,34.5,38.0,100,1490,0.32,2.35,0.013,91,331,17.1,23.7,0,0,2,1,2,3.1,-8,Chennai,0.163,211.6,14.0
MG,Windsor EV,Long Range,35.5,38.0,100,1490,0.32,2.35,0.012,91,331,25.8,36.7,1,0,2,2,1,2.2,0,Chennai,0.3245,109.4,14.0
MG,Windsor EV,Long Range,34.6,38.0,100,1490,0.32,2.35,0.012,91,331,20.0,31.2,1,0,1,0,2,3.0,0,Chennai,0.1683,205.6,14.0
MG,Windsor EV,Long Range,37.1,38.0,100,1490,0.32,2.35,0.0122,91,331,26.2,30.3,0,0,1,1,3,0.8,-2,Chennai,0.118,314.45,14.0
MG,Windsor EV,Long Range,37.1,38.0,100,1490,0.32,2.35,0.0122,91,331,21.7,33.7,1,0,2,1,1,0.8,2,Chennai,0.272,136.4,14.0
MG,Windsor EV,Long Range,33.1,38.0,100,1490,0.32,2.35,0.0126,91,331,37.0,28.4,0,1,1,1,3,4.3,-5,Pune,0.2711,122.1,14.0
MG,Windsor EV,Long Range,35.6,38.0,100,1490,0.32,2.35,0.0126,91,331,32.5,15.2,0,1,0,1,1,2.1,-5,Pune,0.2089,170.4,14.0
MG,Windsor EV,Long Range,34.0,38.0,100,1490,0.32,2.35,0.012,91,331,19.0,39.1,1,1,0,1,4,3.5,0,Pune,0.3266,104.1,14.0
MG,Windsor EV,Long Range,35.5,38.0,100,1490,0.32,2.35,0.0126,91,331,32.0,24.5,0,1,2,1,3,2.2,-5,Pune,0.454,78.2,14.0
MG,Windsor EV,Long Range,33.4,38.0,100,1490,0.32,2.35,0.012,91,331,32.9,38.6,1,1,0,0,1,4.0,0,Pune,0.2193,152.3,14.0
MG,Windsor EV,Long Range,33.4,38.0,100,1490,0.32,2.35,0.0126,91,331,35.5,36.3,1,1,2,1,3,4.0,-5,Pune,0.6278,53.2,14.0
MG,Windsor EV,Long Range,36.3,38.0,100,1490,0.32,2.35,0.0122,91,331,22.3,28.5,0,1,1,1,4,1.5,-2,Pune,0.2874,126.3,14.0
MG,Windsor EV,Long Range,35.4,38.0,100,1490,0.32,2.35,0.0122,91,331,18.3,28.2,0,1,1,0,4,2.3,-2,Pune,0.2567,137.9,14.0
MG,Windsor EV,Long Range,33.9,38.0,100,1490,0.32,2.35,0.013,91,331,33.7,12.8,0,1,1,1,1,3.6,-8,Pune,0.2974,114.0,14.0
MG,Windsor EV,Long Range,37.5,38.0,100,1490,0.32,2.35,0.012,91,331,27.7,12.2,0,1,0,2,4,0.4,0,Pune,0.2774,135.2,14.0
MG,Windsor EV,Long Range,32.4,38.0,100,1490,0.32,2.35,0.0126,91,331,35.0,23.8,0,1,2,2,3,4.9,-5,Pune,0.54,60.0,14.0
MG,Windsor EV,Long Range,32.6,38.0,100,1490,0.32,2.35,0.0126,91,331,29.2,34.2,0,1,1,2,1,4.7,-5,Pune,0.2837,114.9,14.0
MG,Windsor EV,Long Range,35.5,38.0,100,1490,0.32,2.35,0.012,91,331,24.1,36.3,1,0,0,0,1,2.2,0,Hyderabad,0.1271,279.3,14.0
MG,Windsor EV,Long Range,36.5,38.0,100,1490,0.32,2.35,0.012,91,331,24.3,22.9,0,0,0,0,2,1.3,0,Hyderabad,0.1161,314.45,14.0
MG,Windsor EV,Long Range,36.3,38.0,100,1490,0.32,2.35,0.0126,91,331,31.1,18.9,0,0,1,0,1,1.5,-5,Hyderabad,0.1154,314.45,14.0
MG,Windsor EV,Long Range,37.8,38.0,100,1490,0.32,2.35,0.013,91,331,33.3,35.6,0,0,2,1,4,0.2,-8,Hyderabad,0.178,212.4,14.0
MG,Windsor EV,Long Range,34.4,38.0,100,1490,0.32,2.35,0.0126,91,331,22.7,24.6,0,0,2,1,1,3.2,-5,Hyderabad,0.1466,234.7,14.0
MG,Windsor EV,Long Range,34.9,38.0,100,1490,0.32,2.35,0.0122,91,331,23.6,25.6,1,0,2,0,3,2.7,-2,Hyderabad,0.221,157.9,14.0
MG,Windsor EV,Long Range,36.5,38.0,100,1490,0.32,2.35,0.0122,91,331,32.2,22.2,0,0,1,0,4,1.3,2,Hyderabad,0.1161,314.45,14.0
MG,Windsor EV,Long Range,32.9,38.0,100,1490,0.32,2.35,0.0126,91,331,34.4,36.5,0,0,1,1,1,4.5,-5,Hyderabad,0.1046,314.45,14.0
MG,Windsor EV,Long Range,34.6,38.0,100,1490,0.32,2.35,0.0122,91,331,24.8,42.1,1,0,2,0,4,3.0,2,Hyderabad,0.3875,89.3,14.0
MG,Windsor EV,Long Range,37.9,38.0,100,1490,0.32,2.35,0.0122,91,331,17.3,40.7,0,0,2,1,3,0.1,-2,Kolkata,0.1922,197.2,14.0
MG,Windsor EV,Long Range,34.6,38.0,100,1490,0.32,2.35,0.013,91,331,16.7,19.1,0,0,2,1,1,3.0,-8,Kolkata,0.1593,217.2,14.0
MG,Windsor EV,Long Range,33.8,38.0,100,1490,0.32,2.35,0.0122,91,331,21.0,19.7,0,0,2,0,2,3.7,-2,Kolkata,0.1382,244.6,14.0
MG,Windsor EV,Long Range,37.9,38.0,100,1490,0.32,2.35,0.012,91,331,24.7,32.4,1,0,1,1,4,0.1,0,Kolkata,0.1707,222.0,14.0
MG,Windsor EV,Long Range,35.3,38.0,100,1490,0.32,2.35,0.012,91,331,24.1,25.1,0,0,1,2,2,2.4,0,Kolkata,0.1148,307.6,14.0
MG,Windsor EV,Long Range,32.4,38.0,100,1490,0.32,2.35,0.012,91,331,25.8,21.3,0,0,2,1,5,4.9,0,Kolkata,0.19,170.5,14.0
MG,Windsor EV,Long Range,35.8,38.0,100,1490,0.32,2.35,0.0122,91,331,22.3,31.9,0,0,2,1,1,1.9,2,Kolkata,0.1558,229.8,14.0
MG,Windsor EV,Long Range,37.8,38.0,100,1490,0.32,2.35,0.0122,91,331,26.3,13.8,0,0,1,1,2,0.2,-2,Kolkata,0.1202,314.45,14.0
MG,Windsor EV,Long Range,37.3,38.0,100,1490,0.32,2.35,0.0126,91,331,17.0,38.9,0,0,2,1,2,0.6,-5,Kolkata,0.1637,227.8,14.0
MG,Windsor EV,Long Range,35.4,38.0,100,1490,0.32,2.35,0.0122,91,331,20.3,29.1,0,0,2,2,2,2.3,-2,Kolkata,0.2016,175.6,14.0
MG,Windsor EV,Long Range,33.1,38.0,100,1490,0.32,2.35,0.0122,91,331,15.8,20.8,0,0,2,2,2,4.3,-2,Kolkata,0.1942,170.4,14.0
MG,Windsor EV,Long Range,34.8,38.0,100,1490,0.32,2.35,0.0126,91,331,85.1,22.6,0,0,1,1,4,2.8,-5,Highway_NH,0.1879,185.2,14.0
MG,Windsor EV,Long Range,33.2,38.0,100,1490,0.32,2.35,0.013,91,331,79.1,26.5,0,0,0,0,2,4.2,-8,Highway_NH,0.1175,282.5,14.0
MG,Windsor EV,Long Range,33.0,38.0,100,1490,0.32,2.35,0.012,91,331,86.9,41.8,0,0,0,1,3,4.4,0,Highway_NH,0.1558,211.8,14.0
MG,Windsor EV,Long Range,33.4,38.0,100,1490,0.32,2.35,0.0126,91,331,96.5,24.3,0,0,1,1,1,4.0,-5,Highway_NH,0.2067,161.6,14.0
MG,Windsor EV,Long Range,35.1,38.0,100,1490,0.32,2.35,0.0126,91,331,87.2,32.5,0,0,2,1,2,2.5,-5,Highway_NH,0.3026,116.0,14.0
MG,Windsor EV,Long Range,34.1,38.0,100,1490,0.32,2.35,0.0122,91,331,95.3,18.4,0,0,0,1,5,3.4,2,Highway_NH,0.1614,211.3,14.0
MG,Windsor EV,Long Range,35.4,38.0,100,1490,0.32,2.35,0.013,91,331,95.5,25.2,0,0,2,0,2,2.3,-8,Highway_NH,0.2935,120.6,14.0
MG,Windsor EV,Long Range,34.8,38.0,100,1490,0.32,2.35,0.0126,91,331,87.9,17.3,0,0,2,1,2,2.8,-5,Highway_NH,0.3,116.0,14.0
MG,Windsor EV,Long Range,35.6,38.0,100,1490,0.32,2.35,0.0126,91,331,100.0,19.2,0,0,1,1,3,2.1,-5,Highway_NH,0.21,169.5,14.0
MG,Windsor EV,Long Range,33.2,38.0,100,1490,0.32,2.35,0.012,91,331,86.1,38.7,1,0,1,0,4,4.2,0,Highway_NH,0.1932,171.8,14.0
MG,Windsor EV,Long Range,37.8,38.0,100,1490,0.32,2.35,0.0126,91,331,91.7,15.3,0,0,0,1,4,0.2,-5,Expressway,0.1562,242.0,14.0
MG,Windsor EV,Long Range,37.8,38.0,100,1490,0.32,2.35,0.0122,91,331,81.3,37.1,1,0,0,1,5,0.2,-2,Expressway,0.1709,221.2,14.0
MG,Windsor EV,Long Range,34.0,38.0,100,1490,0.32,2.35,0.0122,91,331,91.5,44.1,1,0,0,0,3,3.5,-2,Expressway,0.1884,180.5,14.0
MG,Windsor EV,Long Range,37.5,38.0,100,1490,0.32,2.35,0.012,91,331,110.0,22.1,0,0,1,1,5,0.4,0,Expressway,0.265,141.5,14.0
MG,Windsor EV,Long Range,35.6,38.0,100,1490,0.32,2.35,0.0126,91,331,116.5,19.8,0,0,0,1,1,2.1,-5,Expressway,0.1916,185.8,14.0
MG,Windsor EV,Long Range,33.2,38.0,100,1490,0.32,2.35,0.012,91,331,88.5,38.1,0,0,0,1,4,4.2,0,Expressway,0.1528,217.3,14.0
MG,Windsor EV,Long Range,37.8,38.0,100,1490,0.32,2.35,0.012,91,331,110.8,20.3,0,0,1,1,1,0.2,0,Expressway,0.2673,141.4,14.0
MG,Windsor EV,Long Range,32.9,38.0,100,1490,0.32,2.35,0.012,91,331,112.6,40.0,1,0,0,1,1,4.5,0,Expressway,0.2096,157.0,14.0
MG,Windsor EV,Long Range,34.5,38.0,100,1490,0.32,2.35,0.0126,91,331,100.3,35.1,0,0,1,2,5,3.1,-5,Expressway,0.2539,135.9,14.0
MG,Windsor EV,Long Range,34.7,38.0,100,1490,0.32,2.35,0.012,91,331,91.1,17.0,0,0,0,1,4,2.9,0,Expressway,0.1601,216.8,14.0
MG,Windsor EV,Long Range,37.8,38.0,100,1490,0.32,2.35,0.0126,91,331,106.9,33.8,1,0,0,2,4,0.2,-5,Expressway,0.2329,162.3,14.0
MG,Windsor EV,Long Range,34.0,38.0,100,1490,0.32,2.35,0.012,91,331,81.0,44.8,1,0,0,2,3,3.5,0,Expressway,0.1969,172.7,14.0
MG,Windsor EV,Long Range,36.5,38.0,100,1490,0.32,2.35,0.0126,91,331,21.2,11.7,0,2,0,1,2,1.3,-5,Hill_Station,0.3921,93.1,14.0
MG,Windsor EV,Long Range,37.4,38.0,100,1490,0.32,2.35,0.0122,91,331,36.3,13.3,0,2,0,1,3,0.5,-2,Hill_Station,0.449,83.3,14.0
MG,Windsor EV,Long Range,32.4,38.0,100,1490,0.32,2.35,0.0126,91,331,25.9,23.6,0,2,0,2,1,4.9,-5,Hill_Station,0.5055,64.1,14.0
MG,Windsor EV,Long Range,36.9,38.0,100,1490,0.32,2.35,0.012,91,331,30.3,5.1,0,2,0,0,1,1.0,0,Hill_Station,0.4082,90.4,14.0
MG,Windsor EV,Long Range,32.5,38.0,100,1490,0.32,2.35,0.0122,91,331,35.4,8.2,0,2,1,0,1,4.8,-2,Hill_Station,0.5866,55.4,14.0
MG,Windsor EV,Long Range,37.8,38.0,100,1490,0.32,2.35,0.0126,91,331,28.0,19.9,0,2,0,1,1,0.2,-5,Hill_Station,0.3834,98.6,14.0
MG,Windsor EV,Long Range,35.8,38.0,100,1490,0.32,2.35,0.013,91,331,28.9,9.9,0,2,1,1,3,1.9,-8,Hill_Station,0.7131,50.2,14.0
MG,Windsor EV,Long Range,33.8,38.0,100,1490,0.32,2.35,0.0122,91,331,33.9,8.2,0,2,0,1,4,3.7,-2,Hill_Station,0.5137,65.8,14.0
MG,Windsor EV,Long Range,34.4,38.0,100,1490,0.32,2.35,0.012,91,331,55.9,19.8,0,0,1,0,1,3.2,0,Rural_Road,0.1094,314.45,14.0
MG,Windsor EV,Long Range,37.0,38.0,100,1490,0.32,2.35,0.012,91,331,38.0,19.3,0,0,0,1,4,0.9,0,Rural_Road,0.1177,314.45,14.0
MG,Windsor EV,Long Range,32.8,38.0,100,1490,0.32,2.35,0.012,91,331,46.6,32.7,1,0,1,2,1,4.6,0,Rural_Road,0.1707,192.2,14.0
MG,Windsor EV,Long Range,34.5,38.0,100,1490,0.32,2.35,0.0122,91,331,59.2,23.3,0,0,1,1,1,3.1,-2,Rural_Road,0.1445,238.8,14.0
MG,Windsor EV,Long Range,37.0,38.0,100,1490,0.32,2.35,0.012,91,331,44.8,30.4,1,0,1,0,1,0.9,0,Rural_Road,0.1308,282.8,14.0
MG,Windsor EV,Long Range,36.1,38.0,100,1490,0.32,2.35,0.0126,91,331,47.2,27.6,0,0,0,1,2,1.7,-5,Rural_Road,0.1148,314.45,14.0
MG,Windsor EV,Long Range,34.7,38.0,100,1490,0.32,2.35,0.012,91,331,40.4,15.8,0,0,1,1,2,2.9,0,Rural_Road,0.1104,314.45,14.0
MG,Windsor EV,Long Range,33.6,38.0,100,1490,0.32,2.35,0.013,91,331,35.9,16.7,0,0,1,1,4,3.9,-8,Rural_Road,0.1192,281.8,14.0
MG,Windsor EV,Long Range,34.1,38.0,100,1490,0.32,2.35,0.012,91,331,40.1,17.7,1,0,0,2,2,3.4,0,Rural_Road,0.1084,314.45,14.0
MG,Windsor EV,Long Range,35.6,38.0,100,1490,0.32,2.35,0.0122,91,331,19.0,30.3,0,2,0,1,1,2.1,-2,Ghat_Road,0.3473,102.5,14.0
MG,Windsor EV,Long Range,33.2,38.0,100,1490,0.32,2.35,0.012,91,331,20.8,18.3,0,2,2,1,1,4.2,0,Ghat_Road,0.8714,38.1,14.0
MG,Windsor EV,Long Range,37.5,38.0,100,1490,0.32,2.35,0.012,91,331,34.2,27.3,0,2,2,1,1,0.4,0,Ghat_Road,0.9591,39.1,14.0
MG,Windsor EV,Long Range,33.2,38.0,100,1490,0.32,2.35,0.012,91,331,33.8,23.7,1,2,0,1,1,4.2,0,Ghat_Road,0.4034,82.3,14.0
MG,Windsor EV,Long Range,35.5,38.0,100,1490,0.32,2.35,0.0122,91,331,20.6,22.9,0,2,1,0,3,2.2,2,Ghat_Road,0.5306,66.9,14.0
MG,Windsor EV,Long Range,32.5,38.0,100,1490,0.32,2.35,0.012,91,331,32.1,19.7,0,2,2,0,1,4.8,0,Ghat_Road,0.8575,37.9,14.0
MG,Windsor EV,Long Range,36.9,38.0,100,1490,0.32,2.35,0.013,91,331,30.0,18.0,0,2,0,0,2,1.0,-8,Ghat_Road,0.369,100.0,14.0
MG,Windsor EV,Long Range,32.9,38.0,100,1490,0.32,2.35,0.012,91,331,24.7,28.9,0,2,2,1,2,4.5,0,Ghat_Road,0.8916,36.9,14.0
MG,Windsor EV,Long Range,33.4,38.0,100,1490,0.32,2.35,0.013,91,331,17.6,22.4,0,2,2,0,3,4.0,-8,Ghat_Road,0.8434,39.6,14.0
MG,Cloud EV,Long Range,46.3,50.6,135,1700,0.31,2.45,0.0122,91,460,33.7,37.1,1,0,2,0,2,2.8,-2,Delhi,0.2662,173.9,20.0
MG,Cloud EV,Long Range,44.2,50.6,135,1700,0.31,2.45,0.013,91,460,21.1,37.9,1,0,0,1,2,4.2,-8,Delhi,0.1566,282.3,20.0
MG,Cloud EV,Long Range,47.0,50.6,135,1700,0.31,2.45,0.013,91,460,33.4,29.3,0,0,2,1,1,2.4,-8,Delhi,0.1791,262.4,20.0
MG,Cloud EV,Long Range,45.1,50.6,135,1700,0.31,2.45,0.0126,91,460,33.7,33.9,1,0,1,2,2,3.6,-5,Delhi,0.1862,242.2,20.0
MG,Cloud EV,Long Range,50.3,50.6,135,1700,0.31,2.45,0.0122,91,460,18.8,41.8,1,0,0,2,1,0.2,-2,Delhi,0.2324,216.4,20.0
MG,Cloud EV,Long Range,48.6,50.6,135,1700,0.31,2.45,0.012,91,460,29.5,34.7,1,0,1,1,3,1.3,0,Delhi,0.1639,296.6,20.0
MG,Cloud EV,Long Range,50.4,50.6,135,1700,0.31,2.45,0.012,91,460,31.5,14.2,0,0,2,0,5,0.1,0,Delhi,0.1854,271.9,20.0
MG,Cloud EV,Long Range,44.2,50.6,135,1700,0.31,2.45,0.0122,91,460,34.8,33.1,0,0,2,1,3,4.2,-2,Delhi,0.1886,234.3,20.0
MG,Cloud EV,Long Range,46.8,50.6,135,1700,0.31,2.45,0.012,91,460,30.5,28.2,0,0,2,1,1,2.5,0,Delhi,0.1618,289.2,20.0
MG,Cloud EV,Long Range,47.0,50.6,135,1700,0.31,2.45,0.0122,91,460,21.9,25.3,0,0,0,1,2,2.4,-2,Delhi,0.1076,437.0,20.0
MG,Cloud EV,Long Range,47.7,50.6,135,1700,0.31,2.45,0.012,91,460,20.6,28.5,0,0,0,1,3,1.9,0,Mumbai,0.1092,437.0,20.0
MG,Cloud EV,Long Range,44.8,50.6,135,1700,0.31,2.45,0.0122,91,460,28.8,31.4,0,0,1,0,2,3.8,-2,Mumbai,0.1065,420.6,20.0
MG,Cloud EV,Long Range,48.2,50.6,135,1700,0.31,2.45,0.012,91,460,19.1,23.8,0,0,1,1,2,1.6,0,Mumbai,0.1103,437.0,20.0
MG,Cloud EV,Long Range,44.7,50.6,135,1700,0.31,2.45,0.0126,91,460,17.0,34.1,0,0,2,0,3,3.9,-5,Mumbai,0.1598,279.7,20.0
MG,Cloud EV,Long Range,47.9,50.6,135,1700,0.31,2.45,0.0122,91,460,25.2,37.9,1,0,2,1,1,1.8,-2,Mumbai,0.2933,163.3,20.0
MG,Cloud EV,Long Range,46.7,50.6,135,1700,0.31,2.45,0.012,91,460,24.1,23.2,0,0,2,0,2,2.6,0,Mumbai,0.1586,294.4,20.0
MG,Cloud EV,Long Range,43.8,50.6,135,1700,0.31,2.45,0.0122,91,460,26.3,25.1,1,0,1,0,3,4.5,2,Mumbai,0.1454,301.2,20.0
MG,Cloud EV,Long Range,46.8,50.6,135,1700,0.31,2.45,0.0122,91,460,29.3,31.0,1,0,2,1,1,2.5,-2,Mumbai,0.2704,173.1,20.0
MG,Cloud EV,Long Range,48.5,50.6,135,1700,0.31,2.45,0.0122,91,460,12.1,27.4,1,0,1,1,3,1.4,-2,Mumbai,0.1967,246.6,20.0
MG,Cloud EV,Long Range,46.3,50.6,135,1700,0.31,2.45,0.0126,91,460,25.5,36.9,0,0,2,1,1,2.8,-5,Mumbai,0.1614,286.8,20.0
MG,Cloud EV,Long Range,49.4,50.6,135,1700,0.31,2.45,0.013,91,460,17.3,20.5,0,0,1,1,1,0.8,-8,Mumbai,0.113,437.0,20.0
MG,Cloud EV,Long Range,50.1,50.6,135,1700,0.31,2.45,0.012,91,460,14.3,29.5,1,0,1,0,2,0.3,0,Mumbai,0.1534,326.7,20.0
MG,Cloud EV,Long Range,47.4,50.6,135,1700,0.31,2.45,0.012,91,460,29.1,25.9,1,1,2,0,1,2.1,0,Bangalore,0.4129,114.8,20.0
MG,Cloud EV,Long Range,48.6,50.6,135,1700,0.31,2.45,0.0122,91,460,23.8,37.0,0,1,2,1,3,1.3,-2,Bangalore,0.4798,101.3,20.0
MG,Cloud EV,Long Range,48.9,50.6,135,1700,0.31,2.45,0.012,91,460,20.2,23.7,0,1,2,1,1,1.1,0,Bangalore,0.4688,104.3,20.0
MG,Cloud EV,Long Range,47.3,50.6,135,1700,0.31,2.45,0.012,91,460,28.0,23.7,0,1,1,0,3,2.2,0,Bangalore,0.2638,179.3,20.0
MG,Cloud EV,Long Range,44.1,50.6,135,1700,0.31,2.45,0.0122,91,460,29.7,33.5,0,1,2,1,3,4.3,-2,Bangalore,0.4662,94.6,20.0
MG,Cloud EV,Long Range,45.3,50.6,135,1700,0.31,2.45,0.012,91,460,22.8,33.8,0,1,2,1,2,3.5,0,Bangalore,0.4824,93.9,20.0
MG,Cloud EV,Long Range,45.3,50.6,135,1700,0.31,2.45,0.013,91,460,26.2,24.1,0,1,1,1,2,3.5,-8,Bangalore,0.2835,159.8,20.0
MG,Cloud EV,Long Range,44.5,50.6,135,1700,0.31,2.45,0.0126,91,460,34.1,17.2,0,1,2,1,5,4.0,-5,Bangalore,0.495,89.9,20.0
MG,Cloud EV,Long Range,47.4,50.6,135,1700,0.31,2.45,0.0126,91,460,29.1,16.3,0,1,2,0,4,2.1,-5,Bangalore,0.4764,99.5,20.0
MG,Cloud EV,Long Range,43.8,50.6,135,1700,0.31,2.45,0.013,91,460,19.2,29.8,0,0,2,2,2,4.5,-8,Chennai,0.2123,206.3,20.0
MG,Cloud EV,Long Range,48.6,50.6,135,1700,0.31,2.45,0.0122,91,460,28.6,35.4,0,0,1,1,3,1.3,2,Chennai,0.1112,437.0,20.0
MG,Cloud EV,Long Range,48.3,50.6,135,1700,0.31,2.45,0.0122,91,460,30.1,31.5,1,0,2,0,1,1.5,-2,Chennai,0.2323,207.9,20.0
MG,Cloud EV,Long Range,45.3,50.6,135,1700,0.31,2.45,0.012,91,460,22.4,28.7,0,0,1,0,4,3.5,0,Chennai,0.1037,437.0,20.0
MG,Cloud EV,Long Range,49.4,50.6,135,1700,0.31,2.45,0.0126,91,460,20.1,30.1,1,0,2,2,4,0.8,-5,Chennai,0.3479,142.0,20.0
MG,Cloud EV,Long Range,47.1,50.6,135,1700,0.31,2.45,0.0122,91,460,24.7,40.2,1,0,2,0,3,2.3,-2,Chennai,0.3435,137.1,20.0
MG,Cloud EV,Long Range,46.0,50.6,135,1700,0.31,2.45,0.0122,91,460,28.5,29.3,1,0,1,2,1,3.0,-2,Chennai,0.1703,270.1,20.0
MG,Cloud EV,Long Range,45.4,50.6,135,1700,0.31,2.45,0.0126,91,460,21.4,30.8,1,0,2,1,1,3.4,-5,Chennai,0.3224,140.8,20.0
MG,Cloud EV,Long Range,48.9,50.6,135,1700,0.31,2.45,0.012,91,460,23.4,34.7,1,0,1,0,2,1.1,0,Chennai,0.1699,287.9,20.0
MG,Cloud EV,Long Range,45.0,50.6,135,1700,0.31,2.45,0.012,91,460,34.2,35.0,1,0,2,1,2,3.7,0,Chennai,0.2868,156.9,20.0
MG,Cloud EV,Long Range,47.3,50.6,135,1700,0.31,2.45,0.0122,91,460,17.8,40.4,1,0,2,1,4,2.2,-2,Chennai,0.4812,98.3,20.0
MG,Cloud EV,Long Range,50.1,50.6,135,1700,0.31,2.45,0.012,91,460,19.8,38.0,1,0,2,1,4,0.3,0,Chennai,0.3703,135.3,20.0
MG,Cloud EV,Long Range,45.4,50.6,135,1700,0.31,2.45,0.0122,91,460,26.4,18.0,0,1,2,1,3,3.4,-2,Pune,0.4789,94.8,20.0
MG,Cloud EV,Long Range,47.0,50.6,135,1700,0.31,2.45,0.012,91,460,26.0,28.4,1,1,1,0,1,2.4,0,Pune,0.2821,166.6,20.0
MG,Cloud EV,Long Range,44.5,50.6,135,1700,0.31,2.45,0.0122,91,460,20.4,27.5,0,1,1,2,1,4.0,-2,Pune,0.3149,141.3,20.0
MG,Cloud EV,Long Range,49.2,50.6,135,1700,0.31,2.45,0.0126,91,460,23.4,30.8,0,1,2,1,5,0.9,-5,Pune,0.5348,92.0,20.0
MG,Cloud EV,Long Range,50.4,50.6,135,1700,0.31,2.45,0.012,91,460,31.3,22.3,0,1,2,0,2,0.1,0,Pune,0.4607,109.4,20.0
MG,Cloud EV,Long Range,44.8,50.6,135,1700,0.31,2.45,0.0122,91,460,31.1,34.8,1,1,2,2,2,3.8,-2,Pune,0.6465,69.3,20.0
MG,Cloud EV,Long Range,45.6,50.6,135,1700,0.31,2.45,0.012,91,460,27.1,27.3,0,1,0,1,1,3.3,0,Pune,0.2035,224.1,20.0
MG,Cloud EV,Long Range,43.8,50.6,135,1700,0.31,2.45,0.012,91,460,19.2,16.3,1,1,2,0,4,4.5,0,Pune,0.4479,97.8,20.0
MG,Cloud EV,Long Range,47.0,50.6,135,1700,0.31,2.45,0.012,91,460,24.8,33.1,0,1,1,0,1,2.4,0,Pune,0.2409,195.1,20.0
MG,Cloud EV,Long Range,44.4,50.6,135,1700,0.31,2.45,0.012,91,460,35.3,33.2,1,1,0,0,2,4.1,0,Pune,0.2016,220.2,20.0
MG,Cloud EV,Long Range,46.8,50.6,135,1700,0.31,2.45,0.0122,91,460,20.1,32.7,0,1,1,1,4,2.5,-2,Pune,0.296,158.1,20.0
MG,Cloud EV,Long Range,45.7,50.6,135,1700,0.31,2.45,0.0122,91,460,21.1,37.3,1,1,0,1,2,3.2,-2,Pune,0.29,157.6,20.0
MG,Cloud EV,Long Range,45.4,50.6,135,1700,0.31,2.45,0.013,91,460,24.1,38.9,0,0,1,0,4,3.4,-8,Hyderabad,0.1068,425.0,20.0
MG,Cloud EV,Long Range,47.3,50.6,135,1700,0.31,2.45,0.0122,91,460,21.2,15.8,0,0,2,1,3,2.2,-2,Hyderabad,0.1825,259.2,20.0
MG,Cloud EV,Long Range,47.0,50.6,135,1700,0.31,2.45,0.0126,91,460,24.9,28.3,0,0,1,0,3,2.4,-5,Hyderabad,0.1076,437.0,20.0
MG,Cloud EV,Long Range,47.1,50.6,135,1700,0.31,2.45,0.0126,91,460,32.0,22.0,0,0,1,2,1,2.3,-5,Hyderabad,0.1269,371.1,20.0
MG,Cloud EV,Long Range,43.3,50.6,135,1700,0.31,2.45,0.0122,91,460,16.0,33.4,1,0,1,2,2,4.8,-2,Hyderabad,0.258,167.8,20.0
MG,Cloud EV,Long Range,45.1,50.6,135,1700,0.31,2.45,0.0122,91,460,35.0,25.2,0,0,2,2,1,3.6,-2,Hyderabad,0.2244,201.0,20.0
MG,Cloud EV,Long Range,49.8,50.6,135,1700,0.31,2.45,0.012,91,460,18.0,30.1,0,0,2,1,2,0.5,0,Hyderabad,0.1601,311.0,20.0
MG,Cloud EV,Long Range,48.5,50.6,135,1700,0.31,2.45,0.013,91,460,32.4,27.0,0,0,0,1,3,1.4,-8,Hyderabad,0.111,437.0,20.0
MG,Cloud EV,Long Range,48.0,50.6,135,1700,0.31,2.45,0.0122,91,460,17.5,22.6,0,0,1,1,3,1.7,-2,Hyderabad,0.1098,437.0,20.0
MG,Cloud EV,Long Range,44.4,50.6,135,1700,0.31,2.45,0.012,91,460,15.2,24.8,0,0,2,1,3,4.1,0,Hyderabad,0.1855,239.3,20.0
MG,Cloud EV,Long Range,48.8,50.6,135,1700,0.31,2.45,0.012,91,460,20.0,18.2,1,0,2,0,1,1.2,0,Hyderabad,0.1665,293.1,20.0
MG,Cloud EV,Long Range,48.2,50.6,135,1700,0.31,2.45,0.0122,91,460,19.5,39.6,0,0,1,2,2,1.6,-2,Kolkata,0.1109,434.6,20.0
MG,Cloud EV,Long Range,43.8,50.6,135,1700,0.31,2.45,0.012,91,460,26.6,22.2,0,0,0,1,1,4.5,0,Kolkata,0.1002,437.0,20.0
MG,Cloud EV,Long Range,47.7,50.6,135,1700,0.31,2.45,0.0126,91,460,12.5,36.7,0,0,2,1,2,1.9,-5,Kolkata,0.1848,258.1,20.0
MG,Cloud EV,Long Range,48.0,50.6,135,1700,0.31,2.45,0.012,91,460,25.9,36.7,1,0,1,1,3,1.7,0,Kolkata,0.2028,236.7,20.0
MG,Cloud EV,Long Range,45.3,50.6,135,1700,0.31,2.45,0.0122,91,460,24.9,21.3,0,0,1,1,2,3.5,-2,Kolkata,0.1081,419.2,20.0
MG,Cloud EV,Long Range,48.3,50.6,135,1700,0.31,2.45,0.0126,91,460,22.9,35.6,1,0,2,1,1,1.5,-5,Kolkata,0.3182,151.8,20.0
MG,Cloud EV,Long Range,45.3,50.6,135,1700,0.31,2.45,0.012,91,460,24.1,33.3,0,0,1,1,2,3.5,0,Kolkata,0.1037,437.0,20.0
MG,Cloud EV,Long Range,46.5,50.6,135,1700,0.31,2.45,0.012,91,460,26.3,40.3,1,0,2,0,3,2.7,0,Kolkata,0.3602,129.1,20.0
MG,Cloud EV,Long Range,46.5,50.6,135,1700,0.31,2.45,0.013,91,460,19.2,14.0,0,0,2,1,4,2.7,-8,Kolkata,0.2023,229.8,20.0
MG,Cloud EV,Long Range,47.6,50.6,135,1700,0.31,2.45,0.0122,91,460,77.5,44.2,1,0,0,1,3,2.0,-2,Highway_NH,0.164,290.3,20.0
MG,Cloud EV,Long Range,50.1,50.6,135,1700,0.31,2.45,0.012,91,460,79.7,29.6,0,0,0,1,5,0.3,0,Highway_NH,0.1357,369.1,20.0
MG,Cloud EV,Long Range,44.4,50.6,135,1700,0.31,2.45,0.0126,91,460,98.7,39.1,1,0,1,1,5,4.1,-5,Highway_NH,0.2572,172.6,20.0
MG,Cloud EV,Long Range,45.0,50.6,135,1700,0.31,2.45,0.0122,91,460,72.6,20.3,0,0,1,2,4,3.7,-2,Highway_NH,0.1727,260.6,20.0
MG,Cloud EV,Long Range,46.5,50.6,135,1700,0.31,2.45,0.0126,91,460,73.7,23.9,0,0,0,2,1,2.7,-5,Highway_NH,0.1389,334.8,20.0
MG,Cloud EV,Long Range,48.0,50.6,135,1700,0.31,2.45,0.0126,91,460,96.1,42.0,1,0,0,0,2,1.7,-5,Highway_NH,0.1798,267.0,20.0
MG,Cloud EV,Long Range,44.2,50.6,135,1700,0.31,2.45,0.0122,91,460,75.5,40.2,0,0,0,1,3,4.2,2,Highway_NH,0.1297,340.8,20.0
MG,Cloud EV,Long Range,48.8,50.6,135,1700,0.31,2.45,0.012,91,460,100.0,32.8,0,0,1,1,4,1.2,0,Highway_NH,0.2295,212.6,20.0
MG,Cloud EV,Long Range,46.0,50.6,135,1700,0.31,2.45,0.0126,91,460,99.7,27.7,1,0,1,1,1,3.0,-5,Highway_NH,0.2376,193.6,20.0
MG,Cloud EV,Long Range,47.6,50.6,135,1700,0.31,2.45,0.0126,91,460,89.9,24.0,0,0,1,2,4,2.0,-5,Highway_NH,0.2322,205.0,20.0
MG,Cloud EV,Long Range,48.0,50.6,135,1700,0.31,2.45,0.012,91,460,83.7,42.1,0,0,0,1,1,1.7,0,Highway_NH,0.1374,349.4,20.0
MG,Cloud EV,Long Range,50.3,50.6,135,1700,0.31,2.45,0.0126,91,460,88.9,42.2,1,0,0,0,2,0.2,-5,Highway_NH,0.1633,308.0,20.0
MG,Cloud EV,Long Range,49.2,50.6,135,1700,0.31,2.45,0.0126,91,460,116.6,31.9,0,0,1,1,1,0.9,-5,Expressway,0.2694,182.6,20.0
MG,Cloud EV,Long Range,43.3,50.6,135,1700,0.31,2.45,0.0122,91,460,111.8,43.1,1,0,1,1,1,4.8,2,Expressway,0.2966,146.0,20.0
MG,Cloud EV,Long Range,46.2,50.6,135,1700,0.31,2.45,0.0122,91,460,89.0,28.8,1,0,1,1,5,2.9,-2,Expressway,0.2052,225.1,20.0
MG,Cloud EV,Long Range,47.4,50.6,135,1700,0.31,2.45,0.0126,91,460,82.4,37.6,1,0,1,1,2,2.1,-5,Expressway,0.193,245.6,20.0
MG,Cloud EV,Long Range,43.2,50.6,135,1700,0.31,2.45,0.012,91,460,95.1,16.9,0,0,0,0,2,4.9,0,Expressway,0.1332,324.3,20.0
MG,Cloud EV,Long Range,49.8,50.6,135,1700,0.31,2.45,0.012,91,460,86.3,42.3,1,0,0,1,1,0.5,0,Expressway,0.1831,272.0,20.0
MG,Cloud EV,Long Range,47.6,50.6,135,1700,0.31,2.45,0.0126,91,460,114.7,37.7,1,0,2,0,3,2.0,-5,Expressway,0.4411,107.9,20.0
MG,Cloud EV,Long Range,48.6,50.6,135,1700,0.31,2.45,0.0126,91,460,93.2,20.8,0,0,0,1,1,1.3,-5,Expressway,0.1608,302.3,20.0
MG,Cloud EV,Long Range,48.2,50.6,135,1700,0.31,2.45,0.0126,91,460,118.5,40.8,0,0,0,2,1,1.6,-5,Expressway,0.2412,199.8,20.0
MG,Cloud EV,Long Range,45.6,50.6,135,1700,0.31,2.45,0.0122,91,460,93.9,21.6,0,0,0,1,2,3.3,-2,Expressway,0.1508,302.3,20.0
MG,Cloud EV,Long Range,47.6,50.6,135,1700,0.31,2.45,0.012,91,460,109.6,26.0,1,0,0,1,2,2.0,0,Expressway,0.1942,245.1,20.0
MG,Cloud EV,Long Range,50.0,50.6,135,1700,0.31,2.45,0.013,91,460,27.9,28.3,0,2,1,2,2,0.4,-8,Hill_Station,0.6784,73.7,20.0
MG,Cloud EV,Long Range,44.7,50.6,135,1700,0.31,2.45,0.0122,91,460,36.1,7.7,0,2,0,0,2,3.9,-2,Hill_Station,0.4529,98.7,20.0
MG,Cloud EV,Long Range,49.7,50.6,135,1700,0.31,2.45,0.0122,91,460,26.6,21.1,0,2,0,1,2,0.6,-2,Hill_Station,0.494,100.6,20.0
MG,Cloud EV,Long Range,44.4,50.6,135,1700,0.31,2.45,0.013,91,460,20.1,18.6,0,2,0,1,3,4.1,-8,Hill_Station,0.4545,97.7,20.0
MG,Cloud EV,Long Range,45.7,50.6,135,1700,0.31,2.45,0.0126,91,460,20.7,27.3,0,2,1,2,1,3.2,-5,Hill_Station,0.6701,68.2,20.0
MG,Cloud EV,Long Range,46.0,50.6,135,1700,0.31,2.45,0.012,91,460,38.4,11.2,0,2,1,2,3,3.0,0,Hill_Station,0.7797,59.0,20.0
MG,Cloud EV,Long Range,45.1,50.6,135,1700,0.31,2.45,0.012,91,460,22.4,25.4,0,2,0,1,2,3.6,0,Hill_Station,0.4009,112.5,20.0
MG,Cloud EV,Long Range,46.0,50.6,135,1700,0.31,2.45,0.012,91,460,38.7,23.3,0,2,2,1,1,3.0,0,Hill_Station,0.902,51.0,20.0
MG,Cloud EV,Long Range,50.1,50.6,135,1700,0.31,2.45,0.0122,91,460,23.3,15.0,0,2,0,0,3,0.3,2,Hill_Station,0.4246,118.0,20.0
MG,Cloud EV,Long Range,50.4,50.6,135,1700,0.31,2.45,0.0122,91,460,23.0,28.1,0,2,0,1,3,0.1,-2,Hill_Station,0.4541,111.0,20.0
MG,Cloud EV,Long Range,46.3,50.6,135,1700,0.31,2.45,0.0126,91,460,28.1,9.7,0,2,1,1,1,2.8,-5,Hill_Station,0.6633,69.8,20.0
MG,Cloud EV,Long Range,45.0,50.6,135,1700,0.31,2.45,0.0126,91,460,39.7,27.8,0,2,2,1,4,3.7,-5,Hill_Station,0.9783,46.0,20.0
MG,Cloud EV,Long Range,43.8,50.6,135,1700,0.31,2.45,0.0126,91,460,42.7,35.2,1,0,0,0,2,4.5,-5,Rural_Road,0.1119,391.5,20.0
MG,Cloud EV,Long Range,49.2,50.6,135,1700,0.31,2.45,0.0126,91,460,49.0,36.3,1,0,0,1,4,0.9,-5,Rural_Road,0.1429,344.2,20.0
MG,Cloud EV,Long Range,48.0,50.6,135,1700,0.31,2.45,0.0122,91,460,30.4,25.6,0,0,0,1,2,1.7,-2,Rural_Road,0.1098,437.0,20.0
MG,Cloud EV,Long Range,48.2,50.6,135,1700,0.31,2.45,0.0122,91,460,50.3,16.0,0,0,0,0,2,1.6,-2,Rural_Road,0.1103,437.0,20.0
MG,Cloud EV,Long Range,50.4,50.6,135,1700,0.31,2.45,0.013,91,460,55.4,38.6,0,0,0,2,4,0.1,-8,Rural_Road,0.1178,427.8,20.0
MG,Cloud EV,Long Range,49.1,50.6,135,1700,0.31,2.45,0.0122,91,460,44.8,42.7,1,0,0,2,2,1.0,-2,Rural_Road,0.1728,284.2,20.0
MG,Cloud EV,Long Range,47.0,50.6,135,1700,0.31,2.45,0.0122,91,460,33.8,18.8,0,0,0,2,4,2.4,-2,Rural_Road,0.109,431.2,20.0
MG,Cloud EV,Long Range,48.5,50.6,135,1700,0.31,2.45,0.0122,91,460,40.2,36.9,0,0,1,1,1,1.4,-2,Rural_Road,0.111,437.0,20.0
MG,Cloud EV,Long Range,43.3,50.6,135,1700,0.31,2.45,0.013,91,460,28.3,13.6,0,2,2,1,1,4.8,-8,Ghat_Road,0.9413,46.0,20.0
MG,Cloud EV,Long Range,48.0,50.6,135,1700,0.31,2.45,0.0122,91,460,24.5,33.4,1,2,1,1,4,1.7,-2,Ghat_Road,0.6838,70.2,20.0
MG,Cloud EV,Long Range,48.8,50.6,135,1700,0.31,2.45,0.012,91,460,17.1,18.5,1,2,0,0,2,1.2,0,Ghat_Road,0.3964,123.1,20.0
MG,Cloud EV,Long Range,50.3,50.6,135,1700,0.31,2.45,0.012,91,460,32.2,21.7,1,2,1,1,1,0.2,0,Ghat_Road,0.5911,85.1,20.0
MG,Cloud EV,Long Range,44.2,50.6,135,1700,0.31,2.45,0.0122,91,460,17.4,16.8,0,2,1,2,1,4.2,2,Ghat_Road,0.6071,72.8,20.0
MG,Cloud EV,Long Range,44.2,50.6,135,1700,0.31,2.45,0.0126,91,460,21.1,21.0,0,2,2,1,3,4.2,-5,Ghat_Road,0.9609,46.0,20.0
MG,Cloud EV,Long Range,50.1,50.6,135,1700,0.31,2.45,0.0122,91,460,19.6,25.1,0,2,0,1,1,0.3,-2,Ghat_Road,0.4286,116.9,20.0
MG,Cloud EV,Long Range,44.2,50.6,135,1700,0.31,2.45,0.0122,91,460,30.9,14.0,0,2,0,2,3,4.2,-2,Ghat_Road,0.5755,76.8,20.0
MG,Cloud EV,Long Range,47.6,50.6,135,1700,0.31,2.45,0.0122,91,460,33.6,14.9,1,2,2,1,2,2.0,-2,Ghat_Road,1.0348,46.0,20.0
MG,Cloud EV,Long Range,45.3,50.6,135,1700,0.31,2.45,0.012,91,460,34.0,28.2,1,2,1,1,4,3.5,0,Ghat_Road,0.7067,64.1,20.0
MG,Cloud EV,Long Range,48.2,50.6,135,1700,0.31,2.45,0.0122,91,460,19.7,30.7,1,2,2,2,1,1.6,-2,Ghat_Road,1.0478,46.0,20.0
Hyundai,Ioniq 5,Long Range AWD,66.7,72.6,225,2100,0.29,2.42,0.011,93,631,34.6,37.9,1,0,2,0,3,2.7,0,Delhi,0.2534,263.2,45.0
Hyundai,Ioniq 5,Long Range AWD,63.5,72.6,225,2100,0.29,2.42,0.0112,93,631,18.5,20.4,0,0,2,0,5,4.2,-2,Delhi,0.1792,354.3,45.0
Hyundai,Ioniq 5,Long Range AWD,69.3,72.6,225,2100,0.29,2.42,0.011,93,631,26.3,30.0,0,0,2,2,2,1.5,0,Delhi,0.1829,378.8,45.0
Hyundai,Ioniq 5,Long Range AWD,66.3,72.6,225,2100,0.29,2.42,0.011,93,631,27.7,30.0,0,0,2,1,3,2.9,0,Delhi,0.1693,391.6,45.0
Hyundai,Ioniq 5,Long Range AWD,69.8,72.6,225,2100,0.29,2.42,0.011,93,631,30.9,13.9,0,0,0,2,1,1.3,0,Delhi,0.1164,599.4499999999999,45.0
Hyundai,Ioniq 5,Long Range AWD,62.1,72.6,225,2100,0.29,2.42,0.011,93,631,19.7,13.5,0,0,2,1,2,4.8,0,Delhi,0.1706,364.1,45.0
Hyundai,Ioniq 5,Long Range AWD,65.8,72.6,225,2100,0.29,2.42,0.0112,93,631,19.4,12.3,0,0,2,1,4,3.1,-2,Delhi,0.1961,335.5,45.0
Hyundai,Ioniq 5,Long Range AWD,70.4,72.6,225,2100,0.29,2.42,0.0119,93,631,18.9,46.3,1,0,2,2,2,1.0,-8,Delhi,0.5223,134.8,45.0
Hyundai,Ioniq 5,Long Range AWD,67.6,72.6,225,2100,0.29,2.42,0.0112,93,631,28.4,36.4,1,0,2,1,2,2.3,2,Delhi,0.2796,241.8,45.0
Hyundai,Ioniq 5,Long Range AWD,69.6,72.6,225,2100,0.29,2.42,0.0116,93,631,20.8,37.9,1,0,1,1,2,1.4,-5,Delhi,0.1923,361.9,45.0
Hyundai,Ioniq 5,Long Range AWD,69.6,72.6,225,2100,0.29,2.42,0.0116,93,631,28.9,33.0,1,0,1,1,1,1.4,-5,Mumbai,0.1603,434.1,45.0
Hyundai,Ioniq 5,Long Range AWD,71.7,72.6,225,2100,0.29,2.42,0.0112,93,631,20.2,37.2,0,0,2,1,2,0.4,-2,Mumbai,0.1563,458.8,45.0
Hyundai,Ioniq 5,Long Range AWD,65.6,72.6,225,2100,0.29,2.42,0.011,93,631,25.1,27.8,0,0,1,1,1,3.2,0,Mumbai,0.1094,599.4499999999999,45.0
Hyundai,Ioniq 5,Long Range AWD,66.1,72.6,225,2100,0.29,2.42,0.011,93,631,15.9,19.7,0,0,2,1,1,3.0,0,Mumbai,0.1637,403.7,45.0
Hyundai,Ioniq 5,Long Range AWD,69.6,72.6,225,2100,0.29,2.42,0.0112,93,631,14.7,32.0,1,0,1,1,2,1.4,-2,Mumbai,0.1901,366.2,45.0
Hyundai,Ioniq 5,Long Range AWD,72.2,72.6,225,2100,0.29,2.42,0.0112,93,631,28.4,20.5,0,0,2,0,2,0.2,-2,Mumbai,0.1495,483.1,45.0
Hyundai,Ioniq 5,Long Range AWD,65.0,72.6,225,2100,0.29,2.42,0.0116,93,631,17.2,28.1,0,0,2,1,3,3.5,-5,Mumbai,0.168,386.8,45.0
Hyundai,Ioniq 5,Long Range AWD,71.1,72.6,225,2100,0.29,2.42,0.0116,93,631,20.4,25.8,0,0,2,1,4,0.7,-5,Mumbai,0.1789,397.5,45.0
Hyundai,Ioniq 5,Long Range AWD,69.8,72.6,225,2100,0.29,2.42,0.0112,93,631,25.7,30.8,0,0,2,1,4,1.3,-2,Mumbai,0.1864,374.4,45.0
Hyundai,Ioniq 5,Long Range AWD,72.2,72.6,225,2100,0.29,2.42,0.0119,93,631,26.1,27.1,0,0,2,1,3,0.2,-8,Mumbai,0.178,405.6,45.0
Hyundai,Ioniq 5,Long Range AWD,66.9,72.6,225,2100,0.29,2.42,0.011,93,631,22.2,28.8,0,0,1,1,3,2.6,0,Mumbai,0.1116,599.4499999999999,45.0
Hyundai,Ioniq 5,Long Range AWD,64.5,72.6,225,2100,0.29,2.42,0.0116,93,631,33.0,31.0,1,1,2,2,1,3.7,-5,Bangalore,0.5961,108.2,45.0
Hyundai,Ioniq 5,Long Range AWD,64.1,72.6,225,2100,0.29,2.42,0.011,93,631,24.4,20.1,0,1,0,1,1,3.9,0,Bangalore,0.2206,290.6,45.0
Hyundai,Ioniq 5,Long Range AWD,66.5,72.6,225,2100,0.29,2.42,0.011,93,631,27.5,18.3,0,1,1,0,2,2.8,0,Bangalore,0.2603,255.5,45.0
Hyundai,Ioniq 5,Long Range AWD,69.8,72.6,225,2100,0.29,2.42,0.011,93,631,31.9,20.6,0,1,2,0,3,1.3,0,Bangalore,0.453,154.1,45.0
Hyundai,Ioniq 5,Long Range AWD,65.6,72.6,225,2100,0.29,2.42,0.0116,93,631,15.5,35.1,1,1,2,1,1,3.2,-5,Bangalore,0.6735,97.4,45.0
Hyundai,Ioniq 5,Long Range AWD,65.6,72.6,225,2100,0.29,2.42,0.0112,93,631,29.4,33.1,1,1,2,1,2,3.2,2,Bangalore,0.6002,109.3,45.0
Hyundai,Ioniq 5,Long Range AWD,67.4,72.6,225,2100,0.29,2.42,0.011,93,631,31.5,21.1,0,1,2,1,3,2.4,0,Bangalore,0.4859,138.7,45.0
Hyundai,Ioniq 5,Long Range AWD,65.4,72.6,225,2100,0.29,2.42,0.011,93,631,21.1,24.8,0,1,1,1,2,3.3,0,Bangalore,0.2903,225.3,45.0
Hyundai,Ioniq 5,Long Range AWD,68.5,72.6,225,2100,0.29,2.42,0.0112,93,631,15.7,32.1,1,1,2,1,3,1.9,2,Bangalore,0.6593,103.9,45.0
Hyundai,Ioniq 5,Long Range AWD,65.4,72.6,225,2100,0.29,2.42,0.0116,93,631,22.6,16.0,1,1,2,1,1,3.3,-5,Bangalore,0.5062,129.2,45.0
Hyundai,Ioniq 5,Long Range AWD,66.9,72.6,225,2100,0.29,2.42,0.011,93,631,30.8,41.9,1,0,0,1,1,2.6,0,Chennai,0.1579,423.7,45.0
Hyundai,Ioniq 5,Long Range AWD,69.1,72.6,225,2100,0.29,2.42,0.0112,93,631,19.5,24.5,1,0,2,1,2,1.6,-2,Chennai,0.1969,351.0,45.0
Hyundai,Ioniq 5,Long Range AWD,68.7,72.6,225,2100,0.29,2.42,0.0116,93,631,31.1,32.8,0,0,2,1,3,1.8,-5,Chennai,0.1609,427.0,45.0
Hyundai,Ioniq 5,Long Range AWD,67.6,72.6,225,2100,0.29,2.42,0.0116,93,631,18.4,40.4,1,0,2,2,2,2.3,-5,Chennai,0.5232,129.2,45.0
Hyundai,Ioniq 5,Long Range AWD,65.6,72.6,225,2100,0.29,2.42,0.0112,93,631,24.3,41.4,1,0,2,2,3,3.2,2,Chennai,0.4251,154.3,45.0
Hyundai,Ioniq 5,Long Range AWD,64.8,72.6,225,2100,0.29,2.42,0.0116,93,631,29.0,25.5,0,0,2,1,2,3.6,-5,Chennai,0.1701,380.9,45.0
Hyundai,Ioniq 5,Long Range AWD,65.6,72.6,225,2100,0.29,2.42,0.0116,93,631,22.0,30.6,1,0,2,1,2,3.2,-5,Chennai,0.2641,248.4,45.0
Hyundai,Ioniq 5,Long Range AWD,68.7,72.6,225,2100,0.29,2.42,0.0112,93,631,32.6,31.0,1,0,2,0,1,1.8,-2,Chennai,0.2369,290.0,45.0
Hyundai,Ioniq 5,Long Range AWD,67.2,72.6,225,2100,0.29,2.42,0.011,93,631,20.6,29.8,1,0,2,1,4,2.5,0,Chennai,0.2374,283.1,45.0
Hyundai,Ioniq 5,Long Range AWD,63.7,72.6,225,2100,0.29,2.42,0.011,93,631,23.5,27.5,0,0,2,1,1,4.1,0,Chennai,0.161,395.6,45.0
Hyundai,Ioniq 5,Long Range AWD,69.3,72.6,225,2100,0.29,2.42,0.0112,93,631,15.4,31.5,0,0,2,1,2,1.5,-2,Chennai,0.1606,431.5,45.0
Hyundai,Ioniq 5,Long Range AWD,64.3,72.6,225,2100,0.29,2.42,0.0112,93,631,30.1,29.3,0,1,0,1,2,3.8,-2,Pune,0.2153,298.7,45.0
Hyundai,Ioniq 5,Long Range AWD,71.7,72.6,225,2100,0.29,2.42,0.011,93,631,18.8,17.7,0,1,2,0,3,0.4,0,Pune,0.4786,149.8,45.0
Hyundai,Ioniq 5,Long Range AWD,72.2,72.6,225,2100,0.29,2.42,0.0119,93,631,23.0,28.5,1,1,1,1,4,0.2,-8,Pune,0.3548,203.5,45.0
Hyundai,Ioniq 5,Long Range AWD,70.9,72.6,225,2100,0.29,2.42,0.0112,93,631,26.4,37.1,0,1,2,1,2,0.8,-2,Pune,0.5086,139.4,45.0
Hyundai,Ioniq 5,Long Range AWD,62.8,72.6,225,2100,0.29,2.42,0.011,93,631,19.0,16.9,0,1,2,0,4,4.5,0,Pune,0.4429,141.8,45.0
Hyundai,Ioniq 5,Long Range AWD,65.4,72.6,225,2100,0.29,2.42,0.0112,93,631,33.0,14.5,0,1,1,1,4,3.3,-2,Pune,0.3273,199.8,45.0
Hyundai,Ioniq 5,Long Range AWD,65.0,72.6,225,2100,0.29,2.42,0.011,93,631,23.3,33.4,1,1,2,2,4,3.5,0,Pune,0.7638,85.1,45.0
Hyundai,Ioniq 5,Long Range AWD,63.7,72.6,225,2100,0.29,2.42,0.011,93,631,31.2,34.5,0,1,0,1,1,4.1,0,Pune,0.1944,327.7,45.0
Hyundai,Ioniq 5,Long Range AWD,65.4,72.6,225,2100,0.29,2.42,0.011,93,631,23.2,29.7,0,1,0,0,3,3.3,0,Pune,0.1887,346.6,45.0
Hyundai,Ioniq 5,Long Range AWD,63.0,72.6,225,2100,0.29,2.42,0.0112,93,631,34.9,28.9,0,0,1,2,2,4.4,-2,Hyderabad,0.1239,508.4,45.0
Hyundai,Ioniq 5,Long Range AWD,66.3,72.6,225,2100,0.29,2.42,0.011,93,631,18.4,21.4,0,0,2,1,2,2.9,0,Hyderabad,0.1521,436.0,45.0
Hyundai,Ioniq 5,Long Range AWD,66.5,72.6,225,2100,0.29,2.42,0.0116,93,631,31.6,39.2,0,0,2,1,3,2.8,-5,Hyderabad,0.1693,392.7,45.0
Hyundai,Ioniq 5,Long Range AWD,70.4,72.6,225,2100,0.29,2.42,0.011,93,631,18.5,26.2,0,0,2,1,4,1.0,0,Hyderabad,0.1746,403.1,45.0
Hyundai,Ioniq 5,Long Range AWD,68.9,72.6,225,2100,0.29,2.42,0.0112,93,631,23.0,29.5,1,0,2,1,3,1.7,2,Hyderabad,0.2255,305.5,45.0
Hyundai,Ioniq 5,Long Range AWD,70.2,72.6,225,2100,0.29,2.42,0.011,93,631,18.3,28.3,1,0,2,0,3,1.1,0,Hyderabad,0.2161,324.8,45.0
Hyundai,Ioniq 5,Long Range AWD,67.4,72.6,225,2100,0.29,2.42,0.011,93,631,18.9,36.9,1,0,1,2,4,2.4,0,Hyderabad,0.2337,288.4,45.0
Hyundai,Ioniq 5,Long Range AWD,63.7,72.6,225,2100,0.29,2.42,0.011,93,631,22.1,15.9,0,0,0,2,2,4.1,0,Hyderabad,0.1063,599.4499999999999,45.0
Hyundai,Ioniq 5,Long Range AWD,66.1,72.6,225,2100,0.29,2.42,0.0116,93,631,19.0,41.1,1,0,2,1,1,3.0,-5,Hyderabad,0.4398,150.3,45.0
Hyundai,Ioniq 5,Long Range AWD,71.5,72.6,225,2100,0.29,2.42,0.0116,93,631,12.3,22.4,0,0,2,0,3,0.5,-5,Kolkata,0.1567,456.2,45.0
Hyundai,Ioniq 5,Long Range AWD,66.1,72.6,225,2100,0.29,2.42,0.011,93,631,12.2,34.3,1,0,2,1,4,3.0,0,Kolkata,0.379,174.4,45.0
Hyundai,Ioniq 5,Long Range AWD,69.3,72.6,225,2100,0.29,2.42,0.0112,93,631,13.6,38.0,0,0,1,0,4,1.5,-2,Kolkata,0.1156,599.4499999999999,45.0
Hyundai,Ioniq 5,Long Range AWD,64.3,72.6,225,2100,0.29,2.42,0.0112,93,631,16.4,34.7,1,0,0,2,1,3.8,-2,Kolkata,0.1596,403.0,45.0
Hyundai,Ioniq 5,Long Range AWD,69.3,72.6,225,2100,0.29,2.42,0.011,93,631,14.4,33.1,0,0,2,1,3,1.5,0,Kolkata,0.1643,421.7,45.0
Hyundai,Ioniq 5,Long Range AWD,71.9,72.6,225,2100,0.29,2.42,0.011,93,631,13.5,41.1,0,0,2,1,4,0.3,0,Kolkata,0.1867,385.2,45.0
Hyundai,Ioniq 5,Long Range AWD,62.6,72.6,225,2100,0.29,2.42,0.0112,93,631,16.0,14.6,0,0,1,1,3,4.6,2,Kolkata,0.1216,514.7,45.0
Hyundai,Ioniq 5,Long Range AWD,68.2,72.6,225,2100,0.29,2.42,0.011,93,631,24.4,13.1,0,0,1,1,1,2.0,0,Kolkata,0.1138,599.4499999999999,45.0
Hyundai,Ioniq 5,Long Range AWD,67.8,72.6,225,2100,0.29,2.42,0.011,93,631,23.2,35.9,1,0,1,0,2,2.2,0,Kolkata,0.172,394.3,45.0
Hyundai,Ioniq 5,Long Range AWD,67.8,72.6,225,2100,0.29,2.42,0.0112,93,631,19.8,22.6,0,0,2,1,4,2.2,-2,Kolkata,0.1702,398.3,45.0
Hyundai,Ioniq 5,Long Range AWD,69.1,72.6,225,2100,0.29,2.42,0.011,93,631,16.1,30.5,1,0,1,2,1,1.6,0,Kolkata,0.2351,293.9,45.0
Hyundai,Ioniq 5,Long Range AWD,63.7,72.6,225,2100,0.29,2.42,0.0116,93,631,24.4,13.7,0,0,1,1,4,4.1,-5,Kolkata,0.1161,548.8,45.0
Hyundai,Ioniq 5,Long Range AWD,65.6,72.6,225,2100,0.29,2.42,0.0112,93,631,71.8,40.0,1,0,0,0,4,3.2,-2,Highway_NH,0.1195,548.8,45.0
Hyundai,Ioniq 5,Long Range AWD,69.1,72.6,225,2100,0.29,2.42,0.0119,93,631,94.3,18.3,0,0,0,1,1,1.6,-8,Highway_NH,0.131,527.3,45.0
Hyundai,Ioniq 5,Long Range AWD,67.2,72.6,225,2100,0.29,2.42,0.011,93,631,82.3,37.0,0,0,2,0,2,2.5,0,Highway_NH,0.2277,295.1,45.0
Hyundai,Ioniq 5,Long Range AWD,63.5,72.6,225,2100,0.29,2.42,0.011,93,631,98.1,32.0,0,0,1,1,2,4.2,0,Highway_NH,0.1968,322.6,45.0
Hyundai,Ioniq 5,Long Range AWD,63.5,72.6,225,2100,0.29,2.42,0.0116,93,631,77.0,34.1,1,0,0,1,2,4.2,-5,Highway_NH,0.1357,467.8,45.0
Hyundai,Ioniq 5,Long Range AWD,71.9,72.6,225,2100,0.29,2.42,0.011,93,631,89.6,34.0,0,0,2,1,3,0.3,0,Highway_NH,0.2967,242.3,45.0
Hyundai,Ioniq 5,Long Range AWD,68.5,72.6,225,2100,0.29,2.42,0.0116,93,631,90.5,17.4,0,0,0,0,3,1.9,-5,Highway_NH,0.1143,599.4499999999999,45.0
Hyundai,Ioniq 5,Long Range AWD,69.8,72.6,225,2100,0.29,2.42,0.0112,93,631,71.2,38.8,1,0,1,0,5,1.3,-2,Highway_NH,0.1599,436.4,45.0
Hyundai,Ioniq 5,Long Range AWD,66.3,72.6,225,2100,0.29,2.42,0.011,93,631,78.5,35.4,1,0,2,2,5,2.9,0,Highway_NH,0.3482,190.4,45.0
Hyundai,Ioniq 5,Long Range AWD,69.1,72.6,225,2100,0.29,2.42,0.0116,93,631,79.7,18.8,0,0,1,1,1,1.6,-5,Highway_NH,0.1718,402.3,45.0
Hyundai,Ioniq 5,Long Range AWD,65.0,72.6,225,2100,0.29,2.42,0.0112,93,631,83.1,38.2,0,0,0,1,1,3.5,-2,Highway_NH,0.1099,591.7,45.0
Hyundai,Ioniq 5,Long Range AWD,72.4,72.6,225,2100,0.29,2.42,0.0112,93,631,84.4,33.4,0,0,1,1,1,0.1,-2,Expressway,0.1684,430.0,45.0
Hyundai,Ioniq 5,Long Range AWD,71.1,72.6,225,2100,0.29,2.42,0.0116,93,631,119.6,40.1,0,0,0,2,2,0.7,-5,Expressway,0.223,318.8,45.0
Hyundai,Ioniq 5,Long Range AWD,71.9,72.6,225,2100,0.29,2.42,0.0112,93,631,93.0,16.3,1,0,0,2,5,0.3,-2,Expressway,0.1491,482.3,45.0
Hyundai,Ioniq 5,Long Range AWD,72.2,72.6,225,2100,0.29,2.42,0.0116,93,631,114.2,41.5,0,0,0,2,2,0.2,-5,Expressway,0.2191,329.6,45.0
Hyundai,Ioniq 5,Long Range AWD,71.7,72.6,225,2100,0.29,2.42,0.011,93,631,97.0,45.0,1,0,0,0,3,0.4,0,Expressway,0.1585,452.3,45.0
Hyundai,Ioniq 5,Long Range AWD,67.6,72.6,225,2100,0.29,2.42,0.011,93,631,99.0,30.9,1,0,0,0,1,2.3,0,Expressway,0.1277,529.3,45.0
Hyundai,Ioniq 5,Long Range AWD,65.2,72.6,225,2100,0.29,2.42,0.0112,93,631,111.1,20.1,0,0,0,0,1,3.4,2,Expressway,0.1322,493.3,45.0
Hyundai,Ioniq 5,Long Range AWD,61.9,72.6,225,2100,0.29,2.42,0.0112,93,631,115.9,24.6,0,0,0,1,5,4.9,-2,Expressway,0.2016,307.0,45.0
Hyundai,Ioniq 5,Long Range AWD,71.1,72.6,225,2100,0.29,2.42,0.011,93,631,80.9,15.1,0,0,0,0,1,0.7,0,Expressway,0.1186,599.4499999999999,45.0
Hyundai,Ioniq 5,Long Range AWD,62.4,72.6,225,2100,0.29,2.42,0.0112,93,631,112.9,22.4,0,0,0,1,2,4.7,-2,Expressway,0.1719,362.9,45.0
Hyundai,Ioniq 5,Long Range AWD,63.5,72.6,225,2100,0.29,2.42,0.011,93,631,33.1,15.3,0,2,0,1,1,4.2,0,Hill_Station,0.47,135.1,45.0
Hyundai,Ioniq 5,Long Range AWD,69.3,72.6,225,2100,0.29,2.42,0.0112,93,631,22.8,24.8,0,2,1,1,3,1.5,-2,Hill_Station,0.6063,114.3,45.0
Hyundai,Ioniq 5,Long Range AWD,65.8,72.6,225,2100,0.29,2.42,0.0112,93,631,39.1,15.4,0,2,0,1,5,3.1,-2,Hill_Station,0.4737,138.9,45.0
Hyundai,Ioniq 5,Long Range AWD,68.9,72.6,225,2100,0.29,2.42,0.011,93,631,29.7,19.0,0,2,0,1,3,1.7,0,Hill_Station,0.4788,143.9,45.0
Hyundai,Ioniq 5,Long Range AWD,67.8,72.6,225,2100,0.29,2.42,0.0112,93,631,27.1,11.9,0,2,0,1,5,2.2,-2,Hill_Station,0.577,117.5,45.0
Hyundai,Ioniq 5,Long Range AWD,62.4,72.6,225,2100,0.29,2.42,0.0112,93,631,23.2,8.7,0,2,0,1,2,4.7,-2,Hill_Station,0.496,125.8,45.0
Hyundai,Ioniq 5,Long Range AWD,64.5,72.6,225,2100,0.29,2.42,0.011,93,631,37.6,17.6,0,2,2,1,4,3.7,0,Hill_Station,1.0222,63.1,45.0
Hyundai,Ioniq 5,Long Range AWD,65.2,72.6,225,2100,0.29,2.42,0.0112,93,631,30.2,25.8,0,2,1,2,1,3.4,-2,Hill_Station,0.6619,98.5,45.0
Hyundai,Ioniq 5,Long Range AWD,63.0,72.6,225,2100,0.29,2.42,0.0112,93,631,22.0,6.8,0,2,1,0,2,4.4,-2,Hill_Station,0.6597,95.5,45.0
Hyundai,Ioniq 5,Long Range AWD,62.6,72.6,225,2100,0.29,2.42,0.0112,93,631,30.5,15.1,0,2,2,0,2,4.6,-2,Hill_Station,0.9007,69.5,45.0
Hyundai,Ioniq 5,Long Range AWD,65.2,72.6,225,2100,0.29,2.42,0.0116,93,631,39.1,25.9,0,2,2,1,1,3.4,-5,Hill_Station,1.0124,64.4,45.0
Hyundai,Ioniq 5,Long Range AWD,67.4,72.6,225,2100,0.29,2.42,0.0116,93,631,55.2,17.1,0,0,1,0,2,2.4,-5,Rural_Road,0.1124,599.4499999999999,45.0
Hyundai,Ioniq 5,Long Range AWD,65.2,72.6,225,2100,0.29,2.42,0.011,93,631,32.7,32.2,1,0,1,1,1,3.4,0,Rural_Road,0.1466,444.6,45.0
Hyundai,Ioniq 5,Long Range AWD,64.5,72.6,225,2100,0.29,2.42,0.011,93,631,48.0,44.9,0,0,1,1,1,3.7,0,Rural_Road,0.1129,571.1,45.0
Hyundai,Ioniq 5,Long Range AWD,64.3,72.6,225,2100,0.29,2.42,0.011,93,631,58.3,44.6,1,0,2,1,1,3.8,0,Rural_Road,0.3325,193.4,45.0
Hyundai,Ioniq 5,Long Range AWD,70.6,72.6,225,2100,0.29,2.42,0.011,93,631,32.8,40.3,1,0,0,1,3,0.9,0,Rural_Road,0.1447,487.8,45.0
Hyundai,Ioniq 5,Long Range AWD,62.6,72.6,225,2100,0.29,2.42,0.011,93,631,42.4,31.2,0,0,0,2,3,4.6,0,Rural_Road,0.1044,599.4499999999999,45.0
Hyundai,Ioniq 5,Long Range AWD,63.9,72.6,225,2100,0.29,2.42,0.0112,93,631,33.3,36.3,1,0,1,1,3,4.0,-2,Rural_Road,0.1698,376.4,45.0
Hyundai,Ioniq 5,Long Range AWD,67.6,72.6,225,2100,0.29,2.42,0.011,93,631,34.7,20.3,0,0,0,1,3,2.3,0,Rural_Road,0.1128,599.4499999999999,45.0
Hyundai,Ioniq 5,Long Range AWD,69.1,72.6,225,2100,0.29,2.42,0.011,93,631,57.8,22.2,0,0,2,0,4,1.6,0,Rural_Road,0.1794,385.2,45.0
Hyundai,Ioniq 5,Long Range AWD,64.8,72.6,225,2100,0.29,2.42,0.0116,93,631,41.2,31.9,1,0,1,1,2,3.6,-5,Rural_Road,0.1474,439.6,45.0
Hyundai,Ioniq 5,Long Range AWD,66.1,72.6,225,2100,0.29,2.42,0.0116,93,631,26.7,24.2,0,2,0,1,1,3.0,-5,Ghat_Road,0.4574,144.5,45.0
Hyundai,Ioniq 5,Long Range AWD,71.9,72.6,225,2100,0.29,2.42,0.0116,93,631,24.8,32.8,0,2,1,0,1,0.3,-5,Ghat_Road,0.578,124.4,45.0
Hyundai,Ioniq 5,Long Range AWD,69.3,72.6,225,2100,0.29,2.42,0.011,93,631,29.4,21.6,0,2,2,1,1,1.5,0,Ghat_Road,1.0728,64.6,45.0
Hyundai,Ioniq 5,Long Range AWD,68.7,72.6,225,2100,0.29,2.42,0.011,93,631,34.2,24.5,0,2,1,0,2,1.8,0,Ghat_Road,0.5585,123.0,45.0
Hyundai,Ioniq 5,Long Range AWD,68.5,72.6,225,2100,0.29,2.42,0.011,93,631,15.7,20.9,0,2,1,1,4,1.9,0,Ghat_Road,0.6127,111.8,45.0
Hyundai,Ioniq 5,Long Range AWD,72.4,72.6,225,2100,0.29,2.42,0.0112,93,631,23.0,31.1,0,2,0,1,2,0.1,-2,Ghat_Road,0.4553,159.0,45.0
Hyundai,Ioniq 5,Long Range AWD,68.5,72.6,225,2100,0.29,2.42,0.0112,93,631,16.3,26.2,1,2,1,2,1,1.9,-2,Ghat_Road,0.7241,94.6,45.0
Hyundai,Ioniq 5,Long Range AWD,69.3,72.6,225,2100,0.29,2.42,0.0112,93,631,33.4,30.5,0,2,2,2,1,1.5,-2,Ghat_Road,1.0983,63.1,45.0
Hyundai,Ioniq 5,Long Range AWD,67.4,72.6,225,2100,0.29,2.42,0.0116,93,631,34.2,14.2,0,2,0,1,2,2.4,-5,Ghat_Road,0.4916,137.1,45.0
Hyundai,Ioniq 5,Long Range AWD,63.5,72.6,225,2100,0.29,2.42,0.0112,93,631,28.9,12.3,0,2,1,1,3,4.2,-2,Ghat_Road,0.6741,94.2,45.0
Hyundai,Ioniq 5,Long Range AWD,67.8,72.6,225,2100,0.29,2.42,0.0116,93,631,29.1,17.7,0,2,1,1,3,2.2,-5,Ghat_Road,0.6336,107.0,45.0
Hyundai,Ioniq 5,Long Range RWD,71.5,72.6,160,1980,0.29,2.42,0.0112,93,631,33.8,36.6,1,0,1,1,2,0.5,-2,Delhi,0.1812,394.5,42.0
Hyundai,Ioniq 5,Long Range RWD,70.2,72.6,160,1980,0.29,2.42,0.011,93,631,33.9,26.2,0,0,1,1,1,1.1,0,Delhi,0.1171,599.4499999999999,42.0
Hyundai,Ioniq 5,Long Range RWD,66.9,72.6,160,1980,0.29,2.42,0.011,93,631,22.7,14.3,1,0,1,1,3,2.6,0,Delhi,0.1375,486.7,42.0
Hyundai,Ioniq 5,Long Range RWD,65.0,72.6,160,1980,0.29,2.42,0.011,93,631,18.9,12.2,0,0,1,1,1,3.5,0,Delhi,0.1095,593.7,42.0
Hyundai,Ioniq 5,Long Range RWD,65.2,72.6,160,1980,0.29,2.42,0.0116,93,631,16.0,18.8,0,0,2,0,1,3.4,-5,Delhi,0.1688,386.2,42.0
Hyundai,Ioniq 5,Long Range RWD,69.6,72.6,160,1980,0.29,2.42,0.011,93,631,20.6,33.5,0,0,2,1,2,1.4,0,Delhi,0.1631,426.8,42.0
Hyundai,Ioniq 5,Long Range RWD,71.1,72.6,160,1980,0.29,2.42,0.011,93,631,33.0,19.1,0,0,2,0,1,0.7,0,Delhi,0.1689,420.9,42.0
Hyundai,Ioniq 5,Long Range RWD,67.8,72.6,160,1980,0.29,2.42,0.0112,93,631,33.7,21.5,0,0,1,0,3,2.2,2,Delhi,0.1131,599.4499999999999,42.0
Hyundai,Ioniq 5,Long Range RWD,71.1,72.6,160,1980,0.29,2.42,0.0112,93,631,20.7,37.4,0,0,1,2,4,0.7,2,Delhi,0.1356,524.3,42.0
Hyundai,Ioniq 5,Long Range RWD,71.3,72.6,160,1980,0.29,2.42,0.0112,93,631,17.8,22.9,0,0,2,0,1,0.6,-2,Delhi,0.1521,468.9,42.0
Hyundai,Ioniq 5,Long Range RWD,72.4,72.6,160,1980,0.29,2.42,0.011,93,631,31.2,24.9,1,0,1,1,1,0.1,0,Delhi,0.1232,587.7,42.0
Hyundai,Ioniq 5,Long Range RWD,62.8,72.6,160,1980,0.29,2.42,0.0112,93,631,17.9,33.6,0,0,2,1,1,4.5,-2,Mumbai,0.1778,353.3,42.0
Hyundai,Ioniq 5,Long Range RWD,66.9,72.6,160,1980,0.29,2.42,0.011,93,631,15.7,34.5,1,0,0,2,4,2.6,0,Mumbai,0.1966,340.3,42.0
Hyundai,Ioniq 5,Long Range RWD,67.8,72.6,160,1980,0.29,2.42,0.0112,93,631,15.8,18.1,1,0,1,1,1,2.2,-2,Mumbai,0.1318,514.4,42.0
Hyundai,Ioniq 5,Long Range RWD,72.6,72.6,160,1980,0.29,2.42,0.011,93,631,25.9,24.9,0,0,1,1,2,0.0,0,Mumbai,0.1211,599.4499999999999,42.0
Hyundai,Ioniq 5,Long Range RWD,62.8,72.6,160,1980,0.29,2.42,0.0112,93,631,14.5,22.7,0,0,2,1,4,4.5,-2,Mumbai,0.1881,333.8,42.0
Hyundai,Ioniq 5,Long Range RWD,66.5,72.6,160,1980,0.29,2.42,0.0116,93,631,28.5,26.5,0,0,2,1,1,2.8,-5,Mumbai,0.1776,374.5,42.0
Hyundai,Ioniq 5,Long Range RWD,66.3,72.6,160,1980,0.29,2.42,0.0119,93,631,12.5,19.2,0,0,2,1,3,2.9,-8,Mumbai,0.2018,328.6,42.0
Hyundai,Ioniq 5,Long Range RWD,69.1,72.6,160,1980,0.29,2.42,0.011,93,631,15.2,19.7,0,0,2,1,2,1.6,0,Mumbai,0.1814,380.9,42.0
Hyundai,Ioniq 5,Long Range RWD,65.8,72.6,160,1980,0.29,2.42,0.0119,93,631,27.7,34.2,1,0,1,2,3,3.1,-8,Mumbai,0.2056,320.0,42.0
Hyundai,Ioniq 5,Long Range RWD,63.9,72.6,160,1980,0.29,2.42,0.0116,93,631,23.1,31.0,1,0,2,2,3,4.0,-5,Mumbai,0.337,189.6,42.0
Hyundai,Ioniq 5,Long Range RWD,72.4,72.6,160,1980,0.29,2.42,0.011,93,631,24.2,17.1,0,1,1,2,3,0.1,0,Bangalore,0.3671,197.2,42.0
Hyundai,Ioniq 5,Long Range RWD,62.1,72.6,160,1980,0.29,2.42,0.011,93,631,18.2,26.7,0,1,1,1,1,4.8,0,Bangalore,0.2963,209.6,42.0
Hyundai,Ioniq 5,Long Range RWD,63.0,72.6,160,1980,0.29,2.42,0.0116,93,631,24.5,31.4,0,1,2,1,5,4.4,-5,Bangalore,0.5915,106.5,42.0
Hyundai,Ioniq 5,Long Range RWD,67.8,72.6,160,1980,0.29,2.42,0.011,93,631,18.3,28.2,0,1,0,2,3,2.2,0,Bangalore,0.2789,243.1,42.0
Hyundai,Ioniq 5,Long Range RWD,68.5,72.6,160,1980,0.29,2.42,0.0112,93,631,30.6,30.0,1,1,0,0,2,1.9,2,Bangalore,0.2509,273.0,42.0
Hyundai,Ioniq 5,Long Range RWD,69.3,72.6,160,1980,0.29,2.42,0.011,93,631,27.7,27.8,0,1,1,1,1,1.5,0,Bangalore,0.3226,214.8,42.0
Hyundai,Ioniq 5,Long Range RWD,68.5,72.6,160,1980,0.29,2.42,0.0116,93,631,31.3,23.3,0,1,2,1,3,1.9,-5,Bangalore,0.5556,123.3,42.0
Hyundai,Ioniq 5,Long Range RWD,70.9,72.6,160,1980,0.29,2.42,0.011,93,631,24.1,29.6,0,1,2,0,4,0.8,0,Bangalore,0.461,153.8,42.0
Hyundai,Ioniq 5,Long Range RWD,66.3,72.6,160,1980,0.29,2.42,0.0116,93,631,27.7,24.2,0,1,1,0,1,2.9,-5,Bangalore,0.2694,246.1,42.0
Hyundai,Ioniq 5,Long Range RWD,69.6,72.6,160,1980,0.29,2.42,0.0112,93,631,19.3,24.4,0,1,2,1,4,1.4,-2,Bangalore,0.5923,117.5,42.0
Hyundai,Ioniq 5,Long Range RWD,66.9,72.6,160,1980,0.29,2.42,0.0116,93,631,16.2,37.9,1,0,2,1,4,2.6,-5,Chennai,0.4155,161.0,42.0
Hyundai,Ioniq 5,Long Range RWD,72.4,72.6,160,1980,0.29,2.42,0.011,93,631,33.2,29.9,0,0,0,1,2,0.1,0,Chennai,0.1208,599.4499999999999,42.0
Hyundai,Ioniq 5,Long Range RWD,66.9,72.6,160,1980,0.29,2.42,0.0116,93,631,33.1,28.6,0,0,2,0,4,2.6,-5,Chennai,0.1858,360.1,42.0
Hyundai,Ioniq 5,Long Range RWD,65.4,72.6,160,1980,0.29,2.42,0.0112,93,631,24.4,22.3,0,0,0,1,2,3.3,2,Chennai,0.1091,599.4499999999999,42.0
Hyundai,Ioniq 5,Long Range RWD,65.6,72.6,160,1980,0.29,2.42,0.0116,93,631,32.8,34.3,1,0,2,2,4,3.2,-5,Chennai,0.3047,215.3,42.0
Hyundai,Ioniq 5,Long Range RWD,63.7,72.6,160,1980,0.29,2.42,0.0112,93,631,21.1,29.6,1,0,2,1,2,4.1,-2,Chennai,0.2324,274.1,42.0
Hyundai,Ioniq 5,Long Range RWD,70.0,72.6,160,1980,0.29,2.42,0.0116,93,631,31.0,39.2,0,0,2,1,4,1.2,-5,Chennai,0.1863,375.8,42.0
Hyundai,Ioniq 5,Long Range RWD,68.2,72.6,160,1980,0.29,2.42,0.0119,93,631,28.1,36.9,0,0,1,1,2,2.0,-8,Chennai,0.1138,599.4499999999999,42.0
Hyundai,Ioniq 5,Long Range RWD,61.9,72.6,160,1980,0.29,2.42,0.0112,93,631,22.1,23.5,0,1,2,1,2,4.9,-2,Pune,0.5378,115.1,42.0
Hyundai,Ioniq 5,Long Range RWD,68.7,72.6,160,1980,0.29,2.42,0.0119,93,631,37.9,22.0,0,1,1,0,2,1.8,-8,Pune,0.2798,245.5,42.0
Hyundai,Ioniq 5,Long Range RWD,70.6,72.6,160,1980,0.29,2.42,0.0119,93,631,23.8,38.1,0,1,2,2,2,0.9,-8,Pune,0.5968,118.3,42.0
Hyundai,Ioniq 5,Long Range RWD,70.6,72.6,160,1980,0.29,2.42,0.011,93,631,33.7,31.9,0,1,1,0,1,0.9,0,Pune,0.2769,255.0,42.0
Hyundai,Ioniq 5,Long Range RWD,71.5,72.6,160,1980,0.29,2.42,0.0116,93,631,33.9,18.9,0,1,2,1,4,0.5,-5,Pune,0.6085,117.5,42.0
Hyundai,Ioniq 5,Long Range RWD,66.1,72.6,160,1980,0.29,2.42,0.011,93,631,18.4,19.2,0,1,1,1,2,3.0,0,Pune,0.3013,219.4,42.0
Hyundai,Ioniq 5,Long Range RWD,71.7,72.6,160,1980,0.29,2.42,0.0112,93,631,34.7,38.7,1,1,1,0,2,0.4,2,Pune,0.3542,202.4,42.0
Hyundai,Ioniq 5,Long Range RWD,66.5,72.6,160,1980,0.29,2.42,0.0119,93,631,30.1,28.0,0,1,1,2,1,2.8,-8,Pune,0.3654,182.0,42.0
Hyundai,Ioniq 5,Long Range RWD,70.2,72.6,160,1980,0.29,2.42,0.0112,93,631,20.7,17.8,0,1,2,1,1,1.1,-2,Pune,0.4968,141.3,42.0
Hyundai,Ioniq 5,Long Range RWD,66.5,72.6,160,1980,0.29,2.42,0.0112,93,631,28.8,12.6,0,1,2,1,1,2.8,-2,Pune,0.5617,118.4,42.0
Hyundai,Ioniq 5,Long Range RWD,65.2,72.6,160,1980,0.29,2.42,0.0116,93,631,30.4,31.1,0,1,2,1,4,3.4,-5,Pune,0.5318,122.6,42.0
Hyundai,Ioniq 5,Long Range RWD,65.2,72.6,160,1980,0.29,2.42,0.011,93,631,28.5,16.7,0,1,1,1,1,3.4,0,Pune,0.297,219.5,42.0
Hyundai,Ioniq 5,Long Range RWD,71.5,72.6,160,1980,0.29,2.42,0.011,93,631,23.2,28.4,1,0,2,1,1,0.5,0,Hyderabad,0.2475,288.9,42.0
Hyundai,Ioniq 5,Long Range RWD,61.7,72.6,160,1980,0.29,2.42,0.0116,93,631,28.1,32.2,1,0,1,0,5,5.0,-5,Hyderabad,0.1744,353.7,42.0
Hyundai,Ioniq 5,Long Range RWD,71.1,72.6,160,1980,0.29,2.42,0.0112,93,631,17.6,35.4,1,0,1,1,1,0.7,-2,Hyderabad,0.2373,299.6,42.0
Hyundai,Ioniq 5,Long Range RWD,62.8,72.6,160,1980,0.29,2.42,0.011,93,631,32.4,15.3,0,0,2,0,1,4.5,0,Hyderabad,0.1653,379.9,42.0
Hyundai,Ioniq 5,Long Range RWD,62.6,72.6,160,1980,0.29,2.42,0.011,93,631,21.6,39.9,1,0,2,2,3,4.6,0,Hyderabad,0.4182,149.7,42.0
Hyundai,Ioniq 5,Long Range RWD,61.7,72.6,160,1980,0.29,2.42,0.011,93,631,25.3,36.9,0,0,2,0,2,5.0,0,Hyderabad,0.1644,375.2,42.0
Hyundai,Ioniq 5,Long Range RWD,63.0,72.6,160,1980,0.29,2.42,0.0119,93,631,22.3,15.6,0,0,1,1,2,4.4,-8,Hyderabad,0.114,552.4,42.0
Hyundai,Ioniq 5,Long Range RWD,71.5,72.6,160,1980,0.29,2.42,0.011,93,631,15.2,37.9,1,0,1,2,2,0.5,0,Hyderabad,0.2922,244.7,42.0
Hyundai,Ioniq 5,Long Range RWD,68.2,72.6,160,1980,0.29,2.42,0.011,93,631,17.8,21.0,0,0,2,1,1,2.0,0,Hyderabad,0.172,396.4,42.0
Hyundai,Ioniq 5,Long Range RWD,70.4,72.6,160,1980,0.29,2.42,0.0116,93,631,18.2,28.2,1,0,0,0,3,1.0,-5,Hyderabad,0.1174,599.4499999999999,42.0
Hyundai,Ioniq 5,Long Range RWD,71.7,72.6,160,1980,0.29,2.42,0.011,93,631,17.3,17.6,0,0,2,1,4,0.4,0,Hyderabad,0.191,375.4,42.0
Hyundai,Ioniq 5,Long Range RWD,69.8,72.6,160,1980,0.29,2.42,0.0112,93,631,33.5,40.0,1,0,1,2,4,1.3,2,Hyderabad,0.2444,285.6,42.0
Hyundai,Ioniq 5,Long Range RWD,71.7,72.6,160,1980,0.29,2.42,0.0119,93,631,17.4,20.1,0,0,2,0,2,0.4,-8,Kolkata,0.1674,428.4,42.0
Hyundai,Ioniq 5,Long Range RWD,64.1,72.6,160,1980,0.29,2.42,0.0116,93,631,17.1,27.0,0,0,2,0,2,3.9,-5,Kolkata,0.1574,407.3,42.0
Hyundai,Ioniq 5,Long Range RWD,70.2,72.6,160,1980,0.29,2.42,0.011,93,631,20.2,14.8,0,0,2,1,2,1.1,0,Kolkata,0.1965,357.3,42.0
Hyundai,Ioniq 5,Long Range RWD,61.9,72.6,160,1980,0.29,2.42,0.0119,93,631,14.2,28.9,0,0,1,0,4,4.9,-8,Kolkata,0.1042,593.8,42.0
Hyundai,Ioniq 5,Long Range RWD,65.2,72.6,160,1980,0.29,2.42,0.0116,93,631,16.1,28.6,0,0,1,0,2,3.4,-5,Kolkata,0.1088,599.4499999999999,42.0
Hyundai,Ioniq 5,Long Range RWD,63.9,72.6,160,1980,0.29,2.42,0.0112,93,631,13.6,24.1,0,0,2,1,2,4.0,-2,Kolkata,0.1683,379.6,42.0
Hyundai,Ioniq 5,Long Range RWD,66.1,72.6,160,1980,0.29,2.42,0.0116,93,631,18.9,23.4,0,0,2,1,1,3.0,-5,Kolkata,0.1594,414.7,42.0
Hyundai,Ioniq 5,Long Range RWD,66.3,72.6,160,1980,0.29,2.42,0.0119,93,631,19.4,35.3,0,0,1,1,1,2.9,-8,Kolkata,0.1162,570.4,42.0
Hyundai,Ioniq 5,Long Range RWD,72.4,72.6,160,1980,0.29,2.42,0.0112,93,631,20.1,15.8,0,0,2,1,2,0.1,-2,Kolkata,0.1733,417.7,42.0
Hyundai,Ioniq 5,Long Range RWD,69.3,72.6,160,1980,0.29,2.42,0.0112,93,631,23.8,13.6,0,0,2,2,1,1.5,-2,Kolkata,0.2165,320.1,42.0
Hyundai,Ioniq 5,Long Range RWD,69.6,72.6,160,1980,0.29,2.42,0.011,93,631,15.9,24.3,0,0,2,1,1,1.4,0,Kolkata,0.1823,381.8,42.0
Hyundai,Ioniq 5,Long Range RWD,67.6,72.6,160,1980,0.29,2.42,0.011,93,631,88.0,21.9,0,0,0,1,1,2.3,0,Highway_NH,0.1353,499.7,42.0
Hyundai,Ioniq 5,Long Range RWD,67.6,72.6,160,1980,0.29,2.42,0.0119,93,631,74.9,43.3,0,0,0,0,1,2.3,-8,Highway_NH,0.1243,544.0,42.0
Hyundai,Ioniq 5,Long Range RWD,68.9,72.6,160,1980,0.29,2.42,0.011,93,631,88.3,28.4,1,0,2,1,1,1.7,0,Highway_NH,0.3278,210.2,42.0
Hyundai,Ioniq 5,Long Range RWD,66.5,72.6,160,1980,0.29,2.42,0.011,93,631,99.8,17.6,0,0,1,0,2,2.8,0,Highway_NH,0.1929,344.8,42.0
Hyundai,Ioniq 5,Long Range RWD,63.5,72.6,160,1980,0.29,2.42,0.011,93,631,97.5,27.7,1,0,0,0,4,4.2,0,Highway_NH,0.1375,461.7,42.0
Hyundai,Ioniq 5,Long Range RWD,67.2,72.6,160,1980,0.29,2.42,0.011,93,631,85.7,17.9,0,0,0,2,4,2.5,0,Highway_NH,0.147,457.2,42.0
Hyundai,Ioniq 5,Long Range RWD,70.9,72.6,160,1980,0.29,2.42,0.011,93,631,79.8,34.3,0,0,1,1,3,0.8,0,Highway_NH,0.1629,435.2,42.0
Hyundai,Ioniq 5,Long Range RWD,70.2,72.6,160,1980,0.29,2.42,0.0116,93,631,85.1,36.3,1,0,0,1,5,1.1,-5,Highway_NH,0.1644,427.1,42.0
Hyundai,Ioniq 5,Long Range RWD,68.5,72.6,160,1980,0.29,2.42,0.011,93,631,95.0,43.5,0,0,0,1,3,1.9,0,Highway_NH,0.1471,465.6,42.0
Hyundai,Ioniq 5,Long Range RWD,67.6,72.6,160,1980,0.29,2.42,0.0112,93,631,91.0,35.1,0,0,0,1,1,2.3,-2,Highway_NH,0.149,453.6,42.0
Hyundai,Ioniq 5,Long Range RWD,71.5,72.6,160,1980,0.29,2.42,0.0112,93,631,76.5,15.1,0,0,2,2,4,0.5,-2,Highway_NH,0.3144,227.4,42.0
Hyundai,Ioniq 5,Long Range RWD,71.9,72.6,160,1980,0.29,2.42,0.0112,93,631,98.6,28.7,0,0,0,1,1,0.3,2,Expressway,0.155,464.0,42.0
Hyundai,Ioniq 5,Long Range RWD,68.0,72.6,160,1980,0.29,2.42,0.0112,93,631,85.2,23.2,0,0,1,1,4,2.1,-2,Expressway,0.1777,382.6,42.0
Hyundai,Ioniq 5,Long Range RWD,71.5,72.6,160,1980,0.29,2.42,0.0112,93,631,109.6,18.4,0,0,0,1,1,0.5,-2,Expressway,0.1842,388.2,42.0
Hyundai,Ioniq 5,Long Range RWD,63.5,72.6,160,1980,0.29,2.42,0.0112,93,631,96.2,23.1,0,0,0,1,4,4.2,-2,Expressway,0.1506,421.6,42.0
Hyundai,Ioniq 5,Long Range RWD,67.8,72.6,160,1980,0.29,2.42,0.011,93,631,117.1,31.0,1,0,1,0,2,2.2,0,Expressway,0.2642,256.6,42.0
Hyundai,Ioniq 5,Long Range RWD,71.7,72.6,160,1980,0.29,2.42,0.0112,93,631,88.2,38.3,1,0,1,1,1,0.4,-2,Expressway,0.2163,331.5,42.0
Hyundai,Ioniq 5,Long Range RWD,67.2,72.6,160,1980,0.29,2.42,0.0112,93,631,82.3,44.4,1,0,1,1,3,2.5,-2,Expressway,0.2187,307.3,42.0
Hyundai,Ioniq 5,Long Range RWD,68.7,72.6,160,1980,0.29,2.42,0.011,93,631,107.4,30.1,0,0,0,0,3,1.8,0,Expressway,0.151,455.1,42.0
Hyundai,Ioniq 5,Long Range RWD,64.8,72.6,160,1980,0.29,2.42,0.011,93,631,24.4,26.5,0,2,2,2,1,3.6,0,Hill_Station,1.0269,63.1,42.0
Hyundai,Ioniq 5,Long Range RWD,63.5,72.6,160,1980,0.29,2.42,0.0112,93,631,23.9,5.8,0,2,2,1,5,4.2,-2,Hill_Station,1.0063,63.1,42.0
Hyundai,Ioniq 5,Long Range RWD,72.6,72.6,160,1980,0.29,2.42,0.011,93,631,26.2,25.4,0,2,0,1,2,0.0,0,Hill_Station,0.5189,139.9,42.0
Hyundai,Ioniq 5,Long Range RWD,67.6,72.6,160,1980,0.29,2.42,0.0112,93,631,24.6,14.3,0,2,0,2,2,2.3,-2,Hill_Station,0.5748,117.6,42.0
Hyundai,Ioniq 5,Long Range RWD,65.6,72.6,160,1980,0.29,2.42,0.011,93,631,38.1,25.9,1,2,1,1,1,3.2,0,Hill_Station,0.6701,97.9,42.0
Hyundai,Ioniq 5,Long Range RWD,63.2,72.6,160,1980,0.29,2.42,0.0112,93,631,33.1,26.6,1,2,2,0,2,4.3,2,Hill_Station,1.0016,63.1,42.0
Hyundai,Ioniq 5,Long Range RWD,71.7,72.6,160,1980,0.29,2.42,0.011,93,631,36.1,5.8,0,2,1,2,1,0.4,0,Hill_Station,0.7984,89.8,42.0
Hyundai,Ioniq 5,Long Range RWD,63.9,72.6,160,1980,0.29,2.42,0.011,93,631,30.6,15.4,0,2,2,2,2,4.0,0,Hill_Station,1.0127,63.1,42.0
Hyundai,Ioniq 5,Long Range RWD,65.4,72.6,160,1980,0.29,2.42,0.0116,93,631,30.4,24.0,0,2,2,2,4,3.3,-5,Hill_Station,1.0365,63.1,42.0
Hyundai,Ioniq 5,Long Range RWD,68.5,72.6,160,1980,0.29,2.42,0.0116,93,631,21.6,14.6,0,2,2,2,4,1.9,-5,Hill_Station,1.0856,63.1,42.0
Hyundai,Ioniq 5,Long Range RWD,71.3,72.6,160,1980,0.29,2.42,0.011,93,631,25.2,6.5,0,2,1,0,3,0.6,0,Hill_Station,0.7691,92.7,42.0
Hyundai,Ioniq 5,Long Range RWD,68.0,72.6,160,1980,0.29,2.42,0.0112,93,631,39.3,9.8,0,2,2,1,2,2.1,-2,Hill_Station,1.0777,63.1,42.0
Hyundai,Ioniq 5,Long Range RWD,61.9,72.6,160,1980,0.29,2.42,0.0112,93,631,32.5,17.1,0,0,0,1,2,4.9,-2,Rural_Road,0.1033,599.4499999999999,42.0
Hyundai,Ioniq 5,Long Range RWD,69.1,72.6,160,1980,0.29,2.42,0.0116,93,631,33.0,33.3,0,0,1,0,1,1.6,-5,Rural_Road,0.1153,599.4499999999999,42.0
Hyundai,Ioniq 5,Long Range RWD,71.9,72.6,160,1980,0.29,2.42,0.0112,93,631,41.0,19.1,0,0,1,1,3,0.3,-2,Rural_Road,0.1328,541.5,42.0
Hyundai,Ioniq 5,Long Range RWD,63.5,72.6,160,1980,0.29,2.42,0.011,93,631,58.9,31.1,0,0,2,1,1,4.2,0,Rural_Road,0.2146,295.9,42.0
Hyundai,Ioniq 5,Long Range RWD,65.2,72.6,160,1980,0.29,2.42,0.011,93,631,51.8,14.9,0,0,0,1,3,3.4,0,Rural_Road,0.1088,599.4499999999999,42.0
Hyundai,Ioniq 5,Long Range RWD,67.8,72.6,160,1980,0.29,2.42,0.011,93,631,59.2,14.3,1,0,1,0,1,2.2,0,Rural_Road,0.1286,527.3,42.0
Hyundai,Ioniq 5,Long Range RWD,66.7,72.6,160,1980,0.29,2.42,0.0112,93,631,43.3,19.3,0,0,1,0,4,2.7,2,Rural_Road,0.1113,599.4499999999999,42.0
Hyundai,Ioniq 5,Long Range RWD,68.7,72.6,160,1980,0.29,2.42,0.0112,93,631,50.1,22.3,0,0,0,0,2,1.8,-2,Rural_Road,0.1146,599.4499999999999,42.0
Hyundai,Ioniq 5,Long Range RWD,61.7,72.6,160,1980,0.29,2.42,0.0112,93,631,18.3,25.7,1,2,1,1,2,5.0,-2,Ghat_Road,0.7125,86.6,42.0
Hyundai,Ioniq 5,Long Range RWD,67.8,72.6,160,1980,0.29,2.42,0.0119,93,631,21.9,17.8,0,2,0,2,2,2.2,-8,Ghat_Road,0.586,115.7,42.0
Hyundai,Ioniq 5,Long Range RWD,71.5,72.6,160,1980,0.29,2.42,0.011,93,631,21.7,14.5,0,2,0,0,4,0.5,0,Ghat_Road,0.4831,148.0,42.0
Hyundai,Ioniq 5,Long Range RWD,68.5,72.6,160,1980,0.29,2.42,0.0112,93,631,29.5,25.4,0,2,2,0,2,1.9,2,Ghat_Road,0.9648,71.0,42.0
Hyundai,Ioniq 5,Long Range RWD,65.2,72.6,160,1980,0.29,2.42,0.0112,93,631,33.4,32.2,1,2,1,1,3,3.4,-2,Ghat_Road,0.7913,82.4,42.0
Hyundai,Ioniq 5,Long Range RWD,66.1,72.6,160,1980,0.29,2.42,0.011,93,631,17.2,31.8,1,2,0,1,2,3.0,0,Ghat_Road,0.5602,118.0,42.0
Hyundai,Ioniq 5,Long Range RWD,72.4,72.6,160,1980,0.29,2.42,0.0116,93,631,34.9,24.1,0,2,2,1,1,0.1,-5,Ghat_Road,1.0154,71.3,42.0
Hyundai,Ioniq 5,Long Range RWD,62.6,72.6,160,1980,0.29,2.42,0.011,93,631,27.8,28.7,0,2,0,1,2,4.6,0,Ghat_Road,0.4553,137.5,42.0
Hyundai,Ioniq 5,Long Range RWD,70.9,72.6,160,1980,0.29,2.42,0.0112,93,631,17.0,24.1,0,2,2,1,2,0.8,-2,Ghat_Road,1.1236,63.1,42.0
Hyundai,Creta EV,Long Range,46.5,51.4,135,1690,0.31,2.38,0.012,92,473,31.2,11.7,0,0,1,0,1,3.2,0,Delhi,0.1157,401.8,18.0
Hyundai,Creta EV,Long Range,46.9,51.4,135,1690,0.31,2.38,0.0122,92,473,21.0,31.7,1,0,2,2,2,2.9,-2,Delhi,0.3925,119.5,18.0
Hyundai,Creta EV,Long Range,49.2,51.4,135,1690,0.31,2.38,0.012,92,473,28.0,20.8,0,0,2,1,2,1.4,0,Delhi,0.1878,262.0,18.0
Hyundai,Creta EV,Long Range,48.0,51.4,135,1690,0.31,2.38,0.013,92,473,26.1,25.4,0,0,1,1,1,2.2,-8,Delhi,0.119,403.2,18.0
Hyundai,Creta EV,Long Range,44.6,51.4,135,1690,0.31,2.38,0.0126,92,473,23.9,28.8,0,0,2,1,3,4.4,-5,Delhi,0.2106,211.8,18.0
Hyundai,Creta EV,Long Range,48.9,51.4,135,1690,0.31,2.38,0.0122,92,473,18.0,12.6,0,0,2,2,2,1.6,-2,Delhi,0.2597,188.3,18.0
Hyundai,Creta EV,Long Range,43.8,51.4,135,1690,0.31,2.38,0.0126,92,473,29.3,10.9,0,0,2,1,4,4.9,-5,Delhi,0.2152,203.5,18.0
Hyundai,Creta EV,Long Range,48.6,51.4,135,1690,0.31,2.38,0.0126,92,473,29.3,45.7,1,0,2,1,1,1.8,-5,Delhi,0.4343,111.9,18.0
Hyundai,Creta EV,Long Range,49.4,51.4,135,1690,0.31,2.38,0.0126,92,473,30.7,42.9,1,0,2,0,2,1.3,-5,Delhi,0.3643,135.6,18.0
Hyundai,Creta EV,Long Range,48.2,51.4,135,1690,0.31,2.38,0.0122,92,473,22.1,38.5,0,0,2,0,1,2.1,-2,Delhi,0.164,293.9,18.0
Hyundai,Creta EV,Long Range,49.2,51.4,135,1690,0.31,2.38,0.0126,92,473,19.6,29.2,0,0,2,0,1,1.4,-5,Mumbai,0.1726,285.0,18.0
Hyundai,Creta EV,Long Range,49.5,51.4,135,1690,0.31,2.38,0.012,92,473,23.5,28.9,0,0,2,0,3,1.2,0,Mumbai,0.1897,261.0,18.0
Hyundai,Creta EV,Long Range,45.8,51.4,135,1690,0.31,2.38,0.0126,92,473,28.0,29.7,1,0,0,0,1,3.6,-5,Mumbai,0.1019,449.35,18.0
Hyundai,Creta EV,Long Range,46.6,51.4,135,1690,0.31,2.38,0.0122,92,473,23.7,36.6,0,0,2,2,1,3.1,-2,Mumbai,0.2079,224.2,18.0
Hyundai,Creta EV,Long Range,48.9,51.4,135,1690,0.31,2.38,0.0122,92,473,15.3,28.4,0,0,0,0,2,1.6,-2,Mumbai,0.1088,449.35,18.0
Hyundai,Creta EV,Long Range,47.5,51.4,135,1690,0.31,2.38,0.0126,92,473,20.0,25.5,1,0,1,1,1,2.5,-5,Mumbai,0.1765,269.1,18.0
Hyundai,Creta EV,Long Range,44.2,51.4,135,1690,0.31,2.38,0.0122,92,473,27.5,30.2,0,0,0,2,1,4.7,-2,Mumbai,0.0984,449.35,18.0
Hyundai,Creta EV,Long Range,45.1,51.4,135,1690,0.31,2.38,0.012,92,473,23.9,31.7,1,0,2,0,5,4.1,0,Mumbai,0.3338,135.1,18.0
Hyundai,Creta EV,Long Range,44.6,51.4,135,1690,0.31,2.38,0.012,92,473,29.4,25.3,0,0,2,0,2,4.4,0,Mumbai,0.1693,263.5,18.0
Hyundai,Creta EV,Long Range,44.0,51.4,135,1690,0.31,2.38,0.012,92,473,22.9,26.4,0,1,1,1,2,4.8,0,Bangalore,0.3451,127.5,18.0
Hyundai,Creta EV,Long Range,47.2,51.4,135,1690,0.31,2.38,0.0126,92,473,27.2,30.0,0,1,2,0,2,2.7,-5,Bangalore,0.4989,94.6,18.0
Hyundai,Creta EV,Long Range,51.1,51.4,135,1690,0.31,2.38,0.012,92,473,26.9,29.6,1,1,0,2,4,0.2,0,Bangalore,0.35,146.0,18.0
Hyundai,Creta EV,Long Range,45.2,51.4,135,1690,0.31,2.38,0.0122,92,473,18.6,35.1,0,1,2,0,2,4.0,-2,Bangalore,0.5256,86.0,18.0
Hyundai,Creta EV,Long Range,45.5,51.4,135,1690,0.31,2.38,0.0126,92,473,22.0,24.0,0,1,1,1,4,3.8,-5,Bangalore,0.3623,125.6,18.0
Hyundai,Creta EV,Long Range,45.7,51.4,135,1690,0.31,2.38,0.0126,92,473,26.0,34.9,0,1,1,1,4,3.7,-5,Bangalore,0.339,134.8,18.0
Hyundai,Creta EV,Long Range,47.9,51.4,135,1690,0.31,2.38,0.0126,92,473,20.6,22.7,0,1,0,0,2,2.3,-5,Bangalore,0.2168,220.9,18.0
Hyundai,Creta EV,Long Range,47.4,51.4,135,1690,0.31,2.38,0.012,92,473,34.4,25.3,0,1,1,0,2,2.6,0,Bangalore,0.2917,162.5,18.0
Hyundai,Creta EV,Long Range,48.2,51.4,135,1690,0.31,2.38,0.012,92,473,32.3,34.9,0,1,2,1,3,2.1,0,Bangalore,0.5528,87.2,18.0
Hyundai,Creta EV,Long Range,48.9,51.4,135,1690,0.31,2.38,0.012,92,473,28.5,34.3,1,1,1,2,2,1.6,0,Bangalore,0.4378,111.7,18.0
Hyundai,Creta EV,Long Range,44.0,51.4,135,1690,0.31,2.38,0.013,92,473,19.3,21.3,1,1,1,2,5,4.8,-8,Bangalore,0.4569,96.3,18.0
Hyundai,Creta EV,Long Range,46.3,51.4,135,1690,0.31,2.38,0.0122,92,473,30.8,30.3,0,0,1,1,3,3.3,2,Chennai,0.1142,405.4,18.0
Hyundai,Creta EV,Long Range,49.1,51.4,135,1690,0.31,2.38,0.013,92,473,23.4,39.6,1,0,2,0,2,1.5,-8,Chennai,0.346,141.9,18.0
Hyundai,Creta EV,Long Range,47.1,51.4,135,1690,0.31,2.38,0.013,92,473,18.6,31.3,1,0,2,1,2,2.8,-8,Chennai,0.3918,120.2,18.0
Hyundai,Creta EV,Long Range,49.7,51.4,135,1690,0.31,2.38,0.012,92,473,32.7,27.7,0,0,2,1,1,1.1,0,Chennai,0.1766,281.4,18.0
Hyundai,Creta EV,Long Range,50.9,51.4,135,1690,0.31,2.38,0.012,92,473,16.2,34.1,0,0,1,1,1,0.3,0,Chennai,0.1133,449.35,18.0
Hyundai,Creta EV,Long Range,50.5,51.4,135,1690,0.31,2.38,0.012,92,473,19.6,32.2,0,0,2,1,2,0.6,0,Chennai,0.1829,276.1,18.0
Hyundai,Creta EV,Long Range,50.5,51.4,135,1690,0.31,2.38,0.0122,92,473,28.7,27.9,0,0,2,0,2,0.6,-2,Chennai,0.1796,281.2,18.0
Hyundai,Creta EV,Long Range,45.7,51.4,135,1690,0.31,2.38,0.0122,92,473,30.2,27.8,0,0,2,0,2,3.7,-2,Chennai,0.1966,232.5,18.0
Hyundai,Creta EV,Long Range,50.6,51.4,135,1690,0.31,2.38,0.0122,92,473,21.0,35.5,1,0,1,1,1,0.5,-2,Chennai,0.2455,206.1,18.0
Hyundai,Creta EV,Long Range,46.8,51.4,135,1690,0.31,2.38,0.0126,92,473,20.6,32.0,1,0,0,1,2,3.0,-5,Chennai,0.1474,317.5,18.0
Hyundai,Creta EV,Long Range,45.1,51.4,135,1690,0.31,2.38,0.013,92,473,22.1,19.2,0,1,0,1,1,4.1,-8,Pune,0.238,189.5,18.0
Hyundai,Creta EV,Long Range,51.1,51.4,135,1690,0.31,2.38,0.013,92,473,31.9,20.9,0,1,0,2,1,0.2,-8,Pune,0.2646,193.1,18.0
Hyundai,Creta EV,Long Range,51.4,51.4,135,1690,0.31,2.38,0.0122,92,473,39.3,34.3,0,1,2,1,1,0.0,2,Pune,0.5563,92.4,18.0
Hyundai,Creta EV,Long Range,50.5,51.4,135,1690,0.31,2.38,0.0126,92,473,28.9,25.8,0,1,2,0,2,0.6,-5,Pune,0.48,105.2,18.0
Hyundai,Creta EV,Long Range,51.2,51.4,135,1690,0.31,2.38,0.012,92,473,31.6,30.9,1,1,2,1,4,0.1,0,Pune,0.6854,74.7,18.0
Hyundai,Creta EV,Long Range,46.0,51.4,135,1690,0.31,2.38,0.012,92,473,35.2,12.4,0,1,1,2,4,3.5,0,Pune,0.4505,102.1,18.0
Hyundai,Creta EV,Long Range,48.6,51.4,135,1690,0.31,2.38,0.0122,92,473,31.5,23.6,0,1,0,1,1,1.8,-2,Pune,0.2566,189.4,18.0
Hyundai,Creta EV,Long Range,48.6,51.4,135,1690,0.31,2.38,0.0122,92,473,22.9,29.8,0,1,2,1,2,1.8,-2,Pune,0.5388,90.2,18.0
Hyundai,Creta EV,Long Range,49.4,51.4,135,1690,0.31,2.38,0.0122,92,473,25.8,29.4,0,1,0,1,1,1.3,-2,Pune,0.2599,190.1,18.0
Hyundai,Creta EV,Long Range,44.2,51.4,135,1690,0.31,2.38,0.0122,92,473,27.7,18.3,0,1,1,1,2,4.7,2,Pune,0.3588,123.2,18.0
Hyundai,Creta EV,Long Range,46.3,51.4,135,1690,0.31,2.38,0.0122,92,473,19.1,37.4,1,1,0,0,1,3.3,-2,Pune,0.2887,160.4,18.0
Hyundai,Creta EV,Long Range,44.9,51.4,135,1690,0.31,2.38,0.0122,92,473,32.8,32.9,1,1,1,1,1,4.2,-2,Pune,0.3884,115.6,18.0
Hyundai,Creta EV,Long Range,47.4,51.4,135,1690,0.31,2.38,0.012,92,473,22.2,27.1,1,0,1,2,2,2.6,0,Hyderabad,0.1874,252.9,18.0
Hyundai,Creta EV,Long Range,50.8,51.4,135,1690,0.31,2.38,0.013,92,473,17.3,28.8,0,0,1,1,5,0.4,-8,Hyderabad,0.136,373.5,18.0
Hyundai,Creta EV,Long Range,45.7,51.4,135,1690,0.31,2.38,0.0122,92,473,29.8,40.0,1,0,0,1,2,3.7,2,Hyderabad,0.1789,255.5,18.0
Hyundai,Creta EV,Long Range,48.2,51.4,135,1690,0.31,2.38,0.0122,92,473,17.0,23.9,0,0,2,1,1,2.1,-2,Hyderabad,0.2042,236.1,18.0
Hyundai,Creta EV,Long Range,43.7,51.4,135,1690,0.31,2.38,0.012,92,473,34.6,29.3,0,0,2,1,1,5.0,0,Hyderabad,0.1786,244.7,18.0
Hyundai,Creta EV,Long Range,46.5,51.4,135,1690,0.31,2.38,0.012,92,473,29.2,32.6,1,0,2,1,4,3.2,0,Hyderabad,0.2943,158.0,18.0
Hyundai,Creta EV,Long Range,50.9,51.4,135,1690,0.31,2.38,0.0122,92,473,19.7,33.5,0,0,2,1,4,0.3,-2,Hyderabad,0.1972,258.1,18.0
Hyundai,Creta EV,Long Range,46.6,51.4,135,1690,0.31,2.38,0.012,92,473,31.2,36.9,1,0,1,1,2,3.1,0,Hyderabad,0.2154,216.3,18.0
Hyundai,Creta EV,Long Range,47.1,51.4,135,1690,0.31,2.38,0.0126,92,473,32.8,27.7,1,0,0,1,2,2.8,-5,Hyderabad,0.1092,431.2,18.0
Hyundai,Creta EV,Long Range,46.2,51.4,135,1690,0.31,2.38,0.012,92,473,28.6,22.8,0,0,1,0,4,3.4,0,Hyderabad,0.123,375.6,18.0
Hyundai,Creta EV,Long Range,46.5,51.4,135,1690,0.31,2.38,0.0126,92,473,14.7,15.4,1,0,2,1,1,3.2,-5,Kolkata,0.2304,201.8,18.0
Hyundai,Creta EV,Long Range,47.2,51.4,135,1690,0.31,2.38,0.0126,92,473,16.0,37.2,0,0,2,0,1,2.7,-5,Kolkata,0.1776,265.7,18.0
Hyundai,Creta EV,Long Range,45.8,51.4,135,1690,0.31,2.38,0.0122,92,473,25.8,13.8,0,0,2,1,4,3.6,-2,Kolkata,0.2507,182.7,18.0
Hyundai,Creta EV,Long Range,46.0,51.4,135,1690,0.31,2.38,0.0122,92,473,25.6,15.2,0,0,2,1,2,3.5,-2,Kolkata,0.2082,220.9,18.0
Hyundai,Creta EV,Long Range,47.2,51.4,135,1690,0.31,2.38,0.013,92,473,12.4,16.0,0,0,1,1,3,2.7,-8,Kolkata,0.125,377.6,18.0
Hyundai,Creta EV,Long Range,44.8,51.4,135,1690,0.31,2.38,0.0126,92,473,25.6,27.4,0,0,1,1,3,4.3,-5,Kolkata,0.1247,359.3,18.0
Hyundai,Creta EV,Long Range,50.2,51.4,135,1690,0.31,2.38,0.0126,92,473,26.1,32.2,1,0,2,1,2,0.8,-5,Kolkata,0.3385,148.3,18.0
Hyundai,Creta EV,Long Range,48.2,51.4,135,1690,0.31,2.38,0.013,92,473,17.0,36.0,0,0,2,1,2,2.1,-8,Kolkata,0.1906,252.9,18.0
Hyundai,Creta EV,Long Range,49.4,51.4,135,1690,0.31,2.38,0.012,92,473,96.8,29.8,0,0,2,1,3,1.3,0,Highway_NH,0.4053,121.9,18.0
Hyundai,Creta EV,Long Range,49.4,51.4,135,1690,0.31,2.38,0.0126,92,473,91.4,39.7,0,0,1,0,3,1.3,-5,Highway_NH,0.2061,239.7,18.0
Hyundai,Creta EV,Long Range,44.2,51.4,135,1690,0.31,2.38,0.0122,92,473,73.9,43.2,1,0,1,1,1,4.7,-2,Highway_NH,0.2239,197.4,18.0
Hyundai,Creta EV,Long Range,43.7,51.4,135,1690,0.31,2.38,0.012,92,473,98.7,29.1,0,0,1,0,2,5.0,0,Highway_NH,0.2096,208.5,18.0
Hyundai,Creta EV,Long Range,46.9,51.4,135,1690,0.31,2.38,0.0122,92,473,93.3,25.8,0,0,0,1,4,2.9,-2,Highway_NH,0.1815,258.4,18.0
Hyundai,Creta EV,Long Range,50.3,51.4,135,1690,0.31,2.38,0.012,92,473,80.5,40.5,1,0,2,0,3,0.7,0,Highway_NH,0.3709,135.6,18.0
Hyundai,Creta EV,Long Range,46.5,51.4,135,1690,0.31,2.38,0.0126,92,473,95.7,25.7,0,0,0,1,3,3.2,-5,Highway_NH,0.1649,282.0,18.0
Hyundai,Creta EV,Long Range,48.5,51.4,135,1690,0.31,2.38,0.012,92,473,91.7,35.1,1,0,0,1,3,1.9,0,Highway_NH,0.1709,283.8,18.0
Hyundai,Creta EV,Long Range,49.2,51.4,135,1690,0.31,2.38,0.013,92,473,103.0,17.2,0,0,0,1,4,1.4,-8,Expressway,0.1974,249.2,18.0
Hyundai,Creta EV,Long Range,49.2,51.4,135,1690,0.31,2.38,0.0126,92,473,114.3,27.0,0,0,0,0,4,1.4,-5,Expressway,0.2002,245.7,18.0
Hyundai,Creta EV,Long Range,49.4,51.4,135,1690,0.31,2.38,0.0122,92,473,114.0,42.3,1,0,0,1,1,1.3,-2,Expressway,0.2292,215.5,18.0
Hyundai,Creta EV,Long Range,50.3,51.4,135,1690,0.31,2.38,0.012,92,473,116.0,15.2,1,0,0,2,1,0.7,0,Expressway,0.2687,187.2,18.0
Hyundai,Creta EV,Long Range,47.4,51.4,135,1690,0.31,2.38,0.0122,92,473,112.9,18.4,0,0,1,1,1,2.6,2,Expressway,0.28,169.3,18.0
Hyundai,Creta EV,Long Range,48.3,51.4,135,1690,0.31,2.38,0.0122,92,473,96.1,31.4,0,0,0,1,5,2.0,-2,Expressway,0.1834,263.4,18.0
Hyundai,Creta EV,Long Range,50.8,51.4,135,1690,0.31,2.38,0.0126,92,473,90.1,30.8,0,0,0,1,2,0.4,-5,Expressway,0.1789,283.9,18.0
Hyundai,Creta EV,Long Range,47.5,51.4,135,1690,0.31,2.38,0.0122,92,473,85.2,35.7,0,0,0,1,1,2.5,-2,Expressway,0.1456,326.2,18.0
Hyundai,Creta EV,Long Range,47.7,51.4,135,1690,0.31,2.38,0.013,92,473,96.9,41.9,1,0,0,1,4,2.4,-8,Expressway,0.226,211.1,18.0
Hyundai,Creta EV,Long Range,45.8,51.4,135,1690,0.31,2.38,0.0126,92,473,99.8,24.4,0,0,0,1,3,3.6,-5,Expressway,0.1933,236.9,18.0
Hyundai,Creta EV,Long Range,51.1,51.4,135,1690,0.31,2.38,0.013,92,473,100.7,19.1,0,0,0,0,2,0.2,-8,Expressway,0.1784,286.5,18.0
Hyundai,Creta EV,Long Range,46.5,51.4,135,1690,0.31,2.38,0.0122,92,473,104.3,36.9,0,0,0,1,2,3.2,-2,Expressway,0.1877,247.7,18.0
Hyundai,Creta EV,Long Range,49.4,51.4,135,1690,0.31,2.38,0.013,92,473,33.4,18.0,0,2,0,2,1,1.3,-8,Hill_Station,0.5718,86.4,18.0
Hyundai,Creta EV,Long Range,46.9,51.4,135,1690,0.31,2.38,0.0126,92,473,24.3,9.3,0,2,2,0,4,2.9,-5,Hill_Station,0.9915,47.3,18.0
Hyundai,Creta EV,Long Range,51.1,51.4,135,1690,0.31,2.38,0.0126,92,473,32.2,21.5,0,2,1,1,1,0.2,-5,Hill_Station,0.6485,78.8,18.0
Hyundai,Creta EV,Long Range,48.5,51.4,135,1690,0.31,2.38,0.0122,92,473,35.0,19.1,0,2,2,0,1,1.9,-2,Hill_Station,0.9327,52.0,18.0
Hyundai,Creta EV,Long Range,45.8,51.4,135,1690,0.31,2.38,0.012,92,473,33.6,19.8,0,2,1,1,3,3.6,0,Hill_Station,0.7305,62.7,18.0
Hyundai,Creta EV,Long Range,49.1,51.4,135,1690,0.31,2.38,0.0122,92,473,34.1,16.4,0,2,0,1,5,1.5,-2,Hill_Station,0.5703,86.1,18.0
Hyundai,Creta EV,Long Range,49.4,51.4,135,1690,0.31,2.38,0.012,92,473,34.8,10.4,0,2,1,1,1,1.3,0,Hill_Station,0.7451,66.3,18.0
Hyundai,Creta EV,Long Range,50.2,51.4,135,1690,0.31,2.38,0.0126,92,473,21.5,8.9,0,2,0,2,2,0.8,-5,Hill_Station,0.6877,73.0,18.0
Hyundai,Creta EV,Long Range,47.4,51.4,135,1690,0.31,2.38,0.012,92,473,25.6,26.9,0,2,1,0,2,2.6,0,Hill_Station,0.6695,70.8,18.0
Hyundai,Creta EV,Long Range,44.3,51.4,135,1690,0.31,2.38,0.012,92,473,33.3,15.2,0,2,1,0,5,4.6,0,Hill_Station,0.7077,62.6,18.0
Hyundai,Creta EV,Long Range,48.3,51.4,135,1690,0.31,2.38,0.0126,92,473,22.7,12.8,0,2,1,2,1,2.0,-5,Hill_Station,0.8371,57.7,18.0
Hyundai,Creta EV,Long Range,46.0,51.4,135,1690,0.31,2.38,0.012,92,473,37.8,14.1,1,0,0,1,1,3.5,0,Rural_Road,0.1085,423.8,18.0
Hyundai,Creta EV,Long Range,46.6,51.4,135,1690,0.31,2.38,0.012,92,473,37.0,14.4,0,0,0,2,1,3.1,0,Rural_Road,0.1128,413.2,18.0
Hyundai,Creta EV,Long Range,43.8,51.4,135,1690,0.31,2.38,0.013,92,473,34.4,39.5,1,0,0,1,2,4.9,-8,Rural_Road,0.1526,287.1,18.0
Hyundai,Creta EV,Long Range,44.6,51.4,135,1690,0.31,2.38,0.0122,92,473,50.5,24.0,0,0,2,1,1,4.4,-2,Rural_Road,0.2361,188.9,18.0
Hyundai,Creta EV,Long Range,48.8,51.4,135,1690,0.31,2.38,0.0126,92,473,51.6,30.8,0,0,1,0,2,1.7,-5,Rural_Road,0.1409,346.4,18.0
Hyundai,Creta EV,Long Range,49.5,51.4,135,1690,0.31,2.38,0.012,92,473,54.8,37.2,1,0,0,0,2,1.2,0,Rural_Road,0.1223,404.9,18.0
Hyundai,Creta EV,Long Range,47.4,51.4,135,1690,0.31,2.38,0.012,92,473,48.5,38.6,1,0,1,1,3,2.6,0,Rural_Road,0.1958,242.1,18.0
Hyundai,Creta EV,Long Range,44.3,51.4,135,1690,0.31,2.38,0.0122,92,473,56.7,21.3,0,0,1,0,1,4.6,-2,Rural_Road,0.1202,368.4,18.0
Hyundai,Creta EV,Long Range,44.9,51.4,135,1690,0.31,2.38,0.0126,92,473,18.7,32.8,1,2,2,2,2,4.2,-5,Ghat_Road,0.9493,47.3,18.0
Hyundai,Creta EV,Long Range,48.3,51.4,135,1690,0.31,2.38,0.0122,92,473,22.1,14.4,0,2,0,2,3,2.0,2,Ghat_Road,0.6248,77.3,18.0
Hyundai,Creta EV,Long Range,50.8,51.4,135,1690,0.31,2.38,0.012,92,473,33.2,27.2,1,2,0,1,1,0.4,0,Ghat_Road,0.4861,104.5,18.0
Hyundai,Creta EV,Long Range,48.0,51.4,135,1690,0.31,2.38,0.0126,92,473,28.8,26.6,0,2,1,2,4,2.2,-5,Ghat_Road,0.9074,52.9,18.0
Hyundai,Creta EV,Long Range,44.8,51.4,135,1690,0.31,2.38,0.0126,92,473,19.9,13.1,0,2,1,0,2,4.3,-5,Ghat_Road,0.7344,61.0,18.0
Hyundai,Creta EV,Long Range,45.4,51.4,135,1690,0.31,2.38,0.012,92,473,16.8,25.2,0,2,1,1,2,3.9,0,Ghat_Road,0.6942,65.4,18.0
Hyundai,Creta EV,Long Range,46.8,51.4,135,1690,0.31,2.38,0.0126,92,473,29.1,19.4,0,2,1,2,1,3.0,-5,Ghat_Road,0.7622,61.4,18.0
Hyundai,Creta EV,Long Range,48.0,51.4,135,1690,0.31,2.38,0.013,92,473,31.5,24.7,0,2,2,1,2,2.2,-8,Ghat_Road,1.0148,47.3,18.0
Hyundai,Creta EV,Long Range,46.2,51.4,135,1690,0.31,2.38,0.012,92,473,20.1,33.5,1,2,1,1,3,3.4,0,Ghat_Road,0.8556,54.0,18.0
Hyundai,Creta EV,Long Range,50.6,51.4,135,1690,0.31,2.38,0.0122,92,473,30.5,21.9,0,2,0,0,3,0.5,2,Ghat_Road,0.4903,103.2,18.0
Hyundai,Creta EV,Medium Range,36.8,42.0,110,1620,0.31,2.38,0.0122,92,390,34.1,42.8,0,0,2,1,2,4.1,-2,Delhi,0.2277,161.6,15.0
Hyundai,Creta EV,Medium Range,35.8,42.0,110,1620,0.31,2.38,0.012,92,390,33.3,38.4,1,0,2,2,2,4.9,0,Delhi,0.3804,94.1,15.0
Hyundai,Creta EV,Medium Range,40.6,42.0,110,1620,0.31,2.38,0.0126,92,390,27.7,36.9,1,0,2,0,1,1.1,-5,Delhi,0.3222,126.0,15.0
Hyundai,Creta EV,Medium Range,39.7,42.0,110,1620,0.31,2.38,0.0126,92,390,27.7,15.1,0,0,1,0,1,1.8,-5,Delhi,0.1072,370.5,15.0
Hyundai,Creta EV,Medium Range,36.7,42.0,110,1620,0.31,2.38,0.012,92,390,15.4,21.7,0,0,2,2,5,4.2,0,Delhi,0.2608,140.7,15.0
Hyundai,Creta EV,Medium Range,37.8,42.0,110,1620,0.31,2.38,0.013,92,390,19.0,32.1,0,0,2,1,1,3.3,-8,Delhi,0.1871,202.0,15.0
Hyundai,Creta EV,Medium Range,39.0,42.0,110,1620,0.31,2.38,0.0122,92,390,18.2,44.9,1,0,2,0,2,2.4,-2,Delhi,0.4875,80.0,15.0
Hyundai,Creta EV,Medium Range,37.7,42.0,110,1620,0.31,2.38,0.012,92,390,24.7,10.9,0,0,1,0,1,3.4,0,Delhi,0.1116,337.9,15.0
Hyundai,Creta EV,Medium Range,41.5,42.0,110,1620,0.31,2.38,0.013,92,390,18.5,24.5,0,0,1,1,3,0.4,-8,Delhi,0.1317,315.0,15.0
Hyundai,Creta EV,Medium Range,36.1,42.0,110,1620,0.31,2.38,0.0126,92,390,26.9,27.7,0,0,2,2,5,4.7,-5,Delhi,0.256,141.0,15.0
Hyundai,Creta EV,Medium Range,39.4,42.0,110,1620,0.31,2.38,0.012,92,390,15.0,19.4,0,0,2,0,2,2.1,0,Mumbai,0.1729,227.9,15.0
Hyundai,Creta EV,Medium Range,40.4,42.0,110,1620,0.31,2.38,0.0126,92,390,13.3,24.0,0,0,2,0,1,1.3,-5,Mumbai,0.1826,221.3,15.0
Hyundai,Creta EV,Medium Range,41.6,42.0,110,1620,0.31,2.38,0.012,92,390,20.5,33.0,1,0,1,2,5,0.3,0,Mumbai,0.2579,161.3,15.0
Hyundai,Creta EV,Medium Range,38.1,42.0,110,1620,0.31,2.38,0.012,92,390,20.2,31.5,1,0,2,1,2,3.1,0,Mumbai,0.3757,101.4,15.0
Hyundai,Creta EV,Medium Range,40.9,42.0,110,1620,0.31,2.38,0.012,92,390,22.1,24.1,0,0,2,0,1,0.9,0,Mumbai,0.1751,233.6,15.0
Hyundai,Creta EV,Medium Range,39.7,42.0,110,1620,0.31,2.38,0.012,92,390,13.1,30.5,0,0,1,1,3,1.8,0,Mumbai,0.1247,318.4,15.0
Hyundai,Creta EV,Medium Range,40.4,42.0,110,1620,0.31,2.38,0.012,92,390,18.3,29.6,0,0,2,1,4,1.3,0,Mumbai,0.1966,205.5,15.0
Hyundai,Creta EV,Medium Range,40.2,42.0,110,1620,0.31,2.38,0.0122,92,390,27.3,18.8,0,0,2,1,4,1.4,-2,Mumbai,0.203,198.0,15.0
Hyundai,Creta EV,Medium Range,40.6,42.0,110,1620,0.31,2.38,0.012,92,390,12.3,23.9,0,0,2,1,1,1.1,0,Mumbai,0.2047,198.3,15.0
Hyundai,Creta EV,Medium Range,41.6,42.0,110,1620,0.31,2.38,0.012,92,390,19.6,27.6,0,1,2,2,4,0.3,0,Bangalore,0.5706,72.9,15.0
Hyundai,Creta EV,Medium Range,39.9,42.0,110,1620,0.31,2.38,0.013,92,390,20.5,16.2,1,1,2,0,5,1.7,-8,Bangalore,0.5676,70.3,15.0
Hyundai,Creta EV,Medium Range,37.7,42.0,110,1620,0.31,2.38,0.0122,92,390,25.5,37.3,0,1,2,0,2,3.4,-2,Bangalore,0.4821,78.2,15.0
Hyundai,Creta EV,Medium Range,36.7,42.0,110,1620,0.31,2.38,0.012,92,390,19.7,29.9,0,1,2,0,4,4.2,0,Bangalore,0.5389,68.1,15.0
Hyundai,Creta EV,Medium Range,38.9,42.0,110,1620,0.31,2.38,0.012,92,390,20.7,25.0,0,1,1,1,4,2.5,0,Bangalore,0.3562,109.2,15.0
Hyundai,Creta EV,Medium Range,40.0,42.0,110,1620,0.31,2.38,0.0126,92,390,15.6,15.4,0,1,2,1,1,1.6,-5,Bangalore,0.5814,68.8,15.0
Hyundai,Creta EV,Medium Range,38.9,42.0,110,1620,0.31,2.38,0.0126,92,390,31.4,22.2,0,1,1,1,4,2.5,-5,Bangalore,0.3351,116.1,15.0
Hyundai,Creta EV,Medium Range,41.4,42.0,110,1620,0.31,2.38,0.012,92,390,33.4,19.1,0,1,2,0,2,0.5,0,Bangalore,0.5012,82.6,15.0
Hyundai,Creta EV,Medium Range,35.7,42.0,110,1620,0.31,2.38,0.012,92,390,21.3,19.1,0,1,1,1,2,5.0,0,Bangalore,0.3121,114.4,15.0
Hyundai,Creta EV,Medium Range,35.8,42.0,110,1620,0.31,2.38,0.012,92,390,17.8,21.4,0,1,1,1,4,4.9,0,Bangalore,0.352,101.7,15.0
Hyundai,Creta EV,Medium Range,38.0,42.0,110,1620,0.31,2.38,0.0122,92,390,28.2,31.3,1,1,2,1,4,3.2,2,Bangalore,0.6774,56.1,15.0
Hyundai,Creta EV,Medium Range,38.5,42.0,110,1620,0.31,2.38,0.0122,92,390,21.2,30.9,1,0,2,1,2,2.8,-2,Chennai,0.3468,111.0,15.0
Hyundai,Creta EV,Medium Range,38.7,42.0,110,1620,0.31,2.38,0.0126,92,390,25.2,33.2,1,0,2,1,2,2.6,-5,Chennai,0.3419,113.2,15.0
Hyundai,Creta EV,Medium Range,39.9,42.0,110,1620,0.31,2.38,0.0122,92,390,18.7,32.7,0,0,2,1,1,1.7,-2,Chennai,0.1852,215.4,15.0
Hyundai,Creta EV,Medium Range,37.2,42.0,110,1620,0.31,2.38,0.0126,92,390,18.2,25.6,0,0,0,0,1,3.8,-5,Chennai,0.1004,370.5,15.0
Hyundai,Creta EV,Medium Range,40.9,42.0,110,1620,0.31,2.38,0.0122,92,390,23.7,32.9,0,0,1,1,2,0.9,-2,Chennai,0.1178,347.3,15.0
Hyundai,Creta EV,Medium Range,40.6,42.0,110,1620,0.31,2.38,0.0126,92,390,32.8,24.4,0,0,1,1,1,1.1,-5,Chennai,0.1171,346.7,15.0
Hyundai,Creta EV,Medium Range,38.0,42.0,110,1620,0.31,2.38,0.0122,92,390,32.2,40.9,1,0,2,0,2,3.2,-2,Chennai,0.3643,104.3,15.0
Hyundai,Creta EV,Medium Range,40.5,42.0,110,1620,0.31,2.38,0.0122,92,390,17.1,35.3,0,0,0,0,1,1.2,-2,Chennai,0.1093,370.5,15.0
Hyundai,Creta EV,Medium Range,37.0,42.0,110,1620,0.31,2.38,0.0126,92,390,19.2,33.4,1,1,2,1,4,4.0,-5,Pune,0.7692,48.1,15.0
Hyundai,Creta EV,Medium Range,36.7,42.0,110,1620,0.31,2.38,0.0122,92,390,19.6,34.9,0,1,2,2,3,4.2,-2,Pune,0.653,56.2,15.0
Hyundai,Creta EV,Medium Range,40.2,42.0,110,1620,0.31,2.38,0.0122,92,390,37.6,12.8,0,1,2,1,1,1.4,-2,Pune,0.5552,72.4,15.0
Hyundai,Creta EV,Medium Range,37.5,42.0,110,1620,0.31,2.38,0.012,92,390,38.4,37.8,1,1,1,2,3,3.6,0,Pune,0.4876,76.9,15.0
Hyundai,Creta EV,Medium Range,37.3,42.0,110,1620,0.31,2.38,0.0122,92,390,24.5,39.5,1,1,1,1,4,3.7,-2,Pune,0.4373,85.3,15.0
Hyundai,Creta EV,Medium Range,40.9,42.0,110,1620,0.31,2.38,0.0122,92,390,35.2,22.3,0,1,0,1,2,0.9,-2,Pune,0.273,149.8,15.0
Hyundai,Creta EV,Medium Range,41.0,42.0,110,1620,0.31,2.38,0.0126,92,390,28.4,21.1,0,1,0,2,2,0.8,-5,Pune,0.273,150.2,15.0
Hyundai,Creta EV,Medium Range,39.2,42.0,110,1620,0.31,2.38,0.0126,92,390,28.2,28.6,0,1,1,1,1,2.2,-5,Pune,0.3226,121.5,15.0
Hyundai,Creta EV,Medium Range,36.0,42.0,110,1620,0.31,2.38,0.0126,92,390,30.0,36.6,1,0,1,1,2,4.8,-5,Hyderabad,0.1974,182.4,15.0
Hyundai,Creta EV,Medium Range,38.1,42.0,110,1620,0.31,2.38,0.012,92,390,18.0,41.8,1,0,2,1,3,3.1,0,Hyderabad,0.6215,61.3,15.0
Hyundai,Creta EV,Medium Range,37.6,42.0,110,1620,0.31,2.38,0.0122,92,390,17.9,30.2,1,0,2,0,2,3.5,-2,Hyderabad,0.3339,112.6,15.0
Hyundai,Creta EV,Medium Range,38.3,42.0,110,1620,0.31,2.38,0.012,92,390,22.5,24.9,0,0,1,0,3,2.9,0,Hyderabad,0.1034,370.5,15.0
Hyundai,Creta EV,Medium Range,39.6,42.0,110,1620,0.31,2.38,0.0126,92,390,29.4,17.2,0,0,2,1,3,1.9,-5,Hyderabad,0.2216,178.7,15.0
Hyundai,Creta EV,Medium Range,38.6,42.0,110,1620,0.31,2.38,0.0126,92,390,16.8,22.1,0,0,2,1,5,2.7,-5,Hyderabad,0.231,167.1,15.0
Hyundai,Creta EV,Medium Range,39.2,42.0,110,1620,0.31,2.38,0.012,92,390,28.4,28.1,1,0,0,0,4,2.2,0,Hyderabad,0.1096,357.6,15.0
Hyundai,Creta EV,Medium Range,37.5,42.0,110,1620,0.31,2.38,0.0126,92,390,15.6,27.1,0,0,2,1,3,3.6,-5,Hyderabad,0.194,193.3,15.0
Hyundai,Creta EV,Medium Range,37.2,42.0,110,1620,0.31,2.38,0.0122,92,390,31.3,17.6,0,0,0,1,4,3.8,2,Hyderabad,0.1004,370.5,15.0
Hyundai,Creta EV,Medium Range,36.5,42.0,110,1620,0.31,2.38,0.012,92,390,23.3,35.5,0,0,2,1,3,4.4,0,Hyderabad,0.1954,186.8,15.0
Hyundai,Creta EV,Medium Range,41.5,42.0,110,1620,0.31,2.38,0.012,92,390,21.7,37.9,0,0,1,1,2,0.4,0,Kolkata,0.1131,366.8,15.0
Hyundai,Creta EV,Medium Range,37.2,42.0,110,1620,0.31,2.38,0.0122,92,390,22.5,37.3,0,0,2,1,3,3.8,-2,Kolkata,0.1978,188.1,15.0
Hyundai,Creta EV,Medium Range,37.5,42.0,110,1620,0.31,2.38,0.013,92,390,20.3,13.3,0,0,1,1,2,3.6,-8,Kolkata,0.1352,277.4,15.0
Hyundai,Creta EV,Medium Range,37.6,42.0,110,1620,0.31,2.38,0.0122,92,390,21.7,27.7,0,0,2,2,2,3.5,-2,Kolkata,0.2134,176.2,15.0
Hyundai,Creta EV,Medium Range,41.9,42.0,110,1620,0.31,2.38,0.0126,92,390,14.4,39.0,1,0,2,1,5,0.1,-5,Kolkata,0.4805,87.2,15.0
Hyundai,Creta EV,Medium Range,39.5,42.0,110,1620,0.31,2.38,0.012,92,390,14.9,36.4,1,0,2,2,1,2.0,0,Kolkata,0.604,65.4,15.0
Hyundai,Creta EV,Medium Range,36.1,42.0,110,1620,0.31,2.38,0.012,92,390,18.6,21.5,0,0,1,1,1,4.7,0,Kolkata,0.1178,306.5,15.0
Hyundai,Creta EV,Medium Range,41.9,42.0,110,1620,0.31,2.38,0.013,92,390,16.0,27.8,0,0,2,0,2,0.1,-8,Kolkata,0.1882,222.6,15.0
Hyundai,Creta EV,Medium Range,39.7,42.0,110,1620,0.31,2.38,0.0126,92,390,21.7,23.5,0,0,1,1,2,1.8,-5,Kolkata,0.1192,333.0,15.0
Hyundai,Creta EV,Medium Range,41.9,42.0,110,1620,0.31,2.38,0.0126,92,390,17.0,40.8,0,0,2,2,3,0.1,-5,Kolkata,0.2659,157.6,15.0
Hyundai,Creta EV,Medium Range,37.0,42.0,110,1620,0.31,2.38,0.012,92,390,25.4,38.7,0,0,2,0,2,4.0,0,Kolkata,0.165,224.3,15.0
Hyundai,Creta EV,Medium Range,38.5,42.0,110,1620,0.31,2.38,0.0122,92,390,99.3,38.0,0,0,0,0,2,2.8,-2,Highway_NH,0.1705,225.8,15.0
Hyundai,Creta EV,Medium Range,37.1,42.0,110,1620,0.31,2.38,0.0122,92,390,76.1,35.2,0,0,1,2,3,3.9,-2,Highway_NH,0.2179,170.3,15.0
Hyundai,Creta EV,Medium Range,41.4,42.0,110,1620,0.31,2.38,0.012,92,390,93.2,21.7,0,0,0,0,3,0.5,0,Highway_NH,0.17,243.5,15.0
Hyundai,Creta EV,Medium Range,36.3,42.0,110,1620,0.31,2.38,0.012,92,390,95.6,31.4,1,0,2,1,4,4.5,0,Highway_NH,0.4521,80.3,15.0
Hyundai,Creta EV,Medium Range,41.5,42.0,110,1620,0.31,2.38,0.012,92,390,85.7,21.0,0,0,1,1,4,0.4,0,Highway_NH,0.2218,187.1,15.0
Hyundai,Creta EV,Medium Range,41.9,42.0,110,1620,0.31,2.38,0.012,92,390,85.6,33.4,0,0,0,1,1,0.1,0,Highway_NH,0.1594,262.8,15.0
Hyundai,Creta EV,Medium Range,36.1,42.0,110,1620,0.31,2.38,0.012,92,390,70.1,17.5,0,0,2,0,3,4.7,0,Highway_NH,0.259,139.4,15.0
Hyundai,Creta EV,Medium Range,36.8,42.0,110,1620,0.31,2.38,0.012,92,390,94.7,15.5,0,0,1,2,1,4.1,0,Highway_NH,0.257,143.2,15.0
Hyundai,Creta EV,Medium Range,40.5,42.0,110,1620,0.31,2.38,0.012,92,390,92.8,23.3,0,0,0,0,3,1.2,0,Highway_NH,0.1522,266.1,15.0
Hyundai,Creta EV,Medium Range,37.1,42.0,110,1620,0.31,2.38,0.0122,92,390,80.3,43.5,1,0,1,0,1,3.9,2,Highway_NH,0.2289,162.1,15.0
Hyundai,Creta EV,Medium Range,38.1,42.0,110,1620,0.31,2.38,0.012,92,390,75.4,36.4,1,0,0,2,2,3.1,0,Highway_NH,0.1978,192.6,15.0
Hyundai,Creta EV,Medium Range,36.6,42.0,110,1620,0.31,2.38,0.012,92,390,98.0,43.7,0,0,0,1,2,4.3,0,Highway_NH,0.1966,186.2,15.0
Hyundai,Creta EV,Medium Range,38.9,42.0,110,1620,0.31,2.38,0.0122,92,390,99.7,20.6,0,0,0,1,4,2.5,-2,Expressway,0.2012,193.3,15.0
Hyundai,Creta EV,Medium Range,41.1,42.0,110,1620,0.31,2.38,0.0126,92,390,87.5,39.3,0,0,0,1,2,0.7,-5,Expressway,0.1567,262.3,15.0
Hyundai,Creta EV,Medium Range,41.0,42.0,110,1620,0.31,2.38,0.0126,92,390,84.1,19.2,0,0,1,1,4,0.8,-5,Expressway,0.2231,183.8,15.0
Hyundai,Creta EV,Medium Range,41.6,42.0,110,1620,0.31,2.38,0.012,92,390,104.3,30.7,0,0,0,0,1,0.3,0,Expressway,0.16,260.0,15.0
Hyundai,Creta EV,Medium Range,38.6,42.0,110,1620,0.31,2.38,0.012,92,390,110.0,35.8,0,0,0,0,1,2.7,0,Expressway,0.1807,213.6,15.0
Hyundai,Creta EV,Medium Range,36.0,42.0,110,1620,0.31,2.38,0.0122,92,390,90.1,23.3,0,0,0,1,2,4.8,-2,Expressway,0.1544,233.2,15.0
Hyundai,Creta EV,Medium Range,37.8,42.0,110,1620,0.31,2.38,0.0126,92,390,114.4,17.9,0,0,0,1,2,3.3,-5,Expressway,0.2034,185.8,15.0
Hyundai,Creta EV,Medium Range,39.6,42.0,110,1620,0.31,2.38,0.0122,92,390,80.9,41.3,1,0,1,2,4,1.9,-2,Expressway,0.3199,123.8,15.0
Hyundai,Creta EV,Medium Range,35.7,42.0,110,1620,0.31,2.38,0.0122,92,390,102.8,28.9,1,0,0,0,4,5.0,-2,Expressway,0.1746,204.5,15.0
Hyundai,Creta EV,Medium Range,38.7,42.0,110,1620,0.31,2.38,0.0126,92,390,26.4,22.6,0,2,1,1,3,2.6,-5,Hill_Station,0.685,56.5,15.0
Hyundai,Creta EV,Medium Range,39.1,42.0,110,1620,0.31,2.38,0.0122,92,390,29.2,21.4,0,2,2,1,2,2.3,2,Hill_Station,1.0026,39.0,15.0
Hyundai,Creta EV,Medium Range,39.6,42.0,110,1620,0.31,2.38,0.012,92,390,27.0,6.5,0,2,0,1,5,1.9,0,Hill_Station,0.6502,60.9,15.0
Hyundai,Creta EV,Medium Range,39.0,42.0,110,1620,0.31,2.38,0.012,92,390,30.0,12.7,0,2,0,1,1,2.4,0,Hill_Station,0.4845,80.5,15.0
Hyundai,Creta EV,Medium Range,39.6,42.0,110,1620,0.31,2.38,0.0126,92,390,38.0,21.3,0,2,2,0,1,1.9,-5,Hill_Station,0.898,44.1,15.0
Hyundai,Creta EV,Medium Range,41.0,42.0,110,1620,0.31,2.38,0.0126,92,390,23.9,13.9,0,2,0,1,2,0.8,-5,Hill_Station,0.5346,76.7,15.0
Hyundai,Creta EV,Medium Range,36.5,42.0,110,1620,0.31,2.38,0.0122,92,390,29.1,14.1,1,2,1,1,3,4.4,-2,Hill_Station,0.7588,48.1,15.0
Hyundai,Creta EV,Medium Range,36.2,42.0,110,1620,0.31,2.38,0.0126,92,390,23.9,15.3,0,2,2,2,4,4.6,-5,Hill_Station,0.9282,39.0,15.0
Hyundai,Creta EV,Medium Range,40.0,42.0,110,1620,0.31,2.38,0.0122,92,390,32.8,6.3,1,2,2,1,2,1.6,-2,Hill_Station,1.0256,39.0,15.0
Hyundai,Creta EV,Medium Range,38.1,42.0,110,1620,0.31,2.38,0.012,92,390,21.8,7.7,1,2,2,0,2,3.1,0,Hill_Station,0.9769,39.0,15.0
Hyundai,Creta EV,Medium Range,41.6,42.0,110,1620,0.31,2.38,0.0126,92,390,48.9,11.6,0,0,0,2,4,0.3,-5,Rural_Road,0.143,290.9,15.0
Hyundai,Creta EV,Medium Range,39.1,42.0,110,1620,0.31,2.38,0.0126,92,390,50.7,21.6,1,0,1,1,1,2.3,-5,Rural_Road,0.1577,248.0,15.0
Hyundai,Creta EV,Medium Range,39.7,42.0,110,1620,0.31,2.38,0.012,92,390,59.2,25.4,0,0,0,2,4,1.8,0,Rural_Road,0.1446,274.5,15.0
Hyundai,Creta EV,Medium Range,41.0,42.0,110,1620,0.31,2.38,0.0122,92,390,35.7,28.5,0,0,0,2,1,0.8,2,Rural_Road,0.1107,370.5,15.0
Hyundai,Creta EV,Medium Range,37.6,42.0,110,1620,0.31,2.38,0.012,92,390,48.3,25.7,0,0,0,0,3,3.5,0,Rural_Road,0.1028,365.6,15.0
Hyundai,Creta EV,Medium Range,38.3,42.0,110,1620,0.31,2.38,0.0122,92,390,47.8,39.2,1,0,0,1,1,2.9,-2,Rural_Road,0.1449,264.3,15.0
Hyundai,Creta EV,Medium Range,35.8,42.0,110,1620,0.31,2.38,0.012,92,390,40.6,38.0,1,0,0,2,2,4.9,0,Rural_Road,0.1524,234.9,15.0
Hyundai,Creta EV,Medium Range,38.1,42.0,110,1620,0.31,2.38,0.012,92,390,43.0,43.9,1,0,0,1,3,3.1,0,Rural_Road,0.1901,200.4,15.0
Hyundai,Creta EV,Medium Range,38.3,42.0,110,1620,0.31,2.38,0.012,92,390,32.0,20.3,0,0,1,1,1,2.9,0,Rural_Road,0.1148,333.7,15.0
Hyundai,Creta EV,Medium Range,37.1,42.0,110,1620,0.31,2.38,0.012,92,390,25.6,18.7,0,2,0,1,3,3.9,0,Ghat_Road,0.5167,71.8,15.0
Hyundai,Creta EV,Medium Range,35.8,42.0,110,1620,0.31,2.38,0.012,92,390,25.2,17.8,0,2,2,2,3,4.9,0,Ghat_Road,0.9179,39.0,15.0
Hyundai,Creta EV,Medium Range,36.7,42.0,110,1620,0.31,2.38,0.012,92,390,28.1,14.7,0,2,2,2,1,4.2,0,Ghat_Road,0.941,39.0,15.0
Hyundai,Creta EV,Medium Range,40.9,42.0,110,1620,0.31,2.38,0.0126,92,390,28.6,32.7,1,2,1,1,4,0.9,-5,Ghat_Road,0.7383,55.4,15.0
Hyundai,Creta EV,Medium Range,37.6,42.0,110,1620,0.31,2.38,0.0122,92,390,17.5,14.0,0,2,1,2,4,3.5,-2,Ghat_Road,0.933,40.3,15.0
Hyundai,Creta EV,Medium Range,36.5,42.0,110,1620,0.31,2.38,0.012,92,390,27.4,11.3,0,2,0,0,3,4.4,0,Ghat_Road,0.5021,72.7,15.0
Hyundai,Creta EV,Medium Range,41.0,42.0,110,1620,0.31,2.38,0.013,92,390,15.9,25.1,0,2,0,2,4,0.8,-8,Ghat_Road,0.6539,62.7,15.0
Hyundai,Creta EV,Medium Range,38.2,42.0,110,1620,0.31,2.38,0.012,92,390,24.9,14.5,0,2,1,1,1,3.0,0,Ghat_Road,0.6996,54.6,15.0
Hyundai,Creta EV,Medium Range,37.7,42.0,110,1620,0.31,2.38,0.012,92,390,29.1,21.1,0,2,1,0,4,3.4,0,Ghat_Road,0.6433,58.6,15.0
Kia,EV6,Long Range AWD,66.5,77.4,239,2140,0.28,2.45,0.0112,93,708,24.6,35.6,1,0,2,1,2,4.7,-2,Delhi,0.3428,194.0,60.0
Kia,EV6,Long Range AWD,74.8,77.4,239,2140,0.28,2.45,0.0116,93,708,23.3,41.2,1,0,1,1,2,1.1,-5,Delhi,0.2542,294.3,60.0
Kia,EV6,Long Range AWD,67.0,77.4,239,2140,0.28,2.45,0.011,93,708,20.2,25.2,0,0,1,0,2,4.5,0,Delhi,0.1005,666.9,60.0
Kia,EV6,Long Range AWD,74.6,77.4,239,2140,0.28,2.45,0.0112,93,708,35.0,15.7,0,0,2,1,1,1.2,-2,Delhi,0.186,401.1,60.0
Kia,EV6,Long Range AWD,70.2,77.4,239,2140,0.28,2.45,0.011,93,708,21.7,11.7,1,0,1,1,2,3.1,0,Delhi,0.132,531.9,60.0
Kia,EV6,Long Range AWD,76.9,77.4,239,2140,0.28,2.45,0.0112,93,708,15.7,43.2,0,0,1,2,3,0.2,-2,Delhi,0.1494,514.6,60.0
Kia,EV6,Long Range AWD,75.8,77.4,239,2140,0.28,2.45,0.0116,93,708,32.2,29.9,1,0,0,1,1,0.7,-5,Delhi,0.1127,672.6,60.0
Kia,EV6,Long Range AWD,72.8,77.4,239,2140,0.28,2.45,0.011,93,708,19.2,42.7,1,0,1,0,2,2.0,0,Delhi,0.2455,296.5,60.0
Kia,EV6,Long Range AWD,65.8,77.4,239,2140,0.28,2.45,0.011,93,708,35.0,17.6,0,0,2,2,4,5.0,0,Delhi,0.2489,264.4,60.0
Kia,EV6,Long Range AWD,68.6,77.4,239,2140,0.28,2.45,0.0116,93,708,30.1,15.1,0,0,2,1,3,3.8,-5,Delhi,0.1838,373.2,60.0
Kia,EV6,Long Range AWD,71.1,77.4,239,2140,0.28,2.45,0.0116,93,708,12.4,18.5,1,0,2,0,3,2.7,-5,Mumbai,0.2205,322.5,60.0
Kia,EV6,Long Range AWD,72.3,77.4,239,2140,0.28,2.45,0.0112,93,708,26.3,35.6,1,0,2,1,2,2.2,-2,Mumbai,0.3459,209.0,60.0
Kia,EV6,Long Range AWD,75.5,77.4,239,2140,0.28,2.45,0.011,93,708,23.5,36.9,0,0,2,0,1,0.8,0,Mumbai,0.1576,479.1,60.0
Kia,EV6,Long Range AWD,66.3,77.4,239,2140,0.28,2.45,0.0112,93,708,20.8,25.4,0,0,1,0,4,4.8,-2,Mumbai,0.1035,640.5,60.0
Kia,EV6,Long Range AWD,73.9,77.4,239,2140,0.28,2.45,0.0119,93,708,17.5,21.0,0,0,2,1,4,1.5,-8,Mumbai,0.1868,395.7,60.0
Kia,EV6,Long Range AWD,74.1,77.4,239,2140,0.28,2.45,0.0116,93,708,15.4,19.7,0,0,2,0,2,1.4,-5,Mumbai,0.177,418.6,60.0
Kia,EV6,Long Range AWD,67.6,77.4,239,2140,0.28,2.45,0.011,93,708,16.3,33.2,1,0,2,1,4,4.2,0,Mumbai,0.3409,198.3,60.0
Kia,EV6,Long Range AWD,71.4,77.4,239,2140,0.28,2.45,0.0119,93,708,29.7,24.2,0,0,2,0,1,2.6,-8,Mumbai,0.1758,406.1,60.0
Kia,EV6,Long Range AWD,68.3,77.4,239,2140,0.28,2.45,0.011,93,708,19.2,35.3,0,1,0,2,4,3.9,0,Bangalore,0.2915,234.3,60.0
Kia,EV6,Long Range AWD,73.9,77.4,239,2140,0.28,2.45,0.0116,93,708,17.1,32.4,0,1,1,1,4,1.5,-5,Bangalore,0.3572,206.9,60.0
Kia,EV6,Long Range AWD,71.6,77.4,239,2140,0.28,2.45,0.0116,93,708,34.7,17.2,0,1,1,0,5,2.5,-5,Bangalore,0.3081,232.4,60.0
Kia,EV6,Long Range AWD,72.8,77.4,239,2140,0.28,2.45,0.011,93,708,34.9,17.3,1,1,2,2,1,2.0,0,Bangalore,0.6868,106.0,60.0
Kia,EV6,Long Range AWD,76.5,77.4,239,2140,0.28,2.45,0.011,93,708,20.6,19.2,0,1,0,1,2,0.4,0,Bangalore,0.2167,353.1,60.0
Kia,EV6,Long Range AWD,71.6,77.4,239,2140,0.28,2.45,0.011,93,708,18.4,36.5,1,1,1,0,1,2.5,0,Bangalore,0.3877,184.7,60.0
Kia,EV6,Long Range AWD,76.5,77.4,239,2140,0.28,2.45,0.0116,93,708,25.4,23.5,0,1,1,1,4,0.4,-5,Bangalore,0.35,218.6,60.0
Kia,EV6,Long Range AWD,75.3,77.4,239,2140,0.28,2.45,0.0112,93,708,29.9,17.1,0,1,2,1,4,0.9,-2,Bangalore,0.5846,128.8,60.0
Kia,EV6,Long Range AWD,72.5,77.4,239,2140,0.28,2.45,0.011,93,708,21.0,32.4,1,1,2,1,1,2.1,0,Bangalore,0.5938,122.1,60.0
Kia,EV6,Long Range AWD,76.0,77.4,239,2140,0.28,2.45,0.011,93,708,20.8,28.2,1,1,2,1,3,0.6,0,Bangalore,0.6159,123.4,60.0
Kia,EV6,Long Range AWD,71.4,77.4,239,2140,0.28,2.45,0.011,93,708,29.4,29.4,0,1,2,1,1,2.6,0,Bangalore,0.5277,135.3,60.0
Kia,EV6,Long Range AWD,67.9,77.4,239,2140,0.28,2.45,0.0112,93,708,27.5,27.3,0,0,1,0,1,4.1,-2,Chennai,0.101,672.6,60.0
Kia,EV6,Long Range AWD,67.4,77.4,239,2140,0.28,2.45,0.0112,93,708,28.1,37.5,1,0,2,1,2,4.3,2,Chennai,0.3214,209.7,60.0
Kia,EV6,Long Range AWD,71.8,77.4,239,2140,0.28,2.45,0.011,93,708,26.3,39.2,1,0,1,1,3,2.4,0,Chennai,0.2023,355.0,60.0
Kia,EV6,Long Range AWD,67.4,77.4,239,2140,0.28,2.45,0.0112,93,708,28.7,24.2,0,0,2,1,4,4.3,-2,Chennai,0.1937,347.9,60.0
Kia,EV6,Long Range AWD,71.4,77.4,239,2140,0.28,2.45,0.0112,93,708,32.1,28.2,0,0,2,1,3,2.6,2,Chennai,0.1769,403.7,60.0
Kia,EV6,Long Range AWD,73.2,77.4,239,2140,0.28,2.45,0.0112,93,708,23.1,26.9,1,0,2,1,5,1.8,-2,Chennai,0.2607,280.8,60.0
Kia,EV6,Long Range AWD,71.1,77.4,239,2140,0.28,2.45,0.0116,93,708,16.5,31.6,0,0,2,0,5,2.7,-5,Chennai,0.1642,433.0,60.0
Kia,EV6,Long Range AWD,68.1,77.4,239,2140,0.28,2.45,0.0119,93,708,24.2,23.1,0,0,1,0,1,4.0,-8,Chennai,0.1012,672.6,60.0
Kia,EV6,Long Range AWD,76.2,77.4,239,2140,0.28,2.45,0.011,93,708,20.0,17.4,0,1,2,0,1,0.5,0,Pune,0.4295,177.4,60.0
Kia,EV6,Long Range AWD,77.4,77.4,239,2140,0.28,2.45,0.0112,93,708,31.6,34.5,1,1,2,1,4,0.0,-2,Pune,0.75,103.2,60.0
Kia,EV6,Long Range AWD,70.0,77.4,239,2140,0.28,2.45,0.0112,93,708,29.1,33.8,0,1,2,0,2,3.2,-2,Pune,0.4654,150.4,60.0
Kia,EV6,Long Range AWD,69.3,77.4,239,2140,0.28,2.45,0.0112,93,708,19.6,29.8,1,1,0,0,4,3.5,-2,Pune,0.2582,268.4,60.0
Kia,EV6,Long Range AWD,72.3,77.4,239,2140,0.28,2.45,0.011,93,708,21.2,15.1,1,1,2,0,5,2.2,0,Pune,0.5907,122.4,60.0
Kia,EV6,Long Range AWD,66.7,77.4,239,2140,0.28,2.45,0.011,93,708,31.3,24.7,0,1,1,1,3,4.6,0,Pune,0.3365,198.2,60.0
Kia,EV6,Long Range AWD,75.3,77.4,239,2140,0.28,2.45,0.0116,93,708,35.4,26.9,0,1,2,2,1,0.9,-5,Pune,0.6014,125.2,60.0
Kia,EV6,Long Range AWD,75.1,77.4,239,2140,0.28,2.45,0.0112,93,708,25.0,17.7,0,1,2,2,1,1.0,-2,Pune,0.6186,121.4,60.0
Kia,EV6,Long Range AWD,75.8,77.4,239,2140,0.28,2.45,0.011,93,708,39.6,32.3,1,1,1,2,2,0.7,0,Pune,0.4149,182.7,60.0
Kia,EV6,Long Range AWD,67.0,77.4,239,2140,0.28,2.45,0.011,93,708,20.4,30.4,1,1,0,0,3,4.5,0,Pune,0.2648,253.0,60.0
Kia,EV6,Long Range AWD,77.2,77.4,239,2140,0.28,2.45,0.0112,93,708,39.9,38.7,1,1,1,2,2,0.1,2,Pune,0.5046,153.0,60.0
Kia,EV6,Long Range AWD,77.4,77.4,239,2140,0.28,2.45,0.0112,93,708,18.8,18.9,0,0,2,1,2,0.0,-2,Hyderabad,0.1777,435.6,60.0
Kia,EV6,Long Range AWD,73.7,77.4,239,2140,0.28,2.45,0.0116,93,708,20.7,16.2,0,0,1,0,4,1.6,-5,Hyderabad,0.1201,613.8,60.0
Kia,EV6,Long Range AWD,76.2,77.4,239,2140,0.28,2.45,0.0112,93,708,31.6,39.8,1,0,0,0,1,0.5,-2,Hyderabad,0.1206,631.9,60.0
Kia,EV6,Long Range AWD,69.0,77.4,239,2140,0.28,2.45,0.0116,93,708,22.2,36.2,1,0,1,1,3,3.6,-5,Hyderabad,0.1974,349.5,60.0
Kia,EV6,Long Range AWD,69.5,77.4,239,2140,0.28,2.45,0.011,93,708,32.4,35.2,0,0,2,0,4,3.4,0,Hyderabad,0.1605,433.1,60.0
Kia,EV6,Long Range AWD,70.9,77.4,239,2140,0.28,2.45,0.011,93,708,18.4,39.7,0,0,1,0,2,2.8,0,Hyderabad,0.1054,672.6,60.0
Kia,EV6,Long Range AWD,71.8,77.4,239,2140,0.28,2.45,0.0119,93,708,16.9,42.3,0,0,1,1,1,2.4,-8,Hyderabad,0.1216,590.3,60.0
Kia,EV6,Long Range AWD,69.0,77.4,239,2140,0.28,2.45,0.0112,93,708,17.0,36.5,1,0,2,1,1,3.6,-2,Hyderabad,0.4059,170.0,60.0
Kia,EV6,Long Range AWD,68.8,77.4,239,2140,0.28,2.45,0.011,93,708,33.3,24.2,0,0,2,1,4,3.7,0,Hyderabad,0.1783,385.8,60.0
Kia,EV6,Long Range AWD,69.3,77.4,239,2140,0.28,2.45,0.0119,93,708,27.6,33.6,1,0,2,0,3,3.5,-8,Hyderabad,0.2699,256.8,60.0
Kia,EV6,Long Range AWD,75.3,77.4,239,2140,0.28,2.45,0.0112,93,708,24.5,20.2,0,0,2,1,3,0.9,-2,Hyderabad,0.1823,413.0,60.0
Kia,EV6,Long Range AWD,69.0,77.4,239,2140,0.28,2.45,0.0112,93,708,22.6,32.9,1,0,2,1,4,3.6,-2,Kolkata,0.3202,215.5,60.0
Kia,EV6,Long Range AWD,70.4,77.4,239,2140,0.28,2.45,0.0112,93,708,19.0,38.5,1,0,2,1,2,3.0,-2,Kolkata,0.3747,187.9,60.0
Kia,EV6,Long Range AWD,70.2,77.4,239,2140,0.28,2.45,0.0119,93,708,19.9,21.4,0,0,1,1,4,3.1,-8,Kolkata,0.1193,588.6,60.0
Kia,EV6,Long Range AWD,73.9,77.4,239,2140,0.28,2.45,0.011,93,708,20.7,17.2,0,0,1,1,3,1.5,0,Kolkata,0.1099,672.6,60.0
Kia,EV6,Long Range AWD,69.7,77.4,239,2140,0.28,2.45,0.0112,93,708,23.0,21.5,0,0,2,1,3,3.3,-2,Kolkata,0.1868,373.1,60.0
Kia,EV6,Long Range AWD,75.5,77.4,239,2140,0.28,2.45,0.011,93,708,27.7,29.0,0,0,0,0,4,0.8,0,Kolkata,0.1123,672.6,60.0
Kia,EV6,Long Range AWD,66.7,77.4,239,2140,0.28,2.45,0.011,93,708,26.4,14.3,0,0,2,0,3,4.6,0,Kolkata,0.181,368.6,60.0
Kia,EV6,Long Range AWD,74.6,77.4,239,2140,0.28,2.45,0.011,93,708,17.3,12.0,0,0,2,1,2,1.2,0,Kolkata,0.2154,346.4,60.0
Kia,EV6,Long Range AWD,66.7,77.4,239,2140,0.28,2.45,0.0116,93,708,25.1,36.1,0,0,2,1,1,4.6,-5,Kolkata,0.1932,345.2,60.0
Kia,EV6,Long Range AWD,74.1,77.4,239,2140,0.28,2.45,0.011,93,708,13.2,28.5,0,0,2,1,2,1.4,0,Kolkata,0.1798,412.1,60.0
Kia,EV6,Long Range AWD,70.0,77.4,239,2140,0.28,2.45,0.011,93,708,19.0,17.1,0,0,2,2,2,3.2,0,Kolkata,0.2132,328.3,60.0
Kia,EV6,Long Range AWD,72.5,77.4,239,2140,0.28,2.45,0.011,93,708,80.4,32.1,1,0,2,2,2,2.1,0,Highway_NH,0.3496,207.4,60.0
Kia,EV6,Long Range AWD,70.4,77.4,239,2140,0.28,2.45,0.0112,93,708,94.5,33.2,0,0,0,0,1,3.0,-2,Highway_NH,0.1384,508.6,60.0
Kia,EV6,Long Range AWD,76.2,77.4,239,2140,0.28,2.45,0.011,93,708,86.4,35.7,0,0,0,2,3,0.5,0,Highway_NH,0.1582,481.6,60.0
Kia,EV6,Long Range AWD,66.5,77.4,239,2140,0.28,2.45,0.0119,93,708,96.3,41.5,1,0,1,1,5,4.7,-8,Highway_NH,0.2777,239.5,60.0
Kia,EV6,Long Range AWD,77.2,77.4,239,2140,0.28,2.45,0.0116,93,708,88.6,24.3,0,0,0,1,3,0.1,-5,Highway_NH,0.1428,540.5,60.0
Kia,EV6,Long Range AWD,67.4,77.4,239,2140,0.28,2.45,0.0116,93,708,94.4,18.7,0,0,0,1,2,4.3,-5,Highway_NH,0.1526,441.8,60.0
Kia,EV6,Long Range AWD,68.8,77.4,239,2140,0.28,2.45,0.011,93,708,80.0,38.3,1,0,0,2,1,3.7,0,Highway_NH,0.1631,421.9,60.0
Kia,EV6,Long Range AWD,67.9,77.4,239,2140,0.28,2.45,0.0119,93,708,96.4,44.9,0,0,0,1,1,4.1,-8,Highway_NH,0.1661,408.9,60.0
Kia,EV6,Long Range AWD,67.9,77.4,239,2140,0.28,2.45,0.011,93,708,80.6,35.7,0,0,0,1,3,4.1,0,Highway_NH,0.1203,564.6,60.0
Kia,EV6,Long Range AWD,67.6,77.4,239,2140,0.28,2.45,0.0116,93,708,88.9,35.5,1,0,1,1,2,4.2,-5,Highway_NH,0.2092,323.1,60.0
Kia,EV6,Long Range AWD,76.9,77.4,239,2140,0.28,2.45,0.011,93,708,91.2,23.2,0,0,0,0,5,0.2,0,Highway_NH,0.1479,520.0,60.0
Kia,EV6,Long Range AWD,75.3,77.4,239,2140,0.28,2.45,0.011,93,708,105.7,36.2,1,0,0,2,3,0.9,0,Expressway,0.213,353.5,60.0
Kia,EV6,Long Range AWD,67.6,77.4,239,2140,0.28,2.45,0.0112,93,708,82.1,15.8,0,0,1,0,1,4.2,2,Expressway,0.1592,424.7,60.0
Kia,EV6,Long Range AWD,69.7,77.4,239,2140,0.28,2.45,0.011,93,708,96.6,44.1,1,0,0,1,1,3.3,0,Expressway,0.181,385.1,60.0
Kia,EV6,Long Range AWD,69.0,77.4,239,2140,0.28,2.45,0.0116,93,708,84.0,33.2,0,0,1,2,2,3.6,-5,Expressway,0.1913,360.7,60.0
Kia,EV6,Long Range AWD,76.9,77.4,239,2140,0.28,2.45,0.0112,93,708,105.9,35.4,1,0,0,1,1,0.2,-2,Expressway,0.1756,438.0,60.0
Kia,EV6,Long Range AWD,70.7,77.4,239,2140,0.28,2.45,0.0112,93,708,113.6,27.6,0,0,0,0,3,2.9,-2,Expressway,0.1621,436.2,60.0
Kia,EV6,Long Range AWD,71.8,77.4,239,2140,0.28,2.45,0.011,93,708,89.4,34.9,0,0,0,2,1,2.4,0,Expressway,0.1669,430.1,60.0
Kia,EV6,Long Range AWD,71.4,77.4,239,2140,0.28,2.45,0.0116,93,708,87.6,27.7,0,0,0,1,4,2.6,-5,Expressway,0.1446,493.8,60.0
Kia,EV6,Long Range AWD,70.0,77.4,239,2140,0.28,2.45,0.0112,93,708,108.7,39.6,0,0,0,2,3,3.2,-2,Expressway,0.2036,343.8,60.0
Kia,EV6,Long Range AWD,66.0,77.4,239,2140,0.28,2.45,0.011,93,708,20.7,21.1,1,2,1,0,1,4.9,0,Hill_Station,0.5784,114.1,60.0
Kia,EV6,Long Range AWD,76.2,77.4,239,2140,0.28,2.45,0.0112,93,708,27.8,26.2,0,2,0,1,1,0.5,-2,Hill_Station,0.5423,140.5,60.0
Kia,EV6,Long Range AWD,74.8,77.4,239,2140,0.28,2.45,0.011,93,708,28.3,25.4,0,2,0,1,4,1.1,0,Hill_Station,0.548,136.5,60.0
Kia,EV6,Long Range AWD,76.2,77.4,239,2140,0.28,2.45,0.0112,93,708,26.4,10.5,1,2,0,2,4,0.5,-2,Hill_Station,0.642,118.7,60.0
Kia,EV6,Long Range AWD,77.2,77.4,239,2140,0.28,2.45,0.011,93,708,35.0,25.3,0,2,0,0,5,0.1,0,Hill_Station,0.5309,145.4,60.0
Kia,EV6,Long Range AWD,76.0,77.4,239,2140,0.28,2.45,0.0112,93,708,28.1,22.5,0,2,0,1,1,0.6,-2,Hill_Station,0.4401,172.7,60.0
Kia,EV6,Long Range AWD,74.4,77.4,239,2140,0.28,2.45,0.0116,93,708,28.3,16.4,0,2,1,2,2,1.3,-5,Hill_Station,0.789,94.3,60.0
Kia,EV6,Long Range AWD,68.3,77.4,239,2140,0.28,2.45,0.0112,93,708,32.3,28.3,0,2,0,1,2,3.9,-2,Hill_Station,0.5295,129.0,60.0
Kia,EV6,Long Range AWD,69.3,77.4,239,2140,0.28,2.45,0.011,93,708,26.6,22.1,0,2,0,1,2,3.5,0,Hill_Station,0.5195,133.4,60.0
Kia,EV6,Long Range AWD,72.8,77.4,239,2140,0.28,2.45,0.0116,93,708,32.8,31.4,0,0,0,1,2,2.0,-5,Rural_Road,0.1082,672.6,60.0
Kia,EV6,Long Range AWD,77.2,77.4,239,2140,0.28,2.45,0.0116,93,708,50.0,39.6,0,0,0,0,5,0.1,-5,Rural_Road,0.1148,672.6,60.0
Kia,EV6,Long Range AWD,70.7,77.4,239,2140,0.28,2.45,0.0119,93,708,37.8,12.1,0,0,0,1,2,2.9,-8,Rural_Road,0.1051,672.6,60.0
Kia,EV6,Long Range AWD,73.5,77.4,239,2140,0.28,2.45,0.0112,93,708,31.2,39.0,1,0,1,1,1,1.7,-2,Rural_Road,0.1774,414.3,60.0
Kia,EV6,Long Range AWD,75.1,77.4,239,2140,0.28,2.45,0.011,93,708,41.1,19.3,0,0,0,0,1,1.0,0,Rural_Road,0.1117,672.6,60.0
Kia,EV6,Long Range AWD,69.5,77.4,239,2140,0.28,2.45,0.011,93,708,37.6,24.3,1,0,0,0,3,3.4,0,Rural_Road,0.1033,672.6,60.0
Kia,EV6,Long Range AWD,77.2,77.4,239,2140,0.28,2.45,0.0116,93,708,30.9,17.6,0,0,0,1,3,0.1,-5,Rural_Road,0.1148,672.6,60.0
Kia,EV6,Long Range AWD,74.8,77.4,239,2140,0.28,2.45,0.0116,93,708,33.1,34.1,0,0,0,2,5,1.1,-5,Rural_Road,0.1139,656.8,60.0
Kia,EV6,Long Range AWD,74.8,77.4,239,2140,0.28,2.45,0.011,93,708,44.4,31.4,0,0,1,1,5,1.1,0,Rural_Road,0.1336,559.9,60.0
Kia,EV6,Long Range AWD,71.4,77.4,239,2140,0.28,2.45,0.0112,93,708,44.9,17.2,1,0,1,1,1,2.6,2,Rural_Road,0.1295,551.4,60.0
Kia,EV6,Long Range AWD,69.3,77.4,239,2140,0.28,2.45,0.0119,93,708,47.8,36.1,1,0,0,1,3,3.5,-8,Rural_Road,0.1419,488.3,60.0
Kia,EV6,Long Range AWD,70.7,77.4,239,2140,0.28,2.45,0.0116,93,708,30.3,17.8,0,0,0,1,3,2.9,-5,Rural_Road,0.1051,672.6,60.0
Kia,EV6,Long Range AWD,77.4,77.4,239,2140,0.28,2.45,0.011,93,708,22.2,19.6,0,2,2,2,4,0.0,0,Ghat_Road,1.0932,70.8,60.0
Kia,EV6,Long Range AWD,67.6,77.4,239,2140,0.28,2.45,0.011,93,708,22.0,22.3,0,2,1,2,1,4.2,0,Ghat_Road,0.7925,85.3,60.0
Kia,EV6,Long Range AWD,66.3,77.4,239,2140,0.28,2.45,0.0119,93,708,32.4,25.0,0,2,2,2,4,4.8,-8,Ghat_Road,0.9364,70.8,60.0
Kia,EV6,Long Range AWD,71.4,77.4,239,2140,0.28,2.45,0.011,93,708,18.5,14.7,0,2,0,0,1,2.6,0,Ghat_Road,0.4969,143.7,60.0
Kia,EV6,Long Range AWD,66.7,77.4,239,2140,0.28,2.45,0.0116,93,708,33.0,14.7,1,2,1,1,2,4.6,-5,Ghat_Road,0.7838,85.1,60.0
Kia,EV6,Long Range AWD,74.6,77.4,239,2140,0.28,2.45,0.0112,93,708,24.1,31.8,1,2,2,1,1,1.2,-2,Ghat_Road,1.0537,70.8,60.0
Kia,EV6,Long Range AWD,71.4,77.4,239,2140,0.28,2.45,0.0112,93,708,26.6,32.0,0,2,1,1,1,2.6,-2,Ghat_Road,0.6642,107.5,60.0
Kia,EV6,Long Range AWD,69.5,77.4,239,2140,0.28,2.45,0.0112,93,708,29.0,22.7,1,2,0,1,2,3.4,-2,Ghat_Road,0.5664,122.7,60.0
Kia,EV6,Long Range AWD,75.1,77.4,239,2140,0.28,2.45,0.0119,93,708,19.0,30.9,0,2,2,1,4,1.0,-8,Ghat_Road,1.0607,70.8,60.0
Kia,EV6,Long Range AWD,69.3,77.4,239,2140,0.28,2.45,0.0112,93,708,17.3,28.6,0,2,0,2,3,3.5,-2,Ghat_Road,0.6471,107.1,60.0
Kia,EV6,Long Range RWD,70.7,77.4,168,1980,0.28,2.45,0.0116,93,708,23.3,46.1,1,0,2,2,1,2.9,-5,Delhi,0.3233,218.7,55.0
Kia,EV6,Long Range RWD,69.7,77.4,168,1980,0.28,2.45,0.0116,93,708,34.8,20.0,0,0,1,2,4,3.3,-5,Delhi,0.1036,672.6,55.0
Kia,EV6,Long Range RWD,74.4,77.4,168,1980,0.28,2.45,0.011,93,708,25.3,40.8,1,0,1,0,4,1.3,0,Delhi,0.1482,502.1,55.0
Kia,EV6,Long Range RWD,70.0,77.4,168,1980,0.28,2.45,0.0116,93,708,20.3,43.9,1,0,1,1,4,3.2,-5,Delhi,0.2024,345.8,55.0
Kia,EV6,Long Range RWD,66.0,77.4,168,1980,0.28,2.45,0.011,93,708,32.3,26.5,0,0,1,0,2,4.9,0,Delhi,0.0981,672.6,55.0
Kia,EV6,Long Range RWD,69.0,77.4,168,1980,0.28,2.45,0.0112,93,708,18.7,39.4,1,0,2,0,2,3.6,-2,Delhi,0.2266,304.5,55.0
Kia,EV6,Long Range RWD,71.4,77.4,168,1980,0.28,2.45,0.011,93,708,24.4,18.9,0,0,2,1,3,2.6,0,Delhi,0.1215,587.6,55.0
Kia,EV6,Long Range RWD,73.9,77.4,168,1980,0.28,2.45,0.0112,93,708,26.0,10.9,0,0,2,1,4,1.5,-2,Delhi,0.1416,522.0,55.0
Kia,EV6,Long Range RWD,71.8,77.4,168,1980,0.28,2.45,0.011,93,708,28.6,23.1,0,0,0,0,3,2.4,0,Delhi,0.1067,672.6,55.0
Kia,EV6,Long Range RWD,72.1,77.4,168,1980,0.28,2.45,0.0116,93,708,27.4,34.5,1,0,0,0,4,2.3,-5,Delhi,0.1072,672.6,55.0
Kia,EV6,Long Range RWD,72.5,77.4,168,1980,0.28,2.45,0.011,93,708,23.3,25.3,0,0,2,1,3,2.1,0,Mumbai,0.129,562.2,55.0
Kia,EV6,Long Range RWD,67.4,77.4,168,1980,0.28,2.45,0.011,93,708,19.4,24.2,0,0,0,1,4,4.3,0,Mumbai,0.1002,672.6,55.0
Kia,EV6,Long Range RWD,69.5,77.4,168,1980,0.28,2.45,0.011,93,708,21.6,32.3,1,0,2,2,4,3.4,0,Mumbai,0.2613,266.0,55.0
Kia,EV6,Long Range RWD,77.2,77.4,168,1980,0.28,2.45,0.0112,93,708,21.2,33.8,0,0,2,1,4,0.1,-2,Mumbai,0.1329,580.7,55.0
Kia,EV6,Long Range RWD,69.3,77.4,168,1980,0.28,2.45,0.011,93,708,29.8,24.8,0,0,0,1,1,3.5,0,Mumbai,0.103,672.6,55.0
Kia,EV6,Long Range RWD,73.9,77.4,168,1980,0.28,2.45,0.011,93,708,27.4,18.4,0,0,2,0,3,1.5,0,Mumbai,0.1104,669.3,55.0
Kia,EV6,Long Range RWD,68.3,77.4,168,1980,0.28,2.45,0.011,93,708,15.7,18.4,0,0,0,1,2,3.9,0,Mumbai,0.1015,672.6,55.0
Kia,EV6,Long Range RWD,67.4,77.4,168,1980,0.28,2.45,0.0116,93,708,20.6,23.6,0,0,0,0,2,4.3,-5,Mumbai,0.1002,672.6,55.0
Kia,EV6,Long Range RWD,70.7,77.4,168,1980,0.28,2.45,0.011,93,708,24.6,35.8,1,0,2,1,4,2.9,0,Mumbai,0.2445,289.2,55.0
Kia,EV6,Long Range RWD,76.9,77.4,168,1980,0.28,2.45,0.0112,93,708,24.1,36.8,1,0,1,1,2,0.2,2,Mumbai,0.1523,504.8,55.0
Kia,EV6,Long Range RWD,67.9,77.4,168,1980,0.28,2.45,0.011,93,708,18.2,34.4,1,1,2,2,1,4.1,0,Bangalore,0.509,133.4,55.0
Kia,EV6,Long Range RWD,76.7,77.4,168,1980,0.28,2.45,0.0119,93,708,25.6,36.5,0,1,1,1,1,0.3,-8,Bangalore,0.2241,342.2,55.0
Kia,EV6,Long Range RWD,77.4,77.4,168,1980,0.28,2.45,0.0112,93,708,28.8,28.1,0,1,2,2,2,0.0,-2,Bangalore,0.4148,186.6,55.0
Kia,EV6,Long Range RWD,66.5,77.4,168,1980,0.28,2.45,0.0112,93,708,22.2,28.4,0,1,1,1,2,4.7,-2,Bangalore,0.2124,313.1,55.0
Kia,EV6,Long Range RWD,69.5,77.4,168,1980,0.28,2.45,0.011,93,708,29.3,15.7,0,1,2,0,1,3.4,0,Bangalore,0.3122,222.6,55.0
Kia,EV6,Long Range RWD,67.6,77.4,168,1980,0.28,2.45,0.011,93,708,32.6,31.7,1,1,0,1,2,4.2,0,Bangalore,0.2075,325.8,55.0
Kia,EV6,Long Range RWD,71.6,77.4,168,1980,0.28,2.45,0.0116,93,708,31.5,20.0,0,1,1,1,4,2.5,-5,Bangalore,0.2497,286.8,55.0
Kia,EV6,Long Range RWD,72.5,77.4,168,1980,0.28,2.45,0.0119,93,708,16.2,32.4,1,1,2,1,4,2.1,-8,Bangalore,0.5351,135.5,55.0
Kia,EV6,Long Range RWD,73.2,77.4,168,1980,0.28,2.45,0.0116,93,708,22.8,33.0,1,1,2,1,2,1.8,-5,Bangalore,0.4716,155.2,55.0
Kia,EV6,Long Range RWD,66.7,77.4,168,1980,0.28,2.45,0.011,93,708,34.0,18.5,0,1,1,0,2,4.6,0,Bangalore,0.1869,356.8,55.0
Kia,EV6,Long Range RWD,70.4,77.4,168,1980,0.28,2.45,0.0112,93,708,23.2,27.2,1,0,2,1,1,3.0,-2,Chennai,0.1805,390.0,55.0
Kia,EV6,Long Range RWD,67.9,77.4,168,1980,0.28,2.45,0.0112,93,708,33.9,26.2,0,0,2,1,3,4.1,2,Chennai,0.1271,534.3,55.0
Kia,EV6,Long Range RWD,66.7,77.4,168,1980,0.28,2.45,0.0112,93,708,31.6,29.5,1,0,1,1,1,4.6,-2,Chennai,0.1087,613.7,55.0
Kia,EV6,Long Range RWD,71.8,77.4,168,1980,0.28,2.45,0.0112,93,708,24.8,27.3,1,0,0,1,1,2.4,-2,Chennai,0.1067,672.6,55.0
Kia,EV6,Long Range RWD,68.6,77.4,168,1980,0.28,2.45,0.011,93,708,31.7,31.0,0,0,2,1,4,3.8,0,Chennai,0.1354,506.6,55.0
Kia,EV6,Long Range RWD,66.5,77.4,168,1980,0.28,2.45,0.011,93,708,32.0,30.7,1,0,2,1,2,4.7,0,Chennai,0.1923,345.9,55.0
Kia,EV6,Long Range RWD,70.2,77.4,168,1980,0.28,2.45,0.0112,93,708,27.8,41.4,1,0,2,1,3,3.1,-2,Chennai,0.2593,270.7,55.0
Kia,EV6,Long Range RWD,75.3,77.4,168,1980,0.28,2.45,0.011,93,708,30.5,29.4,1,0,1,0,1,0.9,0,Chennai,0.112,672.6,55.0
Kia,EV6,Long Range RWD,68.8,77.4,168,1980,0.28,2.45,0.0112,93,708,26.4,30.4,1,0,2,1,2,3.7,-2,Chennai,0.2103,327.1,55.0
Kia,EV6,Long Range RWD,75.8,77.4,168,1980,0.28,2.45,0.011,93,708,31.4,13.8,0,1,2,2,1,0.7,0,Pune,0.4188,181.0,55.0
Kia,EV6,Long Range RWD,76.7,77.4,168,1980,0.28,2.45,0.011,93,708,27.2,38.6,0,1,0,0,4,0.3,0,Pune,0.1723,445.1,55.0
Kia,EV6,Long Range RWD,71.1,77.4,168,1980,0.28,2.45,0.011,93,708,26.2,28.5,0,1,2,2,1,2.7,0,Pune,0.417,170.5,55.0
Kia,EV6,Long Range RWD,67.0,77.4,168,1980,0.28,2.45,0.011,93,708,39.7,31.6,1,1,0,1,1,4.5,0,Pune,0.1827,366.8,55.0
Kia,EV6,Long Range RWD,67.6,77.4,168,1980,0.28,2.45,0.0116,93,708,19.4,38.3,1,1,2,1,2,4.2,-5,Pune,0.5408,125.0,55.0
Kia,EV6,Long Range RWD,73.2,77.4,168,1980,0.28,2.45,0.0119,93,708,22.3,22.7,0,1,2,0,1,1.8,-8,Pune,0.3111,235.3,55.0
Kia,EV6,Long Range RWD,75.3,77.4,168,1980,0.28,2.45,0.0116,93,708,18.2,13.7,0,1,2,1,3,0.9,-5,Pune,0.4237,177.7,55.0
Kia,EV6,Long Range RWD,67.4,77.4,168,1980,0.28,2.45,0.011,93,708,23.9,24.9,0,1,1,2,2,4.3,0,Pune,0.253,266.4,55.0
Kia,EV6,Long Range RWD,68.8,77.4,168,1980,0.28,2.45,0.011,93,708,26.7,15.3,0,1,2,1,4,3.7,0,Pune,0.3703,185.8,55.0
Kia,EV6,Long Range RWD,71.8,77.4,168,1980,0.28,2.45,0.011,93,708,34.6,23.9,0,0,2,1,2,2.4,0,Hyderabad,0.1356,529.6,55.0
Kia,EV6,Long Range RWD,68.8,77.4,168,1980,0.28,2.45,0.0116,93,708,16.5,19.5,0,0,1,0,2,3.7,-5,Hyderabad,0.1023,672.6,55.0
Kia,EV6,Long Range RWD,69.5,77.4,168,1980,0.28,2.45,0.0112,93,708,29.2,21.9,0,0,0,0,4,3.4,-2,Hyderabad,0.1033,672.6,55.0
Kia,EV6,Long Range RWD,71.8,77.4,168,1980,0.28,2.45,0.0116,93,708,20.1,31.6,0,0,1,1,1,2.4,-5,Hyderabad,0.1067,672.6,55.0
Kia,EV6,Long Range RWD,70.4,77.4,168,1980,0.28,2.45,0.0112,93,708,25.3,31.5,0,0,2,2,2,3.0,-2,Hyderabad,0.1442,488.1,55.0
Kia,EV6,Long Range RWD,72.3,77.4,168,1980,0.28,2.45,0.0119,93,708,32.6,23.6,0,0,2,2,3,2.2,-8,Hyderabad,0.1542,468.9,55.0
Kia,EV6,Long Range RWD,69.0,77.4,168,1980,0.28,2.45,0.0116,93,708,27.4,37.5,1,0,2,1,3,3.6,-5,Hyderabad,0.2345,294.3,55.0
Kia,EV6,Long Range RWD,74.8,77.4,168,1980,0.28,2.45,0.0116,93,708,29.9,32.4,0,0,2,2,2,1.1,-5,Hyderabad,0.1448,516.7,55.0
Kia,EV6,Long Range RWD,72.3,77.4,168,1980,0.28,2.45,0.011,93,708,19.9,29.3,0,0,2,1,2,2.2,0,Hyderabad,0.1183,611.0,55.0
Kia,EV6,Long Range RWD,72.1,77.4,168,1980,0.28,2.45,0.011,93,708,17.4,17.9,0,0,2,0,5,2.3,0,Kolkata,0.1237,582.9,55.0
Kia,EV6,Long Range RWD,71.6,77.4,168,1980,0.28,2.45,0.011,93,708,18.8,14.6,0,0,2,1,1,2.5,0,Kolkata,0.132,542.3,55.0
Kia,EV6,Long Range RWD,66.7,77.4,168,1980,0.28,2.45,0.0112,93,708,22.3,40.8,1,0,1,0,3,4.6,-2,Kolkata,0.179,372.6,55.0
Kia,EV6,Long Range RWD,66.3,77.4,168,1980,0.28,2.45,0.0112,93,708,24.8,38.6,0,0,2,0,3,4.8,-2,Kolkata,0.1249,530.9,55.0
Kia,EV6,Long Range RWD,73.0,77.4,168,1980,0.28,2.45,0.0112,93,708,19.7,17.9,0,0,2,2,1,1.9,-2,Kolkata,0.1381,528.7,55.0
Kia,EV6,Long Range RWD,74.6,77.4,168,1980,0.28,2.45,0.011,93,708,24.0,27.1,0,0,2,0,1,1.2,0,Kolkata,0.1129,660.5,55.0
Kia,EV6,Long Range RWD,73.7,77.4,168,1980,0.28,2.45,0.011,93,708,14.7,17.3,0,0,2,2,1,1.6,0,Kolkata,0.1382,533.2,55.0
Kia,EV6,Long Range RWD,71.8,77.4,168,1980,0.28,2.45,0.0112,93,708,24.0,27.0,1,0,2,0,2,2.4,-2,Kolkata,0.15,478.6,55.0
Kia,EV6,Long Range RWD,73.2,77.4,168,1980,0.28,2.45,0.011,93,708,88.8,43.4,1,0,0,1,2,1.8,0,Highway_NH,0.1245,588.0,55.0
Kia,EV6,Long Range RWD,67.9,77.4,168,1980,0.28,2.45,0.011,93,708,97.9,15.7,0,0,0,2,3,4.1,0,Highway_NH,0.1125,603.6,55.0
Kia,EV6,Long Range RWD,74.1,77.4,168,1980,0.28,2.45,0.011,93,708,90.6,27.1,0,0,1,0,1,1.4,0,Highway_NH,0.115,644.6,55.0
Kia,EV6,Long Range RWD,66.3,77.4,168,1980,0.28,2.45,0.0112,93,708,96.7,43.7,1,0,0,1,1,4.8,-2,Highway_NH,0.123,539.0,55.0
Kia,EV6,Long Range RWD,72.1,77.4,168,1980,0.28,2.45,0.0112,93,708,71.3,16.1,0,0,1,1,1,2.3,2,Highway_NH,0.1072,672.6,55.0
Kia,EV6,Long Range RWD,66.5,77.4,168,1980,0.28,2.45,0.011,93,708,87.9,23.1,1,0,0,1,4,4.7,0,Highway_NH,0.1059,627.8,55.0
Kia,EV6,Long Range RWD,67.9,77.4,168,1980,0.28,2.45,0.0116,93,708,91.8,41.7,1,0,1,1,1,4.1,-5,Highway_NH,0.1739,390.4,55.0
Kia,EV6,Long Range RWD,74.1,77.4,168,1980,0.28,2.45,0.0116,93,708,89.6,43.1,1,0,0,1,3,1.4,-5,Highway_NH,0.1276,580.7,55.0
Kia,EV6,Long Range RWD,68.1,77.4,168,1980,0.28,2.45,0.0112,93,708,104.5,21.8,0,0,1,1,2,4.0,-2,Expressway,0.1581,430.8,55.0
Kia,EV6,Long Range RWD,70.9,77.4,168,1980,0.28,2.45,0.011,93,708,95.1,25.7,0,0,1,1,3,2.8,0,Expressway,0.137,517.6,55.0
Kia,EV6,Long Range RWD,70.0,77.4,168,1980,0.28,2.45,0.011,93,708,98.5,30.7,1,0,0,1,1,3.2,0,Expressway,0.1241,564.2,55.0
Kia,EV6,Long Range RWD,66.7,77.4,168,1980,0.28,2.45,0.0116,93,708,94.1,18.9,0,0,0,1,4,4.6,-5,Expressway,0.1024,651.4,55.0
Kia,EV6,Long Range RWD,70.0,77.4,168,1980,0.28,2.45,0.011,93,708,86.8,26.2,1,0,2,1,5,3.2,0,Expressway,0.2442,286.7,55.0
Kia,EV6,Long Range RWD,67.4,77.4,168,1980,0.28,2.45,0.011,93,708,106.0,43.9,0,0,0,1,4,4.3,0,Expressway,0.134,503.1,55.0
Kia,EV6,Long Range RWD,70.0,77.4,168,1980,0.28,2.45,0.011,93,708,117.1,43.8,1,0,0,2,1,3.2,0,Expressway,0.1908,366.8,55.0
Kia,EV6,Long Range RWD,72.3,77.4,168,1980,0.28,2.45,0.011,93,708,100.3,21.6,0,0,0,1,3,2.2,0,Expressway,0.1164,621.1,55.0
Kia,EV6,Long Range RWD,70.7,77.4,168,1980,0.28,2.45,0.0116,93,708,93.9,42.4,1,0,0,0,2,2.9,-5,Expressway,0.1097,644.4,55.0
Kia,EV6,Long Range RWD,68.3,77.4,168,1980,0.28,2.45,0.011,93,708,91.8,23.7,0,0,0,2,3,3.9,0,Expressway,0.1225,557.6,55.0
Kia,EV6,Long Range RWD,69.7,77.4,168,1980,0.28,2.45,0.011,93,708,114.3,32.5,0,0,0,1,3,3.3,0,Expressway,0.1361,512.2,55.0
Kia,EV6,Long Range RWD,75.8,77.4,168,1980,0.28,2.45,0.011,93,708,93.9,21.0,0,0,1,1,4,0.7,0,Expressway,0.1416,535.2,55.0
Kia,EV6,Long Range RWD,71.6,77.4,168,1980,0.28,2.45,0.0112,93,708,38.3,26.4,0,2,2,2,1,2.5,2,Hill_Station,0.8872,80.7,55.0
Kia,EV6,Long Range RWD,70.2,77.4,168,1980,0.28,2.45,0.0116,93,708,39.1,7.9,0,2,1,0,2,3.1,-5,Hill_Station,0.4861,144.4,55.0
Kia,EV6,Long Range RWD,73.5,77.4,168,1980,0.28,2.45,0.011,93,708,29.3,16.2,0,2,2,0,5,1.7,0,Hill_Station,0.7593,96.8,55.0
Kia,EV6,Long Range RWD,70.0,77.4,168,1980,0.28,2.45,0.011,93,708,34.4,17.3,0,2,1,1,1,3.2,0,Hill_Station,0.4397,159.2,55.0
Kia,EV6,Long Range RWD,70.9,77.4,168,1980,0.28,2.45,0.0112,93,708,26.3,9.8,1,2,1,1,5,2.8,-2,Hill_Station,0.5802,122.2,55.0
Kia,EV6,Long Range RWD,73.9,77.4,168,1980,0.28,2.45,0.0112,93,708,22.1,10.2,0,2,0,1,2,1.5,-2,Hill_Station,0.3751,197.0,55.0
Kia,EV6,Long Range RWD,73.9,77.4,168,1980,0.28,2.45,0.0112,93,708,32.6,10.5,0,2,0,0,1,1.5,-2,Hill_Station,0.3153,234.4,55.0
Kia,EV6,Long Range RWD,72.8,77.4,168,1980,0.28,2.45,0.0112,93,708,26.6,7.2,0,2,1,0,3,2.0,-2,Hill_Station,0.5746,126.7,55.0
Kia,EV6,Long Range RWD,71.4,77.4,168,1980,0.28,2.45,0.0116,93,708,33.7,12.4,0,2,0,2,1,2.6,-5,Hill_Station,0.4348,164.2,55.0
Kia,EV6,Long Range RWD,70.4,77.4,168,1980,0.28,2.45,0.0116,93,708,57.2,15.5,0,0,2,2,4,3.0,-5,Rural_Road,0.1715,410.6,55.0
Kia,EV6,Long Range RWD,73.2,77.4,168,1980,0.28,2.45,0.0112,93,708,54.2,44.9,1,0,0,1,1,1.8,2,Rural_Road,0.1088,672.6,55.0
Kia,EV6,Long Range RWD,68.1,77.4,168,1980,0.28,2.45,0.011,93,708,55.6,16.3,0,0,0,1,4,4.0,0,Rural_Road,0.1012,672.6,55.0
Kia,EV6,Long Range RWD,77.2,77.4,168,1980,0.28,2.45,0.0119,93,708,39.5,35.3,0,0,0,2,1,0.1,-8,Rural_Road,0.1148,672.6,55.0
Kia,EV6,Long Range RWD,67.9,77.4,168,1980,0.28,2.45,0.0112,93,708,48.7,35.2,0,0,2,1,2,4.1,-2,Rural_Road,0.1533,442.9,55.0
Kia,EV6,Long Range RWD,71.4,77.4,168,1980,0.28,2.45,0.0116,93,708,39.7,11.7,0,0,0,2,2,2.6,-5,Rural_Road,0.1062,672.6,55.0
Kia,EV6,Long Range RWD,68.3,77.4,168,1980,0.28,2.45,0.011,93,708,54.9,41.0,1,0,1,1,5,3.9,0,Rural_Road,0.1463,466.8,55.0
Kia,EV6,Long Range RWD,69.5,77.4,168,1980,0.28,2.45,0.0112,93,708,41.2,33.9,0,0,1,1,2,3.4,-2,Rural_Road,0.1033,672.6,55.0
Kia,EV6,Long Range RWD,76.9,77.4,168,1980,0.28,2.45,0.0112,93,708,33.6,12.9,0,0,0,1,2,0.2,-2,Rural_Road,0.1143,672.6,55.0
Kia,EV6,Long Range RWD,75.8,77.4,168,1980,0.28,2.45,0.011,93,708,35.9,39.3,1,0,0,2,1,0.7,0,Rural_Road,0.1127,672.6,55.0
Kia,EV6,Long Range RWD,72.8,77.4,168,1980,0.28,2.45,0.0112,93,708,25.9,32.0,1,2,1,1,1,2.0,-2,Ghat_Road,0.4976,146.3,55.0
Kia,EV6,Long Range RWD,72.5,77.4,168,1980,0.28,2.45,0.0112,93,708,17.8,12.5,0,2,0,0,2,2.1,-2,Ghat_Road,0.3439,210.8,55.0
Kia,EV6,Long Range RWD,73.7,77.4,168,1980,0.28,2.45,0.011,93,708,19.0,11.0,0,2,0,1,4,1.6,0,Ghat_Road,0.3778,195.1,55.0
Kia,EV6,Long Range RWD,66.3,77.4,168,1980,0.28,2.45,0.0116,93,708,33.1,18.6,1,2,1,1,2,4.8,-5,Ghat_Road,0.4948,134.0,55.0
Kia,EV6,Long Range RWD,71.1,77.4,168,1980,0.28,2.45,0.0112,93,708,16.7,33.2,0,2,0,1,3,2.7,-2,Ghat_Road,0.3515,202.3,55.0
Kia,EV6,Long Range RWD,66.0,77.4,168,1980,0.28,2.45,0.0112,93,708,30.0,14.9,0,2,2,0,3,4.9,-2,Ghat_Road,0.7577,87.1,55.0
Kia,EV6,Long Range RWD,73.7,77.4,168,1980,0.28,2.45,0.0116,93,708,26.5,20.2,0,2,1,1,3,1.6,-5,Ghat_Road,0.444,166.0,55.0
Kia,EV6,Long Range RWD,67.4,77.4,168,1980,0.28,2.45,0.0116,93,708,19.9,16.3,0,2,0,2,3,4.3,-5,Ghat_Road,0.4102,164.3,55.0
Kia,EV6,Long Range RWD,68.6,77.4,168,1980,0.28,2.45,0.011,93,708,26.2,19.2,0,2,1,1,1,3.8,0,Ghat_Road,0.4777,143.6,55.0
Kia,EV9,Long Range AWD,90.2,99.8,283,2630,0.28,2.8,0.0122,93,561,34.9,28.8,0,0,1,1,4,3.2,-2,Delhi,0.2409,374.4,75.0
Kia,EV9,Long Range AWD,98.0,99.8,283,2630,0.28,2.8,0.013,93,561,28.1,14.7,0,0,2,0,3,0.6,-8,Delhi,0.4021,243.7,75.0
Kia,EV9,Long Range AWD,91.4,99.8,283,2630,0.28,2.8,0.0126,93,561,27.6,25.4,1,0,2,1,1,2.8,-5,Delhi,0.5047,181.1,75.0
Kia,EV9,Long Range AWD,98.0,99.8,283,2630,0.28,2.8,0.0122,93,561,20.8,39.1,1,0,2,0,1,0.6,-2,Delhi,0.6376,153.7,75.0
Kia,EV9,Long Range AWD,85.1,99.8,283,2630,0.28,2.8,0.013,93,561,27.0,11.1,0,0,2,1,5,4.9,-8,Delhi,0.4877,174.5,75.0
Kia,EV9,Long Range AWD,94.4,99.8,283,2630,0.28,2.8,0.0122,93,561,30.5,26.2,0,0,1,2,1,1.8,-2,Delhi,0.2956,319.3,75.0
Kia,EV9,Long Range AWD,95.9,99.8,283,2630,0.28,2.8,0.012,93,561,24.5,18.3,0,0,2,0,2,1.3,0,Delhi,0.3812,251.6,75.0
Kia,EV9,Long Range AWD,96.5,99.8,283,2630,0.28,2.8,0.0126,93,561,32.4,13.0,0,0,2,1,2,1.1,-5,Delhi,0.4337,222.5,75.0
Kia,EV9,Long Range AWD,97.1,99.8,283,2630,0.28,2.8,0.012,93,561,25.1,22.6,0,0,2,0,4,0.9,0,Delhi,0.3477,279.3,75.0
Kia,EV9,Long Range AWD,90.2,99.8,283,2630,0.28,2.8,0.0126,93,561,28.8,37.3,1,0,2,1,3,3.2,-5,Delhi,0.6242,144.5,75.0
Kia,EV9,Long Range AWD,85.7,99.8,283,2630,0.28,2.8,0.012,93,561,29.2,36.0,1,0,2,1,2,4.7,0,Delhi,0.6255,137.0,75.0
Kia,EV9,Long Range AWD,85.7,99.8,283,2630,0.28,2.8,0.012,93,561,15.6,33.3,0,0,1,2,2,4.7,0,Mumbai,0.2437,351.7,75.0
Kia,EV9,Long Range AWD,92.0,99.8,283,2630,0.28,2.8,0.0126,93,561,12.5,25.4,0,0,2,0,2,2.6,-5,Mumbai,0.3719,247.4,75.0
Kia,EV9,Long Range AWD,89.0,99.8,283,2630,0.28,2.8,0.0126,93,561,27.2,33.4,1,0,2,0,4,3.6,-5,Mumbai,0.5381,165.4,75.0
Kia,EV9,Long Range AWD,95.0,99.8,283,2630,0.28,2.8,0.0122,93,561,14.6,18.7,0,0,2,1,3,1.6,-2,Mumbai,0.3913,242.8,75.0
Kia,EV9,Long Range AWD,87.2,99.8,283,2630,0.28,2.8,0.013,93,561,13.6,28.0,0,0,2,0,4,4.2,-8,Mumbai,0.4024,216.7,75.0
Kia,EV9,Long Range AWD,92.6,99.8,283,2630,0.28,2.8,0.012,93,561,22.6,24.1,0,0,2,0,1,2.4,0,Mumbai,0.3257,284.3,75.0
Kia,EV9,Long Range AWD,91.7,99.8,283,2630,0.28,2.8,0.0126,93,561,24.9,26.8,0,0,1,1,1,2.7,-5,Mumbai,0.2251,407.4,75.0
Kia,EV9,Long Range AWD,98.3,99.8,283,2630,0.28,2.8,0.0122,93,561,18.2,29.1,1,0,2,0,4,0.5,2,Mumbai,0.4935,199.2,75.0
Kia,EV9,Long Range AWD,87.5,99.8,283,2630,0.28,2.8,0.0122,93,561,20.1,25.0,0,0,1,2,2,4.1,-2,Mumbai,0.2818,310.5,75.0
Kia,EV9,Long Range AWD,87.5,99.8,283,2630,0.28,2.8,0.012,93,561,19.6,38.0,0,0,1,1,2,4.1,0,Mumbai,0.2424,361.0,75.0
Kia,EV9,Long Range AWD,89.9,99.8,283,2630,0.28,2.8,0.012,93,561,12.8,26.5,0,0,2,1,1,3.3,0,Mumbai,0.3421,262.8,75.0
Kia,EV9,Long Range AWD,92.3,99.8,283,2630,0.28,2.8,0.0126,93,561,18.3,29.2,0,1,2,2,1,2.5,-5,Bangalore,1.1509,80.2,75.0
Kia,EV9,Long Range AWD,92.3,99.8,283,2630,0.28,2.8,0.012,93,561,16.8,32.9,0,1,2,1,1,2.5,0,Bangalore,1.0872,84.9,75.0
Kia,EV9,Long Range AWD,92.6,99.8,283,2630,0.28,2.8,0.0122,93,561,26.6,21.8,0,1,2,2,1,2.4,-2,Bangalore,1.233,75.1,75.0
Kia,EV9,Long Range AWD,87.5,99.8,283,2630,0.28,2.8,0.0126,93,561,25.8,21.4,0,1,2,1,2,4.1,-5,Bangalore,1.1872,73.7,75.0
Kia,EV9,Long Range AWD,98.0,99.8,283,2630,0.28,2.8,0.0122,93,561,33.7,26.6,0,1,1,2,1,0.6,-2,Bangalore,0.7538,130.0,75.0
Kia,EV9,Long Range AWD,98.0,99.8,283,2630,0.28,2.8,0.012,93,561,18.8,30.6,0,1,0,1,3,0.6,0,Bangalore,0.5568,176.0,75.0
Kia,EV9,Long Range AWD,95.9,99.8,283,2630,0.28,2.8,0.012,93,561,15.7,24.4,1,1,0,1,4,1.3,0,Bangalore,0.5461,175.6,75.0
Kia,EV9,Long Range AWD,85.4,99.8,283,2630,0.28,2.8,0.0126,93,561,22.7,34.7,1,1,0,0,3,4.8,-5,Bangalore,0.5422,157.5,75.0
Kia,EV9,Long Range AWD,99.5,99.8,283,2630,0.28,2.8,0.0122,93,561,20.2,17.2,0,1,2,1,1,0.1,-2,Bangalore,1.0839,91.8,75.0
Kia,EV9,Long Range AWD,90.5,99.8,283,2630,0.28,2.8,0.012,93,561,21.2,21.9,0,1,2,0,3,3.1,0,Bangalore,1.0438,86.7,75.0
Kia,EV9,Long Range AWD,86.9,99.8,283,2630,0.28,2.8,0.0126,93,561,19.6,32.5,0,1,1,1,2,4.3,-5,Bangalore,0.6919,125.6,75.0
Kia,EV9,Long Range AWD,98.0,99.8,283,2630,0.28,2.8,0.012,93,561,22.0,41.0,1,0,2,0,4,0.6,0,Chennai,0.674,145.4,75.0
Kia,EV9,Long Range AWD,95.9,99.8,283,2630,0.28,2.8,0.0122,93,561,22.6,27.0,0,0,2,2,2,1.3,2,Chennai,0.4234,226.5,75.0
Kia,EV9,Long Range AWD,89.0,99.8,283,2630,0.28,2.8,0.0126,93,561,31.6,40.9,1,0,2,1,3,3.6,-5,Chennai,0.6768,131.5,75.0
Kia,EV9,Long Range AWD,86.0,99.8,283,2630,0.28,2.8,0.012,93,561,16.6,37.5,1,0,0,2,4,4.6,0,Chennai,0.3641,236.2,75.0
Kia,EV9,Long Range AWD,95.6,99.8,283,2630,0.28,2.8,0.013,93,561,29.4,33.1,1,0,2,1,3,1.4,-8,Chennai,0.6248,153.0,75.0
Kia,EV9,Long Range AWD,94.4,99.8,283,2630,0.28,2.8,0.013,93,561,22.2,41.7,1,0,0,1,4,1.8,-8,Chennai,0.3712,254.3,75.0
Kia,EV9,Long Range AWD,86.6,99.8,283,2630,0.28,2.8,0.012,93,561,31.1,25.7,0,0,1,0,1,4.4,0,Chennai,0.2246,385.6,75.0
Kia,EV9,Long Range AWD,91.7,99.8,283,2630,0.28,2.8,0.012,93,561,25.4,24.9,1,0,2,0,2,2.7,0,Chennai,0.3899,235.2,75.0
Kia,EV9,Long Range AWD,97.1,99.8,283,2630,0.28,2.8,0.0126,93,561,15.0,37.7,1,0,2,1,1,0.9,-5,Chennai,0.7235,134.2,75.0
Kia,EV9,Long Range AWD,96.5,99.8,283,2630,0.28,2.8,0.012,93,561,15.9,24.7,0,0,1,2,1,1.1,0,Chennai,0.2271,424.9,75.0
Kia,EV9,Long Range AWD,98.3,99.8,283,2630,0.28,2.8,0.0122,93,561,33.2,22.6,1,0,2,0,1,0.5,-2,Chennai,0.3884,253.1,75.0
Kia,EV9,Long Range AWD,95.0,99.8,283,2630,0.28,2.8,0.0126,93,561,33.6,29.6,0,0,2,1,3,1.6,-5,Chennai,0.3947,240.7,75.0
Kia,EV9,Long Range AWD,84.8,99.8,283,2630,0.28,2.8,0.0122,93,561,20.2,16.3,1,1,2,0,3,5.0,-2,Pune,1.0266,82.6,75.0
Kia,EV9,Long Range AWD,88.4,99.8,283,2630,0.28,2.8,0.0126,93,561,29.1,13.0,0,1,2,2,4,3.8,-5,Pune,1.4709,60.1,75.0
Kia,EV9,Long Range AWD,97.4,99.8,283,2630,0.28,2.8,0.0126,93,561,20.8,20.1,0,1,2,0,4,0.8,-5,Pune,1.1419,85.3,75.0
Kia,EV9,Long Range AWD,99.2,99.8,283,2630,0.28,2.8,0.0126,93,561,26.4,12.3,1,1,1,1,2,0.2,-5,Pune,0.7898,125.6,75.0
Kia,EV9,Long Range AWD,95.9,99.8,283,2630,0.28,2.8,0.012,93,561,21.6,22.5,0,1,0,1,2,1.3,0,Pune,0.4762,201.4,75.0
Kia,EV9,Long Range AWD,87.8,99.8,283,2630,0.28,2.8,0.0126,93,561,36.8,28.6,0,1,2,1,1,4.0,-5,Pune,1.0907,80.5,75.0
Kia,EV9,Long Range AWD,98.6,99.8,283,2630,0.28,2.8,0.0122,93,561,37.2,18.6,0,1,2,1,4,0.4,-2,Pune,1.3235,74.5,75.0
Kia,EV9,Long Range AWD,91.7,99.8,283,2630,0.28,2.8,0.013,93,561,21.9,30.1,0,1,2,0,2,2.7,-8,Pune,1.0088,90.9,75.0
Kia,EV9,Long Range AWD,89.3,99.8,283,2630,0.28,2.8,0.0122,93,561,26.2,31.7,0,1,1,1,1,3.5,-2,Pune,0.7037,126.9,75.0
Kia,EV9,Long Range AWD,86.9,99.8,283,2630,0.28,2.8,0.012,93,561,18.0,34.8,1,0,1,1,1,4.3,0,Hyderabad,0.3878,224.1,75.0
Kia,EV9,Long Range AWD,97.1,99.8,283,2630,0.28,2.8,0.0126,93,561,16.6,37.1,0,0,2,2,2,0.9,-5,Hyderabad,0.4748,204.5,75.0
Kia,EV9,Long Range AWD,96.5,99.8,283,2630,0.28,2.8,0.0122,93,561,34.3,29.2,1,0,2,1,1,1.1,-2,Hyderabad,0.4964,194.4,75.0
Kia,EV9,Long Range AWD,97.7,99.8,283,2630,0.28,2.8,0.012,93,561,26.4,34.2,0,0,1,1,5,0.7,0,Hyderabad,0.2442,400.0,75.0
Kia,EV9,Long Range AWD,94.7,99.8,283,2630,0.28,2.8,0.0126,93,561,30.9,27.6,1,0,2,0,2,1.7,-5,Hyderabad,0.4368,216.8,75.0
Kia,EV9,Long Range AWD,86.0,99.8,283,2630,0.28,2.8,0.0126,93,561,23.4,19.7,0,0,1,1,1,4.6,-5,Hyderabad,0.2568,334.9,75.0
Kia,EV9,Long Range AWD,87.5,99.8,283,2630,0.28,2.8,0.012,93,561,27.3,28.8,1,0,1,0,1,4.1,0,Hyderabad,0.2481,352.7,75.0
Kia,EV9,Long Range AWD,96.8,99.8,283,2630,0.28,2.8,0.012,93,561,32.4,26.8,0,0,2,1,1,1.0,0,Hyderabad,0.406,238.4,75.0
Kia,EV9,Long Range AWD,88.4,99.8,283,2630,0.28,2.8,0.012,93,561,16.4,27.9,0,0,2,2,1,3.8,0,Hyderabad,0.4256,207.7,75.0
Kia,EV9,Long Range AWD,97.4,99.8,283,2630,0.28,2.8,0.0126,93,561,21.9,23.6,0,0,2,1,1,0.8,-5,Hyderabad,0.3871,251.6,75.0
Kia,EV9,Long Range AWD,98.0,99.8,283,2630,0.28,2.8,0.013,93,561,16.6,20.5,0,0,2,1,5,0.6,-8,Hyderabad,0.3993,245.4,75.0
Kia,EV9,Long Range AWD,95.0,99.8,283,2630,0.28,2.8,0.012,93,561,17.0,16.3,0,0,2,1,1,1.6,0,Hyderabad,0.3785,251.0,75.0
Kia,EV9,Long Range AWD,91.4,99.8,283,2630,0.28,2.8,0.0126,93,561,23.6,40.6,1,0,2,0,4,2.8,-5,Kolkata,0.7289,125.4,75.0
Kia,EV9,Long Range AWD,99.5,99.8,283,2630,0.28,2.8,0.012,93,561,26.4,36.4,0,0,1,0,2,0.1,0,Kolkata,0.2281,436.2,75.0
Kia,EV9,Long Range AWD,92.3,99.8,283,2630,0.28,2.8,0.012,93,561,15.8,26.8,0,0,2,1,2,2.5,0,Kolkata,0.3566,258.8,75.0
Kia,EV9,Long Range AWD,93.2,99.8,283,2630,0.28,2.8,0.0122,93,561,19.9,31.3,1,0,1,2,1,2.2,-2,Kolkata,0.4065,229.3,75.0
Kia,EV9,Long Range AWD,94.7,99.8,283,2630,0.28,2.8,0.012,93,561,15.9,26.9,0,0,2,2,4,1.7,0,Kolkata,0.4157,227.8,75.0
Kia,EV9,Long Range AWD,96.2,99.8,283,2630,0.28,2.8,0.013,93,561,19.2,12.6,1,0,2,0,2,1.2,-8,Kolkata,0.4643,207.2,75.0
Kia,EV9,Long Range AWD,93.2,99.8,283,2630,0.28,2.8,0.012,93,561,14.8,21.7,0,0,2,1,3,2.2,0,Kolkata,0.4035,231.0,75.0
Kia,EV9,Long Range AWD,95.3,99.8,283,2630,0.28,2.8,0.0126,93,561,25.5,34.7,1,0,2,1,1,1.5,-5,Kolkata,0.5306,179.6,75.0
Kia,EV9,Long Range AWD,92.9,99.8,283,2630,0.28,2.8,0.0126,93,561,26.0,32.3,0,0,1,1,2,2.3,-5,Kolkata,0.2497,372.0,75.0
Kia,EV9,Long Range AWD,88.4,99.8,283,2630,0.28,2.8,0.0122,93,561,20.8,12.5,0,0,0,0,2,3.8,-2,Kolkata,0.1661,532.1,75.0
Kia,EV9,Long Range AWD,95.0,99.8,283,2630,0.28,2.8,0.0122,93,561,22.8,12.8,0,0,2,0,1,1.6,-2,Kolkata,0.386,246.1,75.0
Kia,EV9,Long Range AWD,87.5,99.8,283,2630,0.28,2.8,0.012,93,561,23.2,17.7,0,0,1,1,4,4.1,0,Kolkata,0.2304,379.8,75.0
Kia,EV9,Long Range AWD,97.1,99.8,283,2630,0.28,2.8,0.012,93,561,88.8,41.7,1,0,0,2,5,0.9,0,Highway_NH,0.4169,232.9,75.0
Kia,EV9,Long Range AWD,92.0,99.8,283,2630,0.28,2.8,0.012,93,561,92.3,27.4,1,0,1,0,3,2.6,0,Highway_NH,0.345,266.7,75.0
Kia,EV9,Long Range AWD,98.9,99.8,283,2630,0.28,2.8,0.0126,93,561,83.2,37.4,1,0,2,0,2,0.3,-5,Highway_NH,0.572,172.9,75.0
Kia,EV9,Long Range AWD,90.5,99.8,283,2630,0.28,2.8,0.012,93,561,73.5,27.5,0,0,0,2,1,3.1,0,Highway_NH,0.2964,305.3,75.0
Kia,EV9,Long Range AWD,86.9,99.8,283,2630,0.28,2.8,0.0126,93,561,71.7,36.7,1,0,0,0,1,4.3,-5,Highway_NH,0.2648,328.2,75.0
Kia,EV9,Long Range AWD,89.6,99.8,283,2630,0.28,2.8,0.013,93,561,77.6,24.9,1,0,0,1,4,3.4,-8,Highway_NH,0.2764,324.2,75.0
Kia,EV9,Long Range AWD,98.0,99.8,283,2630,0.28,2.8,0.012,93,561,83.6,20.5,0,0,2,1,3,0.6,0,Highway_NH,0.5987,163.7,75.0
Kia,EV9,Long Range AWD,97.4,99.8,283,2630,0.28,2.8,0.0122,93,561,82.0,23.3,0,0,0,1,1,0.8,-2,Highway_NH,0.2445,398.3,75.0
Kia,EV9,Long Range AWD,93.8,99.8,283,2630,0.28,2.8,0.0122,93,561,93.2,15.8,0,0,2,2,2,2.0,-2,Highway_NH,0.7193,130.4,75.0
Kia,EV9,Long Range AWD,99.5,99.8,283,2630,0.28,2.8,0.012,93,561,83.1,36.0,1,0,0,1,3,0.1,0,Highway_NH,0.3065,324.6,75.0
Kia,EV9,Long Range AWD,91.4,99.8,283,2630,0.28,2.8,0.0126,93,561,99.0,19.2,0,0,0,0,2,2.8,-5,Expressway,0.292,313.0,75.0
Kia,EV9,Long Range AWD,97.1,99.8,283,2630,0.28,2.8,0.0122,93,561,93.8,17.6,0,0,0,0,1,0.9,-2,Expressway,0.2496,389.1,75.0
Kia,EV9,Long Range AWD,95.6,99.8,283,2630,0.28,2.8,0.0126,93,561,83.2,33.0,1,0,1,2,2,1.4,-5,Expressway,0.4334,220.6,75.0
Kia,EV9,Long Range AWD,92.0,99.8,283,2630,0.28,2.8,0.0122,93,561,109.8,23.9,0,0,1,2,2,2.6,2,Expressway,0.5266,174.7,75.0
Kia,EV9,Long Range AWD,89.6,99.8,283,2630,0.28,2.8,0.0122,93,561,107.0,16.3,0,0,0,0,4,3.4,-2,Expressway,0.3314,270.4,75.0
Kia,EV9,Long Range AWD,98.3,99.8,283,2630,0.28,2.8,0.012,93,561,86.2,25.2,0,0,0,1,2,0.5,0,Expressway,0.2731,360.0,75.0
Kia,EV9,Long Range AWD,91.1,99.8,283,2630,0.28,2.8,0.013,93,561,84.7,38.7,1,0,0,1,2,2.9,-8,Expressway,0.3055,298.2,75.0
Kia,EV9,Long Range AWD,88.7,99.8,283,2630,0.28,2.8,0.0122,93,561,99.6,38.6,1,0,0,1,1,3.7,-2,Expressway,0.3368,263.4,75.0
Kia,EV9,Long Range AWD,97.1,99.8,283,2630,0.28,2.8,0.013,93,561,29.1,10.3,0,2,2,1,2,0.9,-8,Hill_Station,1.7308,56.1,75.0
Kia,EV9,Long Range AWD,97.1,99.8,283,2630,0.28,2.8,0.0122,93,561,23.7,20.8,0,2,1,2,1,0.9,-2,Hill_Station,1.5763,61.6,75.0
Kia,EV9,Long Range AWD,90.5,99.8,283,2630,0.28,2.8,0.0126,93,561,35.8,25.1,0,2,2,0,1,3.1,-5,Hill_Station,1.6132,56.1,75.0
Kia,EV9,Long Range AWD,84.8,99.8,283,2630,0.28,2.8,0.0122,93,561,34.8,29.7,1,2,1,0,1,5.0,2,Hill_Station,1.2986,65.3,75.0
Kia,EV9,Long Range AWD,88.1,99.8,283,2630,0.28,2.8,0.0122,93,561,29.1,22.4,0,2,1,1,2,3.9,2,Hill_Station,1.4279,61.7,75.0
Kia,EV9,Long Range AWD,87.8,99.8,283,2630,0.28,2.8,0.013,93,561,39.2,12.1,0,2,1,2,1,4.0,-8,Hill_Station,1.5651,56.1,75.0
Kia,EV9,Long Range AWD,88.4,99.8,283,2630,0.28,2.8,0.012,93,561,31.1,11.0,0,2,0,0,3,3.8,0,Hill_Station,1.0034,88.1,75.0
Kia,EV9,Long Range AWD,88.1,99.8,283,2630,0.28,2.8,0.012,93,561,37.1,19.7,0,2,2,1,3,3.9,0,Hill_Station,1.5704,56.1,75.0
Kia,EV9,Long Range AWD,98.3,99.8,283,2630,0.28,2.8,0.0126,93,561,27.8,27.0,0,2,2,1,2,0.5,-5,Hill_Station,1.7522,56.1,75.0
Kia,EV9,Long Range AWD,88.1,99.8,283,2630,0.28,2.8,0.0122,93,561,32.4,28.1,1,2,1,1,5,3.9,-2,Hill_Station,1.4932,59.0,75.0
Kia,EV9,Long Range AWD,92.6,99.8,283,2630,0.28,2.8,0.0126,93,561,28.7,14.8,0,2,1,2,2,2.4,-5,Hill_Station,1.6506,56.1,75.0
Kia,EV9,Long Range AWD,99.5,99.8,283,2630,0.28,2.8,0.012,93,561,44.2,39.5,0,0,0,2,3,0.1,0,Rural_Road,0.2092,475.7,75.0
Kia,EV9,Long Range AWD,91.7,99.8,283,2630,0.28,2.8,0.0126,93,561,31.8,19.0,0,0,1,2,4,2.7,-5,Rural_Road,0.2879,318.5,75.0
Kia,EV9,Long Range AWD,92.6,99.8,283,2630,0.28,2.8,0.0122,93,561,48.2,28.2,0,0,0,1,1,2.4,-2,Rural_Road,0.1875,493.8,75.0
Kia,EV9,Long Range AWD,94.1,99.8,283,2630,0.28,2.8,0.013,93,561,54.3,17.5,0,0,0,1,1,1.9,-8,Rural_Road,0.2055,457.9,75.0
Kia,EV9,Long Range AWD,99.8,99.8,283,2630,0.28,2.8,0.0126,93,561,57.4,35.5,1,0,0,0,2,0.0,-5,Rural_Road,0.2171,459.6,75.0
Kia,EV9,Long Range AWD,94.4,99.8,283,2630,0.28,2.8,0.013,93,561,52.8,33.6,0,0,0,1,3,1.8,-8,Rural_Road,0.2124,444.5,75.0
Kia,EV9,Long Range AWD,95.0,99.8,283,2630,0.28,2.8,0.0126,93,561,40.7,13.4,1,0,0,0,2,1.6,-5,Rural_Road,0.1848,514.0,75.0
Kia,EV9,Long Range AWD,92.0,99.8,283,2630,0.28,2.8,0.0122,93,561,56.9,28.9,0,0,0,1,3,2.6,-2,Rural_Road,0.2081,442.1,75.0
Kia,EV9,Long Range AWD,94.1,99.8,283,2630,0.28,2.8,0.012,93,561,34.7,12.6,0,0,0,1,4,1.9,0,Rural_Road,0.1836,512.5,75.0
Kia,EV9,Long Range AWD,91.7,99.8,283,2630,0.28,2.8,0.012,93,561,26.6,20.4,1,2,2,1,5,2.7,0,Ghat_Road,1.6346,56.1,75.0
Kia,EV9,Long Range AWD,85.7,99.8,283,2630,0.28,2.8,0.0122,93,561,16.7,22.2,0,2,2,0,2,4.7,-2,Ghat_Road,1.5276,56.1,75.0
Kia,EV9,Long Range AWD,92.6,99.8,283,2630,0.28,2.8,0.012,93,561,21.6,19.1,0,2,2,1,2,2.4,0,Ghat_Road,1.6506,56.1,75.0
Kia,EV9,Long Range AWD,88.7,99.8,283,2630,0.28,2.8,0.012,93,561,21.8,12.9,0,2,1,1,1,3.7,0,Ghat_Road,1.4958,59.3,75.0
Kia,EV9,Long Range AWD,95.0,99.8,283,2630,0.28,2.8,0.012,93,561,28.2,30.3,1,2,0,0,1,1.6,0,Ghat_Road,0.9179,103.5,75.0
Kia,EV9,Long Range AWD,95.3,99.8,283,2630,0.28,2.8,0.012,93,561,30.2,11.9,0,2,2,2,3,1.5,0,Ghat_Road,1.6988,56.1,75.0
Kia,EV9,Long Range AWD,92.0,99.8,283,2630,0.28,2.8,0.0122,93,561,22.8,15.5,0,2,2,1,1,2.6,-2,Ghat_Road,1.6399,56.1,75.0
Kia,EV9,Long Range AWD,99.2,99.8,283,2630,0.28,2.8,0.0122,93,561,15.7,15.9,0,2,2,1,3,0.2,-2,Ghat_Road,1.7683,56.1,75.0
Kia,EV9,Long Range AWD,97.4,99.8,283,2630,0.28,2.8,0.012,93,561,24.8,21.6,0,2,1,0,4,0.8,0,Ghat_Road,1.3216,73.7,75.0
Kia,EV9,Long Range AWD,95.3,99.8,283,2630,0.28,2.8,0.0122,93,561,33.1,18.8,1,2,1,1,2,1.5,2,Ghat_Road,1.4867,64.1,75.0
Kia,EV9,Long Range AWD,92.3,99.8,283,2630,0.28,2.8,0.0122,93,561,26.4,29.0,0,2,1,1,2,2.5,-2,Ghat_Road,1.3817,66.8,75.0
BYD,Atto 3,Extended Range,56.3,60.5,150,1750,0.29,2.4,0.0112,92,521,27.2,25.8,0,0,0,1,4,2.3,-2,Delhi,0.1137,494.95,34.0
BYD,Atto 3,Extended Range,54.0,60.5,150,1750,0.29,2.4,0.011,92,521,28.2,26.5,0,0,2,1,2,3.6,0,Delhi,0.1324,407.9,34.0
BYD,Atto 3,Extended Range,55.6,60.5,150,1750,0.29,2.4,0.0112,92,521,31.5,39.8,1,0,2,1,1,2.7,-2,Delhi,0.2254,246.7,34.0
BYD,Atto 3,Extended Range,57.2,60.5,150,1750,0.29,2.4,0.011,92,521,26.0,34.7,0,0,2,2,4,1.8,0,Delhi,0.1606,356.1,34.0
BYD,Atto 3,Extended Range,54.7,60.5,150,1750,0.29,2.4,0.0112,92,521,33.9,14.1,0,0,1,1,1,3.2,-2,Delhi,0.1105,494.95,34.0
BYD,Atto 3,Extended Range,54.0,60.5,150,1750,0.29,2.4,0.0112,92,521,19.4,13.9,0,0,1,2,4,3.6,-2,Delhi,0.1091,494.95,34.0
BYD,Atto 3,Extended Range,53.6,60.5,150,1750,0.29,2.4,0.0112,92,521,21.8,35.3,1,0,2,0,4,3.8,-2,Delhi,0.2853,187.9,34.0
BYD,Atto 3,Extended Range,51.4,60.5,150,1750,0.29,2.4,0.011,92,521,34.5,36.1,0,0,1,1,4,5.0,0,Delhi,0.1038,494.95,34.0
BYD,Atto 3,Extended Range,56.5,60.5,150,1750,0.29,2.4,0.0119,92,521,32.3,45.2,1,0,2,1,2,2.2,-8,Delhi,0.2781,203.2,34.0
BYD,Atto 3,Extended Range,59.4,60.5,150,1750,0.29,2.4,0.011,92,521,34.7,30.4,1,0,2,1,3,0.6,0,Delhi,0.2024,293.5,34.0
BYD,Atto 3,Extended Range,51.4,60.5,150,1750,0.29,2.4,0.0119,92,521,15.4,10.9,0,0,1,0,4,5.0,-8,Delhi,0.1038,494.95,34.0
BYD,Atto 3,Extended Range,52.7,60.5,150,1750,0.29,2.4,0.0116,92,521,20.8,45.8,1,0,2,1,2,4.3,-5,Delhi,0.3365,156.6,34.0
BYD,Atto 3,Extended Range,57.8,60.5,150,1750,0.29,2.4,0.0112,92,521,19.8,22.4,0,0,2,1,1,1.5,-2,Mumbai,0.1255,460.5,34.0
BYD,Atto 3,Extended Range,59.0,60.5,150,1750,0.29,2.4,0.0119,92,521,17.8,25.2,0,0,2,1,1,0.8,-8,Mumbai,0.1331,443.2,34.0
BYD,Atto 3,Extended Range,51.8,60.5,150,1750,0.29,2.4,0.0112,92,521,24.9,38.0,0,0,2,1,4,4.8,-2,Mumbai,0.1282,403.9,34.0
BYD,Atto 3,Extended Range,54.0,60.5,150,1750,0.29,2.4,0.011,92,521,18.5,35.4,0,0,2,0,1,3.6,0,Mumbai,0.1091,494.95,34.0
BYD,Atto 3,Extended Range,56.0,60.5,150,1750,0.29,2.4,0.0116,92,521,15.5,27.8,0,0,2,1,2,2.5,-5,Mumbai,0.1421,394.0,34.0
BYD,Atto 3,Extended Range,60.1,60.5,150,1750,0.29,2.4,0.0112,92,521,21.5,26.7,0,0,2,2,3,0.2,-2,Mumbai,0.1566,383.9,34.0
BYD,Atto 3,Extended Range,57.1,60.5,150,1750,0.29,2.4,0.0112,92,521,20.4,31.5,0,0,2,2,2,1.9,-2,Mumbai,0.1491,382.9,34.0
BYD,Atto 3,Extended Range,55.4,60.5,150,1750,0.29,2.4,0.0116,92,521,15.9,21.3,0,0,2,1,3,2.8,-5,Mumbai,0.1308,423.4,34.0
BYD,Atto 3,Extended Range,53.4,60.5,150,1750,0.29,2.4,0.011,92,521,16.7,27.2,1,0,2,1,1,3.9,0,Mumbai,0.2004,266.5,34.0
BYD,Atto 3,Extended Range,54.1,60.5,150,1750,0.29,2.4,0.0116,92,521,13.0,26.0,1,0,2,1,1,3.5,-5,Mumbai,0.2425,223.1,34.0
BYD,Atto 3,Extended Range,59.6,60.5,150,1750,0.29,2.4,0.011,92,521,14.5,26.8,0,0,2,1,1,0.5,0,Mumbai,0.1218,489.4,34.0
BYD,Atto 3,Extended Range,60.3,60.5,150,1750,0.29,2.4,0.011,92,521,15.2,36.4,0,0,2,0,1,0.1,0,Mumbai,0.1218,494.95,34.0
BYD,Atto 3,Extended Range,54.7,60.5,150,1750,0.29,2.4,0.0112,92,521,28.4,17.2,0,1,2,1,2,3.2,-2,Bangalore,0.3644,150.1,34.0
BYD,Atto 3,Extended Range,58.7,60.5,150,1750,0.29,2.4,0.0116,92,521,21.1,16.8,0,1,0,1,3,1.0,-5,Bangalore,0.1633,359.4,34.0
BYD,Atto 3,Extended Range,53.1,60.5,150,1750,0.29,2.4,0.0112,92,521,22.0,37.5,1,1,0,1,1,4.1,-2,Bangalore,0.2009,264.3,34.0
BYD,Atto 3,Extended Range,59.4,60.5,150,1750,0.29,2.4,0.011,92,521,20.3,33.6,1,1,2,0,4,0.6,0,Bangalore,0.4531,131.1,34.0
BYD,Atto 3,Extended Range,58.1,60.5,150,1750,0.29,2.4,0.011,92,521,34.9,34.9,0,1,1,2,1,1.3,0,Bangalore,0.2635,220.5,34.0
BYD,Atto 3,Extended Range,55.6,60.5,150,1750,0.29,2.4,0.0112,92,521,19.6,18.0,0,1,2,0,3,2.7,-2,Bangalore,0.3357,165.6,34.0
BYD,Atto 3,Extended Range,59.6,60.5,150,1750,0.29,2.4,0.011,92,521,16.2,29.0,1,1,1,1,1,0.5,0,Bangalore,0.2578,231.2,34.0
BYD,Atto 3,Extended Range,60.5,60.5,150,1750,0.29,2.4,0.0119,92,521,34.3,18.9,0,1,2,0,3,0.0,-8,Bangalore,0.3524,171.7,34.0
BYD,Atto 3,Extended Range,57.8,60.5,150,1750,0.29,2.4,0.0112,92,521,33.0,18.2,0,1,2,1,3,1.5,-2,Bangalore,0.3788,152.6,34.0
BYD,Atto 3,Extended Range,55.4,60.5,150,1750,0.29,2.4,0.0116,92,521,32.1,29.7,0,1,1,1,2,2.8,-5,Bangalore,0.2215,250.1,34.0
BYD,Atto 3,Extended Range,56.7,60.5,150,1750,0.29,2.4,0.011,92,521,27.9,32.0,0,0,1,0,2,2.1,0,Chennai,0.1146,494.95,34.0
BYD,Atto 3,Extended Range,58.5,60.5,150,1750,0.29,2.4,0.011,92,521,27.7,33.8,1,0,2,2,3,1.1,0,Chennai,0.2498,234.2,34.0
BYD,Atto 3,Extended Range,54.7,60.5,150,1750,0.29,2.4,0.011,92,521,17.9,36.8,0,0,2,1,3,3.2,0,Chennai,0.1325,412.8,34.0
BYD,Atto 3,Extended Range,52.2,60.5,150,1750,0.29,2.4,0.011,92,521,27.0,25.2,0,0,2,1,4,4.6,0,Chennai,0.1377,379.1,34.0
BYD,Atto 3,Extended Range,57.2,60.5,150,1750,0.29,2.4,0.011,92,521,17.2,34.9,0,0,2,1,3,1.8,0,Chennai,0.131,436.5,34.0
BYD,Atto 3,Extended Range,56.9,60.5,150,1750,0.29,2.4,0.011,92,521,31.8,37.4,1,0,2,2,3,2.0,0,Chennai,0.3019,188.5,34.0
BYD,Atto 3,Extended Range,60.0,60.5,150,1750,0.29,2.4,0.0112,92,521,25.6,41.8,1,0,2,0,3,0.3,2,Chennai,0.2538,236.4,34.0
BYD,Atto 3,Extended Range,54.5,60.5,150,1750,0.29,2.4,0.011,92,521,31.7,25.3,0,0,0,0,4,3.3,0,Chennai,0.1101,494.95,34.0
BYD,Atto 3,Extended Range,57.1,60.5,150,1750,0.29,2.4,0.0112,92,521,18.1,40.1,1,0,0,2,2,1.9,-2,Chennai,0.1888,302.4,34.0
BYD,Atto 3,Extended Range,55.2,60.5,150,1750,0.29,2.4,0.011,92,521,18.0,34.7,1,0,1,2,3,2.9,0,Chennai,0.175,315.5,34.0
BYD,Atto 3,Extended Range,58.5,60.5,150,1750,0.29,2.4,0.0112,92,521,27.3,25.0,0,0,1,1,2,1.1,-2,Chennai,0.1182,494.95,34.0
BYD,Atto 3,Extended Range,57.8,60.5,150,1750,0.29,2.4,0.0112,92,521,24.6,23.9,0,1,2,2,3,1.5,-2,Pune,0.4419,130.8,34.0
BYD,Atto 3,Extended Range,60.1,60.5,150,1750,0.29,2.4,0.0116,92,521,22.4,36.1,1,1,2,0,3,0.2,-5,Pune,0.4785,125.6,34.0
BYD,Atto 3,Extended Range,54.9,60.5,150,1750,0.29,2.4,0.0116,92,521,31.7,39.7,1,1,1,1,2,3.1,-5,Pune,0.2859,192.0,34.0
BYD,Atto 3,Extended Range,55.2,60.5,150,1750,0.29,2.4,0.011,92,521,33.1,38.0,0,1,1,1,1,2.9,0,Pune,0.2047,269.6,34.0
BYD,Atto 3,Extended Range,54.3,60.5,150,1750,0.29,2.4,0.0116,92,521,22.9,24.3,0,1,2,1,4,3.4,-5,Pune,0.408,133.1,34.0
BYD,Atto 3,Extended Range,54.1,60.5,150,1750,0.29,2.4,0.0116,92,521,25.8,29.0,1,1,2,0,4,3.5,-5,Pune,0.3912,138.3,34.0
BYD,Atto 3,Extended Range,53.4,60.5,150,1750,0.29,2.4,0.011,92,521,26.6,15.1,1,1,2,2,1,3.9,0,Pune,0.4303,124.1,34.0
BYD,Atto 3,Extended Range,56.1,60.5,150,1750,0.29,2.4,0.011,92,521,19.1,39.8,1,1,0,2,1,2.4,0,Pune,0.2462,227.9,34.0
BYD,Atto 3,Extended Range,59.4,60.5,150,1750,0.29,2.4,0.0112,92,521,17.7,37.0,1,0,2,2,3,0.6,-2,Hyderabad,0.3311,179.4,34.0
BYD,Atto 3,Extended Range,56.0,60.5,150,1750,0.29,2.4,0.0116,92,521,31.9,16.3,0,0,2,1,1,2.5,-5,Hyderabad,0.1216,460.6,34.0
BYD,Atto 3,Extended Range,51.4,60.5,150,1750,0.29,2.4,0.011,92,521,19.3,32.4,0,0,1,1,2,5.0,0,Hyderabad,0.1038,494.95,34.0
BYD,Atto 3,Extended Range,56.0,60.5,150,1750,0.29,2.4,0.0112,92,521,16.9,39.1,0,0,1,1,1,2.5,-2,Hyderabad,0.1131,494.95,34.0
BYD,Atto 3,Extended Range,59.2,60.5,150,1750,0.29,2.4,0.011,92,521,23.3,20.3,0,0,2,0,4,0.7,0,Hyderabad,0.1196,494.95,34.0
BYD,Atto 3,Extended Range,55.8,60.5,150,1750,0.29,2.4,0.0116,92,521,21.9,35.0,1,0,0,1,3,2.6,-5,Hyderabad,0.1302,428.5,34.0
BYD,Atto 3,Extended Range,54.9,60.5,150,1750,0.29,2.4,0.0112,92,521,26.2,36.5,0,0,0,0,4,3.1,-2,Hyderabad,0.1109,494.95,34.0
BYD,Atto 3,Extended Range,52.7,60.5,150,1750,0.29,2.4,0.0112,92,521,22.7,28.2,0,0,1,0,2,4.3,-2,Hyderabad,0.1065,494.95,34.0
BYD,Atto 3,Extended Range,54.5,60.5,150,1750,0.29,2.4,0.011,92,521,33.4,17.6,0,0,2,2,4,3.3,0,Hyderabad,0.1602,340.2,34.0
BYD,Atto 3,Extended Range,54.0,60.5,150,1750,0.29,2.4,0.0112,92,521,16.2,41.4,1,0,2,1,1,3.6,-2,Kolkata,0.36,150.0,34.0
BYD,Atto 3,Extended Range,54.3,60.5,150,1750,0.29,2.4,0.011,92,521,26.1,26.6,0,0,2,1,3,3.4,0,Kolkata,0.1272,426.9,34.0
BYD,Atto 3,Extended Range,55.4,60.5,150,1750,0.29,2.4,0.0119,92,521,25.1,31.1,0,0,1,2,2,2.8,-8,Kolkata,0.1119,494.95,34.0
BYD,Atto 3,Extended Range,58.0,60.5,150,1750,0.29,2.4,0.0112,92,521,26.9,19.8,0,0,1,0,1,1.4,-2,Kolkata,0.1172,494.95,34.0
BYD,Atto 3,Extended Range,56.3,60.5,150,1750,0.29,2.4,0.0119,92,521,14.6,16.5,0,0,2,1,4,2.3,-8,Kolkata,0.1425,395.1,34.0
BYD,Atto 3,Extended Range,52.0,60.5,150,1750,0.29,2.4,0.0116,92,521,23.7,31.7,0,0,2,0,1,4.7,-5,Kolkata,0.1223,425.2,34.0
BYD,Atto 3,Extended Range,54.0,60.5,150,1750,0.29,2.4,0.011,92,521,25.4,14.0,0,0,1,1,1,3.6,0,Kolkata,0.1091,494.95,34.0
BYD,Atto 3,Extended Range,59.2,60.5,150,1750,0.29,2.4,0.011,92,521,20.5,35.4,1,0,1,1,1,0.7,0,Kolkata,0.1476,401.0,34.0
BYD,Atto 3,Extended Range,59.4,60.5,150,1750,0.29,2.4,0.011,92,521,84.1,30.0,1,0,1,1,1,0.6,0,Highway_NH,0.152,390.9,34.0
BYD,Atto 3,Extended Range,58.7,60.5,150,1750,0.29,2.4,0.0116,92,521,71.2,35.1,1,0,0,1,1,1.0,-5,Highway_NH,0.1186,494.95,34.0
BYD,Atto 3,Extended Range,56.9,60.5,150,1750,0.29,2.4,0.0112,92,521,83.4,27.2,0,0,2,1,2,2.0,-2,Highway_NH,0.2203,258.3,34.0
BYD,Atto 3,Extended Range,52.9,60.5,150,1750,0.29,2.4,0.011,92,521,92.5,17.0,0,0,1,0,2,4.2,0,Highway_NH,0.1313,403.0,34.0
BYD,Atto 3,Extended Range,58.7,60.5,150,1750,0.29,2.4,0.0112,92,521,79.1,27.2,0,0,0,2,5,1.0,-2,Highway_NH,0.1198,489.8,34.0
BYD,Atto 3,Extended Range,58.7,60.5,150,1750,0.29,2.4,0.011,92,521,78.8,28.8,0,0,2,1,3,1.0,0,Highway_NH,0.2096,280.0,34.0
BYD,Atto 3,Extended Range,59.6,60.5,150,1750,0.29,2.4,0.011,92,521,93.1,39.3,1,0,1,1,2,0.5,0,Highway_NH,0.1822,327.2,34.0
BYD,Atto 3,Extended Range,54.3,60.5,150,1750,0.29,2.4,0.0116,92,521,91.2,33.0,0,0,0,2,1,3.4,-5,Highway_NH,0.1294,419.5,34.0
BYD,Atto 3,Extended Range,56.1,60.5,150,1750,0.29,2.4,0.011,92,521,80.2,26.1,0,0,0,1,1,2.4,0,Highway_NH,0.1133,494.95,34.0
BYD,Atto 3,Extended Range,55.1,60.5,150,1750,0.29,2.4,0.0119,92,521,79.3,42.8,1,0,2,2,1,3.0,-8,Highway_NH,0.3284,167.8,34.0
BYD,Atto 3,Extended Range,58.3,60.5,150,1750,0.29,2.4,0.0112,92,521,95.8,42.7,0,0,0,2,2,1.2,-2,Expressway,0.1407,414.3,34.0
BYD,Atto 3,Extended Range,58.9,60.5,150,1750,0.29,2.4,0.011,92,521,91.5,26.3,0,0,1,1,1,0.9,0,Expressway,0.1469,401.0,34.0
BYD,Atto 3,Extended Range,56.9,60.5,150,1750,0.29,2.4,0.0112,92,521,95.3,35.0,0,0,0,0,1,2.0,-2,Expressway,0.115,494.95,34.0
BYD,Atto 3,Extended Range,56.7,60.5,150,1750,0.29,2.4,0.011,92,521,87.9,39.0,0,0,1,0,3,2.1,0,Expressway,0.1235,459.0,34.0
BYD,Atto 3,Extended Range,55.2,60.5,150,1750,0.29,2.4,0.0116,92,521,95.3,30.9,0,0,0,1,2,2.9,-5,Expressway,0.1178,468.7,34.0
BYD,Atto 3,Extended Range,57.4,60.5,150,1750,0.29,2.4,0.0112,92,521,80.5,25.4,1,0,0,2,2,1.7,-2,Expressway,0.1239,463.3,34.0
BYD,Atto 3,Extended Range,60.3,60.5,150,1750,0.29,2.4,0.0116,92,521,92.4,27.0,1,0,1,0,3,0.1,-5,Expressway,0.1331,453.0,34.0
BYD,Atto 3,Extended Range,52.2,60.5,150,1750,0.29,2.4,0.0112,92,521,86.6,28.9,0,0,0,2,4,4.6,2,Expressway,0.1223,426.9,34.0
BYD,Atto 3,Extended Range,59.4,60.5,150,1750,0.29,2.4,0.011,92,521,91.5,16.0,0,0,0,2,1,0.6,0,Expressway,0.1258,472.0,34.0
BYD,Atto 3,Extended Range,52.7,60.5,150,1750,0.29,2.4,0.011,92,521,91.0,21.6,0,0,1,1,1,4.3,0,Expressway,0.1406,374.7,34.0
BYD,Atto 3,Extended Range,56.1,60.5,150,1750,0.29,2.4,0.0116,92,521,92.5,15.8,0,0,0,0,3,2.4,-5,Expressway,0.1133,494.95,34.0
BYD,Atto 3,Extended Range,55.6,60.5,150,1750,0.29,2.4,0.0112,92,521,112.5,39.4,1,0,0,0,4,2.7,-2,Expressway,0.1343,414.1,34.0
BYD,Atto 3,Extended Range,57.8,60.5,150,1750,0.29,2.4,0.0116,92,521,37.4,19.0,0,2,0,1,1,1.5,-5,Hill_Station,0.3264,177.1,34.0
BYD,Atto 3,Extended Range,56.9,60.5,150,1750,0.29,2.4,0.0112,92,521,35.6,13.5,0,2,1,1,2,2.0,-2,Hill_Station,0.508,112.0,34.0
BYD,Atto 3,Extended Range,59.8,60.5,150,1750,0.29,2.4,0.0116,92,521,24.3,13.0,1,2,1,0,2,0.4,-5,Hill_Station,0.4544,131.6,34.0
BYD,Atto 3,Extended Range,60.1,60.5,150,1750,0.29,2.4,0.011,92,521,22.5,6.5,0,2,2,1,5,0.2,0,Hill_Station,1.0732,56.0,34.0
BYD,Atto 3,Extended Range,53.8,60.5,150,1750,0.29,2.4,0.011,92,521,30.0,29.0,0,2,0,1,2,3.7,0,Hill_Station,0.3438,156.5,34.0
BYD,Atto 3,Extended Range,59.4,60.5,150,1750,0.29,2.4,0.0112,92,521,34.9,25.6,0,2,2,1,1,0.6,-2,Hill_Station,0.7765,76.5,34.0
BYD,Atto 3,Extended Range,52.0,60.5,150,1750,0.29,2.4,0.0112,92,521,34.9,21.1,0,2,0,1,3,4.7,-2,Hill_Station,0.3516,147.9,34.0
BYD,Atto 3,Extended Range,58.1,60.5,150,1750,0.29,2.4,0.0112,92,521,27.5,11.7,0,2,2,1,1,1.3,-2,Hill_Station,0.7873,73.8,34.0
BYD,Atto 3,Extended Range,57.6,60.5,150,1750,0.29,2.4,0.0112,92,521,32.6,28.9,0,2,1,1,3,1.6,-2,Hill_Station,0.4752,121.2,34.0
BYD,Atto 3,Extended Range,60.1,60.5,150,1750,0.29,2.4,0.0112,92,521,45.6,14.2,0,0,0,1,2,0.2,-2,Rural_Road,0.1214,494.95,34.0
BYD,Atto 3,Extended Range,59.6,60.5,150,1750,0.29,2.4,0.011,92,521,38.8,12.3,0,0,0,1,2,0.5,0,Rural_Road,0.1204,494.95,34.0
BYD,Atto 3,Extended Range,55.2,60.5,150,1750,0.29,2.4,0.011,92,521,39.5,20.7,0,0,2,0,2,2.9,0,Rural_Road,0.1335,413.5,34.0
BYD,Atto 3,Extended Range,52.3,60.5,150,1750,0.29,2.4,0.011,92,521,54.7,36.0,0,0,0,2,1,4.5,0,Rural_Road,0.1057,494.95,34.0
BYD,Atto 3,Extended Range,57.6,60.5,150,1750,0.29,2.4,0.0112,92,521,57.8,44.8,1,0,0,1,2,1.6,2,Rural_Road,0.1164,494.95,34.0
BYD,Atto 3,Extended Range,54.7,60.5,150,1750,0.29,2.4,0.0112,92,521,31.0,39.8,1,0,0,1,1,3.2,-2,Rural_Road,0.1105,494.95,34.0
BYD,Atto 3,Extended Range,56.0,60.5,150,1750,0.29,2.4,0.011,92,521,36.9,15.2,0,0,1,1,1,2.5,0,Rural_Road,0.1131,494.95,34.0
BYD,Atto 3,Extended Range,52.7,60.5,150,1750,0.29,2.4,0.0112,92,521,55.3,28.0,0,0,2,2,2,4.3,-2,Rural_Road,0.1871,281.6,34.0
BYD,Atto 3,Extended Range,58.3,60.5,150,1750,0.29,2.4,0.0112,92,521,34.6,25.1,0,0,0,0,1,1.2,-2,Rural_Road,0.1178,494.95,34.0
BYD,Atto 3,Extended Range,54.7,60.5,150,1750,0.29,2.4,0.0112,92,521,31.7,10.6,0,2,1,0,1,3.2,-2,Ghat_Road,0.4141,132.1,34.0
BYD,Atto 3,Extended Range,60.5,60.5,150,1750,0.29,2.4,0.011,92,521,20.8,22.9,0,2,1,1,1,0.0,0,Ghat_Road,0.5017,120.6,34.0
BYD,Atto 3,Extended Range,53.8,60.5,150,1750,0.29,2.4,0.0112,92,521,16.2,14.3,0,2,2,0,1,3.7,2,Ghat_Road,0.6924,77.7,34.0
BYD,Atto 3,Extended Range,53.8,60.5,150,1750,0.29,2.4,0.0116,92,521,31.9,23.0,0,2,2,1,5,3.7,-5,Ghat_Road,0.8115,66.3,34.0
BYD,Atto 3,Extended Range,60.3,60.5,150,1750,0.29,2.4,0.0112,92,521,32.0,27.8,0,2,0,2,4,0.1,2,Ghat_Road,0.4031,149.6,34.0
BYD,Atto 3,Extended Range,52.2,60.5,150,1750,0.29,2.4,0.011,92,521,33.0,14.9,0,2,1,0,4,4.6,0,Ghat_Road,0.4758,109.7,34.0
BYD,Atto 3,Extended Range,56.7,60.5,150,1750,0.29,2.4,0.0119,92,521,24.7,18.5,0,2,2,2,2,2.1,-8,Ghat_Road,0.9014,62.9,34.0
BYD,Atto 3,Extended Range,52.2,60.5,150,1750,0.29,2.4,0.0112,92,521,15.7,18.6,0,2,0,0,3,4.6,2,Ghat_Road,0.3204,162.9,34.0
BYD,Atto 3,Extended Range,55.1,60.5,150,1750,0.29,2.4,0.011,92,521,26.8,14.1,0,2,1,1,1,3.0,0,Ghat_Road,0.4937,111.6,34.0
BYD,Atto 3,Extended Range,52.9,60.5,150,1750,0.29,2.4,0.0116,92,521,17.9,18.4,0,2,2,1,1,4.2,-5,Ghat_Road,0.7451,71.0,34.0
BYD,Atto 3,Extended Range,55.4,60.5,150,1750,0.29,2.4,0.0119,92,521,27.5,13.0,0,2,2,2,2,2.8,-8,Ghat_Road,0.9823,56.4,34.0
BYD,Atto 3,Standard Range,47.2,49.9,150,1690,0.29,2.4,0.011,92,410,32.1,36.3,1,0,2,2,1,1.8,0,Delhi,0.399,118.3,29.0
BYD,Atto 3,Standard Range,47.2,49.9,150,1690,0.29,2.4,0.0112,92,410,29.9,11.6,0,0,2,1,3,1.8,-2,Delhi,0.2659,177.5,29.0
BYD,Atto 3,Standard Range,43.8,49.9,150,1690,0.29,2.4,0.011,92,410,21.6,35.0,0,0,2,1,3,4.1,0,Delhi,0.2097,208.9,29.0
BYD,Atto 3,Standard Range,46.8,49.9,150,1690,0.29,2.4,0.011,92,410,26.1,32.2,1,0,1,1,3,2.1,0,Delhi,0.2471,189.4,29.0
BYD,Atto 3,Standard Range,46.8,49.9,150,1690,0.29,2.4,0.0112,92,410,16.5,27.6,1,0,0,1,1,2.1,-2,Delhi,0.1642,285.0,29.0
BYD,Atto 3,Standard Range,49.3,49.9,150,1690,0.29,2.4,0.011,92,410,34.2,10.5,0,0,1,2,1,0.4,0,Delhi,0.1712,287.9,29.0
BYD,Atto 3,Standard Range,45.7,49.9,150,1690,0.29,2.4,0.0112,92,410,21.2,24.6,0,0,2,2,2,2.8,-2,Delhi,0.2811,162.6,29.0
BYD,Atto 3,Standard Range,48.0,49.9,150,1690,0.29,2.4,0.0116,92,410,23.1,13.9,0,0,1,2,4,1.3,-5,Delhi,0.1739,276.0,29.0
BYD,Atto 3,Standard Range,46.8,49.9,150,1690,0.29,2.4,0.0119,92,410,21.4,19.9,0,0,2,2,3,2.1,-8,Delhi,0.2564,182.5,29.0
BYD,Atto 3,Standard Range,44.2,49.9,150,1690,0.29,2.4,0.011,92,410,18.8,45.8,0,0,1,2,1,3.8,0,Delhi,0.1673,264.2,29.0
BYD,Atto 3,Standard Range,49.8,49.9,150,1690,0.29,2.4,0.011,92,410,23.7,22.4,0,0,2,0,3,0.1,0,Delhi,0.2035,244.7,29.0
BYD,Atto 3,Standard Range,43.6,49.9,150,1690,0.29,2.4,0.011,92,410,16.8,33.7,1,0,2,2,1,4.2,0,Mumbai,0.5259,82.9,29.0
BYD,Atto 3,Standard Range,47.1,49.9,150,1690,0.29,2.4,0.0112,92,410,12.7,29.4,0,0,2,1,1,1.9,2,Mumbai,0.2169,217.2,29.0
BYD,Atto 3,Standard Range,43.5,49.9,150,1690,0.29,2.4,0.011,92,410,23.6,19.1,0,0,1,1,5,4.3,0,Mumbai,0.1332,326.5,29.0
BYD,Atto 3,Standard Range,47.8,49.9,150,1690,0.29,2.4,0.0112,92,410,29.6,34.2,0,0,2,1,4,1.4,-2,Mumbai,0.2376,201.2,29.0
BYD,Atto 3,Standard Range,48.4,49.9,150,1690,0.29,2.4,0.011,92,410,28.9,26.9,0,0,1,1,3,1.0,0,Mumbai,0.1358,356.4,29.0
BYD,Atto 3,Standard Range,49.3,49.9,150,1690,0.29,2.4,0.011,92,410,27.7,37.1,1,0,1,0,2,0.4,0,Mumbai,0.2072,237.9,29.0
BYD,Atto 3,Standard Range,46.3,49.9,150,1690,0.29,2.4,0.011,92,410,19.3,24.9,0,0,0,1,3,2.4,0,Mumbai,0.1189,389.5,29.0
BYD,Atto 3,Standard Range,42.7,49.9,150,1690,0.29,2.4,0.0119,92,410,24.9,27.6,0,0,2,1,1,4.8,-8,Mumbai,0.2233,191.2,29.0
BYD,Atto 3,Standard Range,47.4,49.9,150,1690,0.29,2.4,0.011,92,410,30.1,17.6,0,1,2,0,2,1.7,0,Bangalore,0.5697,83.2,29.0
BYD,Atto 3,Standard Range,49.5,49.9,150,1690,0.29,2.4,0.0119,92,410,26.1,20.9,0,1,1,2,1,0.3,-8,Bangalore,0.4253,116.4,29.0
BYD,Atto 3,Standard Range,46.9,49.9,150,1690,0.29,2.4,0.0116,92,410,27.2,20.1,0,1,2,1,3,2.0,-5,Bangalore,0.7386,63.5,29.0
BYD,Atto 3,Standard Range,43.8,49.9,150,1690,0.29,2.4,0.0116,92,410,28.8,26.0,0,1,2,2,2,4.1,-5,Bangalore,0.7192,60.9,29.0
BYD,Atto 3,Standard Range,46.8,49.9,150,1690,0.29,2.4,0.011,92,410,17.1,35.1,1,1,1,2,2,2.1,0,Bangalore,0.6773,69.1,29.0
BYD,Atto 3,Standard Range,47.2,49.9,150,1690,0.29,2.4,0.0112,92,410,30.3,16.8,0,1,2,1,1,1.8,-2,Bangalore,0.59,80.0,29.0
BYD,Atto 3,Standard Range,48.1,49.9,150,1690,0.29,2.4,0.0119,92,410,21.6,26.0,0,1,2,1,1,1.2,-8,Bangalore,0.6439,74.7,29.0
BYD,Atto 3,Standard Range,48.9,49.9,150,1690,0.29,2.4,0.011,92,410,30.6,30.4,0,1,2,1,3,0.7,0,Bangalore,0.7036,69.5,29.0
BYD,Atto 3,Standard Range,42.7,49.9,150,1690,0.29,2.4,0.011,92,410,19.6,28.4,1,0,1,1,4,4.8,0,Chennai,0.2215,192.8,29.0
BYD,Atto 3,Standard Range,46.9,49.9,150,1690,0.29,2.4,0.011,92,410,27.8,29.4,0,0,0,1,5,2.0,0,Chennai,0.1204,389.5,29.0
BYD,Atto 3,Standard Range,49.8,49.9,150,1690,0.29,2.4,0.0112,92,410,20.2,32.2,0,0,1,1,2,0.1,-2,Chennai,0.1386,359.3,29.0
BYD,Atto 3,Standard Range,46.2,49.9,150,1690,0.29,2.4,0.011,92,410,32.7,33.8,1,0,0,0,1,2.5,0,Chennai,0.1469,314.5,29.0
BYD,Atto 3,Standard Range,46.9,49.9,150,1690,0.29,2.4,0.0116,92,410,30.8,31.6,1,0,2,0,3,2.0,-5,Chennai,0.3234,145.0,29.0
BYD,Atto 3,Standard Range,44.4,49.9,150,1690,0.29,2.4,0.011,92,410,18.7,25.8,1,0,2,0,2,3.7,0,Chennai,0.3138,141.5,29.0
BYD,Atto 3,Standard Range,49.0,49.9,150,1690,0.29,2.4,0.011,92,410,18.9,25.5,0,0,2,2,1,0.6,0,Chennai,0.2695,181.8,29.0
BYD,Atto 3,Standard Range,43.2,49.9,150,1690,0.29,2.4,0.011,92,410,18.4,31.3,0,0,1,1,1,4.5,0,Chennai,0.1262,342.4,29.0
BYD,Atto 3,Standard Range,44.5,49.9,150,1690,0.29,2.4,0.0116,92,410,21.3,12.5,0,1,1,0,2,3.6,-5,Pune,0.3849,115.6,29.0
BYD,Atto 3,Standard Range,49.2,49.9,150,1690,0.29,2.4,0.0119,92,410,27.2,24.2,0,1,0,1,1,0.5,-8,Pune,0.2908,169.2,29.0
BYD,Atto 3,Standard Range,43.3,49.9,150,1690,0.29,2.4,0.011,92,410,21.2,30.5,0,1,1,0,3,4.4,0,Pune,0.357,121.3,29.0
BYD,Atto 3,Standard Range,46.6,49.9,150,1690,0.29,2.4,0.011,92,410,38.1,36.2,1,1,1,1,4,2.2,0,Pune,0.5093,91.5,29.0
BYD,Atto 3,Standard Range,45.6,49.9,150,1690,0.29,2.4,0.0112,92,410,27.3,15.0,0,1,0,2,3,2.9,-2,Pune,0.3069,148.6,29.0
BYD,Atto 3,Standard Range,45.9,49.9,150,1690,0.29,2.4,0.0112,92,410,33.6,33.9,0,1,0,1,1,2.7,-2,Pune,0.2856,160.7,29.0
BYD,Atto 3,Standard Range,48.7,49.9,150,1690,0.29,2.4,0.011,92,410,33.7,21.1,0,1,2,1,1,0.8,0,Pune,0.5975,81.5,29.0
BYD,Atto 3,Standard Range,47.4,49.9,150,1690,0.29,2.4,0.0112,92,410,36.6,21.2,0,1,1,1,3,1.7,-2,Pune,0.401,118.2,29.0
BYD,Atto 3,Standard Range,49.0,49.9,150,1690,0.29,2.4,0.011,92,410,32.5,18.7,0,1,2,2,1,0.6,0,Pune,0.7249,67.6,29.0
BYD,Atto 3,Standard Range,44.4,49.9,150,1690,0.29,2.4,0.0112,92,410,21.0,26.9,0,0,2,1,1,3.7,-2,Hyderabad,0.1978,224.5,29.0
BYD,Atto 3,Standard Range,48.1,49.9,150,1690,0.29,2.4,0.011,92,410,31.3,33.4,1,0,2,1,1,1.2,0,Hyderabad,0.3226,149.1,29.0
BYD,Atto 3,Standard Range,48.9,49.9,150,1690,0.29,2.4,0.0119,92,410,33.4,25.5,1,0,1,1,3,0.7,-8,Hyderabad,0.1813,269.7,29.0
BYD,Atto 3,Standard Range,46.8,49.9,150,1690,0.29,2.4,0.011,92,410,17.4,25.9,0,0,1,0,5,2.1,0,Hyderabad,0.1335,350.6,29.0
BYD,Atto 3,Standard Range,46.2,49.9,150,1690,0.29,2.4,0.0116,92,410,16.2,29.5,0,0,1,1,3,2.5,-5,Hyderabad,0.1366,338.2,29.0
BYD,Atto 3,Standard Range,47.7,49.9,150,1690,0.29,2.4,0.0112,92,410,28.5,26.9,0,0,2,1,2,1.5,-2,Hyderabad,0.2339,203.9,29.0
BYD,Atto 3,Standard Range,42.7,49.9,150,1690,0.29,2.4,0.0119,92,410,20.1,31.3,0,0,2,1,1,4.8,-8,Hyderabad,0.2179,196.0,29.0
BYD,Atto 3,Standard Range,45.7,49.9,150,1690,0.29,2.4,0.0116,92,410,23.9,23.2,0,0,2,0,4,2.8,-5,Hyderabad,0.2025,225.7,29.0
BYD,Atto 3,Standard Range,46.9,49.9,150,1690,0.29,2.4,0.0112,92,410,14.5,34.3,1,0,2,1,2,2.0,2,Kolkata,0.4695,99.9,29.0
BYD,Atto 3,Standard Range,46.3,49.9,150,1690,0.29,2.4,0.0112,92,410,22.7,13.4,0,0,2,1,2,2.4,-2,Kolkata,0.2448,189.1,29.0
BYD,Atto 3,Standard Range,48.9,49.9,150,1690,0.29,2.4,0.0116,92,410,16.0,21.3,0,0,2,1,3,0.7,-5,Kolkata,0.2551,191.7,29.0
BYD,Atto 3,Standard Range,44.1,49.9,150,1690,0.29,2.4,0.011,92,410,15.1,41.4,1,0,2,1,3,3.9,0,Kolkata,0.709,62.2,29.0
BYD,Atto 3,Standard Range,45.9,49.9,150,1690,0.29,2.4,0.011,92,410,22.9,26.4,1,0,1,1,1,2.7,0,Kolkata,0.1898,241.8,29.0
BYD,Atto 3,Standard Range,49.2,49.9,150,1690,0.29,2.4,0.011,92,410,26.1,19.9,0,0,1,1,2,0.5,0,Kolkata,0.1393,353.2,29.0
BYD,Atto 3,Standard Range,45.7,49.9,150,1690,0.29,2.4,0.011,92,410,18.9,32.7,0,0,2,1,3,2.8,0,Kolkata,0.2129,214.7,29.0
BYD,Atto 3,Standard Range,48.4,49.9,150,1690,0.29,2.4,0.011,92,410,25.1,37.7,0,0,2,1,1,1.0,0,Kolkata,0.2094,231.1,29.0
BYD,Atto 3,Standard Range,45.9,49.9,150,1690,0.29,2.4,0.011,92,410,26.4,12.8,0,0,2,2,1,2.7,0,Kolkata,0.2737,167.7,29.0
BYD,Atto 3,Standard Range,47.8,49.9,150,1690,0.29,2.4,0.0112,92,410,15.7,28.7,0,0,0,1,2,1.4,-2,Kolkata,0.1227,389.5,29.0
BYD,Atto 3,Standard Range,47.8,49.9,150,1690,0.29,2.4,0.011,92,410,87.4,17.0,0,0,0,2,3,1.4,0,Highway_NH,0.191,250.3,29.0
BYD,Atto 3,Standard Range,49.3,49.9,150,1690,0.29,2.4,0.0112,92,410,70.1,30.1,1,0,0,1,2,0.4,2,Highway_NH,0.1576,312.8,29.0
BYD,Atto 3,Standard Range,47.8,49.9,150,1690,0.29,2.4,0.011,92,410,75.5,23.5,0,0,1,1,3,1.4,0,Highway_NH,0.2093,228.4,29.0
BYD,Atto 3,Standard Range,46.0,49.9,150,1690,0.29,2.4,0.011,92,410,92.5,32.9,1,0,1,1,1,2.6,0,Highway_NH,0.2815,163.4,29.0
BYD,Atto 3,Standard Range,49.0,49.9,150,1690,0.29,2.4,0.011,92,410,81.0,20.3,0,0,0,1,2,0.6,0,Highway_NH,0.1735,282.5,29.0
BYD,Atto 3,Standard Range,43.0,49.9,150,1690,0.29,2.4,0.0116,92,410,85.8,19.7,0,0,1,2,1,4.6,-5,Highway_NH,0.2792,154.0,29.0
BYD,Atto 3,Standard Range,46.2,49.9,150,1690,0.29,2.4,0.0112,92,410,93.7,27.6,0,0,1,2,1,2.5,-2,Highway_NH,0.3018,153.1,29.0
BYD,Atto 3,Standard Range,49.2,49.9,150,1690,0.29,2.4,0.0116,92,410,75.1,32.7,0,0,1,1,1,0.5,-5,Highway_NH,0.1991,247.1,29.0
BYD,Atto 3,Standard Range,47.2,49.9,150,1690,0.29,2.4,0.011,92,410,95.9,21.6,0,0,0,2,1,1.8,0,Highway_NH,0.2368,199.3,29.0
BYD,Atto 3,Standard Range,46.6,49.9,150,1690,0.29,2.4,0.011,92,410,74.3,22.7,0,0,0,0,1,2.2,0,Highway_NH,0.132,353.0,29.0
BYD,Atto 3,Standard Range,47.7,49.9,150,1690,0.29,2.4,0.0116,92,410,83.4,22.4,0,0,2,2,2,1.5,-5,Expressway,0.4613,103.4,29.0
BYD,Atto 3,Standard Range,42.9,49.9,150,1690,0.29,2.4,0.0112,92,410,93.7,36.2,1,0,0,1,4,4.7,-2,Expressway,0.2166,198.1,29.0
BYD,Atto 3,Standard Range,45.9,49.9,150,1690,0.29,2.4,0.0119,92,410,87.0,31.0,1,0,1,0,2,2.7,-8,Expressway,0.2519,182.2,29.0
BYD,Atto 3,Standard Range,43.3,49.9,150,1690,0.29,2.4,0.0116,92,410,92.7,43.2,1,0,0,1,1,4.4,-5,Expressway,0.2561,169.1,29.0
BYD,Atto 3,Standard Range,43.0,49.9,150,1690,0.29,2.4,0.0112,92,410,91.5,34.2,0,0,1,0,3,4.6,-2,Expressway,0.2361,182.1,29.0
BYD,Atto 3,Standard Range,44.5,49.9,150,1690,0.29,2.4,0.0116,92,410,80.0,27.0,0,0,0,0,1,3.6,-5,Expressway,0.154,289.0,29.0
BYD,Atto 3,Standard Range,49.3,49.9,150,1690,0.29,2.4,0.011,92,410,98.3,18.7,0,0,0,1,2,0.4,0,Expressway,0.1895,260.1,29.0
BYD,Atto 3,Standard Range,43.8,49.9,150,1690,0.29,2.4,0.011,92,410,117.2,43.9,1,0,0,2,1,4.1,0,Expressway,0.3498,125.2,29.0
BYD,Atto 3,Standard Range,46.9,49.9,150,1690,0.29,2.4,0.011,92,410,118.9,28.8,0,0,0,2,1,2.0,0,Expressway,0.2849,164.6,29.0
BYD,Atto 3,Standard Range,46.9,49.9,150,1690,0.29,2.4,0.0112,92,410,86.1,23.6,0,0,0,0,4,2.0,-2,Expressway,0.1729,271.2,29.0
BYD,Atto 3,Standard Range,49.6,49.9,150,1690,0.29,2.4,0.011,92,410,116.7,18.4,0,0,0,0,3,0.2,0,Expressway,0.2203,225.1,29.0
BYD,Atto 3,Standard Range,45.7,49.9,150,1690,0.29,2.4,0.0119,92,410,38.6,10.7,1,2,2,0,2,2.8,-8,Hill_Station,1.1146,41.0,29.0
BYD,Atto 3,Standard Range,45.1,49.9,150,1690,0.29,2.4,0.0119,92,410,26.3,16.6,0,2,0,0,2,3.2,-8,Hill_Station,0.5414,83.3,29.0
BYD,Atto 3,Standard Range,46.6,49.9,150,1690,0.29,2.4,0.011,92,410,24.5,12.8,0,2,1,2,1,2.2,0,Hill_Station,1.0639,43.8,29.0
BYD,Atto 3,Standard Range,48.3,49.9,150,1690,0.29,2.4,0.0116,92,410,33.5,20.2,0,2,1,2,3,1.1,-5,Hill_Station,0.9471,51.0,29.0
BYD,Atto 3,Standard Range,49.5,49.9,150,1690,0.29,2.4,0.0112,92,410,31.4,10.7,1,2,2,1,2,0.3,-2,Hill_Station,1.2073,41.0,29.0
BYD,Atto 3,Standard Range,44.2,49.9,150,1690,0.29,2.4,0.0112,92,410,33.1,29.3,1,2,1,1,4,3.8,-2,Hill_Station,0.85,52.0,29.0
BYD,Atto 3,Standard Range,48.1,49.9,150,1690,0.29,2.4,0.0112,92,410,21.0,23.1,0,2,1,2,3,1.2,-2,Hill_Station,0.9717,49.5,29.0
BYD,Atto 3,Standard Range,45.3,49.9,150,1690,0.29,2.4,0.011,92,410,31.0,15.0,0,2,0,1,5,3.1,0,Hill_Station,0.6843,66.2,29.0
BYD,Atto 3,Standard Range,44.5,49.9,150,1690,0.29,2.4,0.011,92,410,23.5,25.0,0,2,1,2,1,3.6,0,Hill_Station,0.8396,53.0,29.0
BYD,Atto 3,Standard Range,43.3,49.9,150,1690,0.29,2.4,0.0112,92,410,31.5,27.1,0,2,2,1,1,4.4,-2,Hill_Station,1.0561,41.0,29.0
BYD,Atto 3,Standard Range,47.8,49.9,150,1690,0.29,2.4,0.0112,92,410,31.7,29.8,1,2,2,1,4,1.4,2,Hill_Station,1.1659,41.0,29.0
BYD,Atto 3,Standard Range,49.6,49.9,150,1690,0.29,2.4,0.0112,92,410,36.8,5.5,1,2,2,0,2,0.2,-2,Hill_Station,1.2098,41.0,29.0
BYD,Atto 3,Standard Range,45.9,49.9,150,1690,0.29,2.4,0.011,92,410,50.3,16.0,1,0,0,2,1,2.7,0,Rural_Road,0.1297,353.8,29.0
BYD,Atto 3,Standard Range,43.9,49.9,150,1690,0.29,2.4,0.011,92,410,49.6,36.3,0,0,0,1,2,4.0,0,Rural_Road,0.1127,389.5,29.0
BYD,Atto 3,Standard Range,42.6,49.9,150,1690,0.29,2.4,0.011,92,410,46.7,30.1,1,0,1,1,1,4.9,0,Rural_Road,0.2065,206.3,29.0
BYD,Atto 3,Standard Range,49.3,49.9,150,1690,0.29,2.4,0.011,92,410,37.4,31.1,1,0,1,0,5,0.4,0,Rural_Road,0.181,272.4,29.0
BYD,Atto 3,Standard Range,45.9,49.9,150,1690,0.29,2.4,0.011,92,410,46.7,13.7,0,0,1,1,2,2.7,0,Rural_Road,0.1635,280.8,29.0
BYD,Atto 3,Standard Range,49.5,49.9,150,1690,0.29,2.4,0.0116,92,410,39.5,17.1,0,0,0,1,1,0.3,-5,Rural_Road,0.1271,389.5,29.0
BYD,Atto 3,Standard Range,49.2,49.9,150,1690,0.29,2.4,0.0116,92,410,47.9,36.7,0,0,1,1,5,0.5,-5,Rural_Road,0.1818,270.6,29.0
BYD,Atto 3,Standard Range,43.2,49.9,150,1690,0.29,2.4,0.011,92,410,54.8,44.3,1,0,0,0,3,4.5,0,Rural_Road,0.1784,242.2,29.0
BYD,Atto 3,Standard Range,49.3,49.9,150,1690,0.29,2.4,0.011,92,410,33.2,12.1,0,2,2,1,1,0.4,0,Ghat_Road,1.2024,41.0,29.0
BYD,Atto 3,Standard Range,45.7,49.9,150,1690,0.29,2.4,0.011,92,410,16.0,16.0,1,2,0,0,1,2.8,0,Ghat_Road,0.5106,89.5,29.0
BYD,Atto 3,Standard Range,43.5,49.9,150,1690,0.29,2.4,0.011,92,410,30.6,34.1,1,2,1,1,1,4.3,0,Ghat_Road,0.8988,48.4,29.0
BYD,Atto 3,Standard Range,48.1,49.9,150,1690,0.29,2.4,0.011,92,410,32.2,32.9,1,2,0,1,5,1.2,0,Ghat_Road,0.6911,69.6,29.0
BYD,Atto 3,Standard Range,46.9,49.9,150,1690,0.29,2.4,0.011,92,410,24.5,15.7,0,2,1,1,2,2.0,0,Ghat_Road,0.7791,60.2,29.0
BYD,Atto 3,Standard Range,48.7,49.9,150,1690,0.29,2.4,0.011,92,410,34.3,28.1,0,2,2,1,3,0.8,0,Ghat_Road,1.1878,41.0,29.0
BYD,Atto 3,Standard Range,45.4,49.9,150,1690,0.29,2.4,0.011,92,410,25.4,34.8,0,2,2,1,2,3.0,0,Ghat_Road,1.1073,41.0,29.0
BYD,Atto 3,Standard Range,44.1,49.9,150,1690,0.29,2.4,0.0112,92,410,32.5,18.8,0,2,2,1,2,3.9,-2,Ghat_Road,1.0756,41.0,29.0
BYD,Seal,Performance,74.6,82.5,390,2150,0.22,2.3,0.0102,94,580,30.3,39.7,0,0,2,0,2,3.2,-2,Delhi,0.2061,361.9,45.0
BYD,Seal,Performance,76.3,82.5,390,2150,0.22,2.3,0.0105,94,580,34.2,46.9,1,0,1,0,3,2.5,-5,Delhi,0.2722,280.3,45.0
BYD,Seal,Performance,75.3,82.5,390,2150,0.22,2.3,0.0102,94,580,27.2,19.3,0,0,2,1,1,2.9,2,Delhi,0.2347,320.8,45.0
BYD,Seal,Performance,70.9,82.5,390,2150,0.22,2.3,0.01,94,580,16.0,34.5,0,0,2,0,2,4.7,0,Delhi,0.1941,365.3,45.0
BYD,Seal,Performance,80.5,82.5,390,2150,0.22,2.3,0.01,94,580,22.2,22.8,0,0,1,1,2,0.8,0,Delhi,0.1461,551.0,45.0
BYD,Seal,Performance,73.3,82.5,390,2150,0.22,2.3,0.0105,94,580,17.7,24.6,0,0,2,1,4,3.7,-5,Delhi,0.2481,295.4,45.0
BYD,Seal,Performance,76.8,82.5,390,2150,0.22,2.3,0.0105,94,580,25.8,35.3,1,0,1,1,1,2.3,-5,Delhi,0.2641,290.8,45.0
BYD,Seal,Performance,75.1,82.5,390,2150,0.22,2.3,0.01,94,580,21.6,16.1,0,0,2,1,2,3.0,0,Delhi,0.2016,372.6,45.0
BYD,Seal,Performance,81.0,82.5,390,2150,0.22,2.3,0.0102,94,580,30.6,24.1,0,0,1,1,4,0.6,2,Delhi,0.1602,505.7,45.0
BYD,Seal,Performance,74.3,82.5,390,2150,0.22,2.3,0.01,94,580,16.5,24.4,0,0,2,1,4,3.3,0,Mumbai,0.2644,281.0,45.0
BYD,Seal,Performance,72.1,82.5,390,2150,0.22,2.3,0.01,94,580,22.5,36.4,1,0,0,1,2,4.2,0,Mumbai,0.2057,350.5,45.0
BYD,Seal,Performance,76.8,82.5,390,2150,0.22,2.3,0.0105,94,580,28.0,37.1,1,0,2,1,4,2.3,-5,Mumbai,0.4291,179.0,45.0
BYD,Seal,Performance,78.0,82.5,390,2150,0.22,2.3,0.0102,94,580,22.4,36.7,0,0,0,1,5,1.8,-2,Mumbai,0.1416,551.0,45.0
BYD,Seal,Performance,75.1,82.5,390,2150,0.22,2.3,0.0102,94,580,17.6,34.8,1,0,2,1,1,3.0,-2,Mumbai,0.4053,185.3,45.0
BYD,Seal,Performance,78.5,82.5,390,2150,0.22,2.3,0.0102,94,580,13.9,30.7,0,0,2,1,3,1.6,-2,Mumbai,0.2547,308.2,45.0
BYD,Seal,Performance,78.5,82.5,390,2150,0.22,2.3,0.0105,94,580,25.3,25.9,0,0,1,2,3,1.6,-5,Mumbai,0.163,481.6,45.0
BYD,Seal,Performance,81.8,82.5,390,2150,0.22,2.3,0.01,94,580,14.9,28.7,0,0,1,1,4,0.3,0,Mumbai,0.1485,551.0,45.0
BYD,Seal,Performance,78.5,82.5,390,2150,0.22,2.3,0.0105,94,580,22.4,34.7,1,0,2,1,3,1.6,-5,Mumbai,0.3878,202.4,45.0
BYD,Seal,Performance,80.0,82.5,390,2150,0.22,2.3,0.0105,94,580,26.2,28.6,0,0,1,1,3,1.0,-5,Mumbai,0.1452,551.0,45.0
BYD,Seal,Performance,78.0,82.5,390,2150,0.22,2.3,0.0102,94,580,26.4,36.5,0,0,2,2,2,1.8,-2,Mumbai,0.2766,282.0,45.0
BYD,Seal,Performance,72.6,82.5,390,2150,0.22,2.3,0.01,94,580,27.8,35.6,0,1,1,1,1,4.0,0,Bangalore,0.4408,164.7,45.0
BYD,Seal,Performance,72.4,82.5,390,2150,0.22,2.3,0.01,94,580,23.8,30.5,0,1,2,2,1,4.1,0,Bangalore,0.7921,91.4,45.0
BYD,Seal,Performance,82.5,82.5,390,2150,0.22,2.3,0.0105,94,580,25.7,15.7,0,1,2,1,2,0.0,-5,Bangalore,0.7088,116.4,45.0
BYD,Seal,Performance,72.4,82.5,390,2150,0.22,2.3,0.0102,94,580,26.1,24.0,0,1,1,0,1,4.1,-2,Bangalore,0.3829,189.1,45.0
BYD,Seal,Performance,78.5,82.5,390,2150,0.22,2.3,0.01,94,580,21.2,18.6,0,1,2,0,3,1.6,0,Bangalore,0.6488,121.0,45.0
BYD,Seal,Performance,70.4,82.5,390,2150,0.22,2.3,0.0102,94,580,17.8,33.3,0,1,1,1,5,4.9,-2,Bangalore,0.4722,149.1,45.0
BYD,Seal,Performance,79.0,82.5,390,2150,0.22,2.3,0.01,94,580,21.2,20.3,0,1,2,0,1,1.4,0,Bangalore,0.6718,117.6,45.0
BYD,Seal,Performance,76.3,82.5,390,2150,0.22,2.3,0.0102,94,580,19.9,15.1,0,1,2,1,1,2.5,-2,Bangalore,0.6968,109.5,45.0
BYD,Seal,Performance,76.1,82.5,390,2150,0.22,2.3,0.0102,94,580,17.7,33.8,1,0,2,0,3,2.6,-2,Chennai,0.4263,178.5,45.0
BYD,Seal,Performance,70.9,82.5,390,2150,0.22,2.3,0.0105,94,580,31.8,38.9,1,0,2,1,2,4.7,-5,Chennai,0.386,183.7,45.0
BYD,Seal,Performance,74.6,82.5,390,2150,0.22,2.3,0.01,94,580,22.3,40.3,0,0,2,1,1,3.2,0,Chennai,0.2623,284.4,45.0
BYD,Seal,Performance,74.3,82.5,390,2150,0.22,2.3,0.01,94,580,17.4,23.1,0,0,2,1,1,3.3,0,Chennai,0.2144,346.5,45.0
BYD,Seal,Performance,74.1,82.5,390,2150,0.22,2.3,0.0102,94,580,28.2,30.1,0,0,2,1,3,3.4,-2,Chennai,0.2199,336.9,45.0
BYD,Seal,Performance,82.0,82.5,390,2150,0.22,2.3,0.0102,94,580,20.2,37.4,1,0,1,1,3,0.2,-2,Chennai,0.3106,264.0,45.0
BYD,Seal,Performance,73.6,82.5,390,2150,0.22,2.3,0.01,94,580,20.7,29.1,0,0,2,0,1,3.6,0,Chennai,0.2047,359.6,45.0
BYD,Seal,Performance,77.3,82.5,390,2150,0.22,2.3,0.01,94,580,27.8,23.0,0,0,1,2,3,2.1,0,Chennai,0.1502,514.8,45.0
BYD,Seal,Performance,80.5,82.5,390,2150,0.22,2.3,0.0102,94,580,34.3,37.2,0,0,1,1,4,0.8,2,Chennai,0.1472,547.0,45.0
BYD,Seal,Performance,70.6,82.5,390,2150,0.22,2.3,0.01,94,580,23.5,29.2,1,1,1,2,1,4.8,0,Pune,0.5717,123.5,45.0
BYD,Seal,Performance,80.8,82.5,390,2150,0.22,2.3,0.01,94,580,31.3,31.2,0,1,1,1,2,0.7,0,Pune,0.4609,175.3,45.0
BYD,Seal,Performance,81.8,82.5,390,2150,0.22,2.3,0.0102,94,580,30.9,39.3,0,1,2,1,3,0.3,-2,Pune,0.7739,105.7,45.0
BYD,Seal,Performance,76.1,82.5,390,2150,0.22,2.3,0.01,94,580,38.5,32.3,1,1,1,0,2,2.6,0,Pune,0.4469,170.3,45.0
BYD,Seal,Performance,72.4,82.5,390,2150,0.22,2.3,0.0102,94,580,39.7,19.3,0,1,0,2,4,4.1,-2,Pune,0.4114,176.0,45.0
BYD,Seal,Performance,79.0,82.5,390,2150,0.22,2.3,0.0105,94,580,24.9,35.5,1,1,0,2,4,1.4,-5,Pune,0.4956,159.4,45.0
BYD,Seal,Performance,81.5,82.5,390,2150,0.22,2.3,0.0102,94,580,20.0,34.0,0,1,1,1,1,0.4,-2,Pune,0.4386,185.8,45.0
BYD,Seal,Performance,76.1,82.5,390,2150,0.22,2.3,0.0102,94,580,25.1,34.2,1,1,2,1,5,2.6,2,Pune,0.888,85.7,45.0
BYD,Seal,Performance,75.1,82.5,390,2150,0.22,2.3,0.01,94,580,37.9,26.5,1,1,1,1,3,3.0,0,Pune,0.4951,151.7,45.0
BYD,Seal,Performance,70.6,82.5,390,2150,0.22,2.3,0.01,94,580,29.3,17.6,0,1,0,1,4,4.8,0,Pune,0.3604,195.9,45.0
BYD,Seal,Performance,71.6,82.5,390,2150,0.22,2.3,0.01,94,580,34.2,27.6,0,1,1,0,1,4.4,0,Pune,0.3885,184.3,45.0
BYD,Seal,Performance,79.8,82.5,390,2150,0.22,2.3,0.01,94,580,20.9,31.1,1,0,1,1,2,1.1,0,Hyderabad,0.2391,333.7,45.0
BYD,Seal,Performance,70.6,82.5,390,2150,0.22,2.3,0.01,94,580,16.7,19.9,1,0,1,1,2,4.8,0,Hyderabad,0.1612,437.9,45.0
BYD,Seal,Performance,73.1,82.5,390,2150,0.22,2.3,0.01,94,580,16.6,28.5,0,0,0,1,1,3.8,0,Hyderabad,0.1327,551.0,45.0
BYD,Seal,Performance,70.6,82.5,390,2150,0.22,2.3,0.0102,94,580,33.9,35.9,0,0,0,1,1,4.8,-2,Hyderabad,0.1281,551.0,45.0
BYD,Seal,Performance,74.1,82.5,390,2150,0.22,2.3,0.0102,94,580,23.6,16.8,0,0,2,1,4,3.4,-2,Hyderabad,0.2202,336.5,45.0
BYD,Seal,Performance,79.8,82.5,390,2150,0.22,2.3,0.0105,94,580,31.9,20.9,0,0,2,2,4,1.1,-5,Hyderabad,0.2762,288.9,45.0
BYD,Seal,Performance,79.5,82.5,390,2150,0.22,2.3,0.01,94,580,24.9,24.4,0,0,2,0,4,1.2,0,Hyderabad,0.1977,402.1,45.0
BYD,Seal,Performance,73.6,82.5,390,2150,0.22,2.3,0.01,94,580,18.7,17.3,0,0,2,1,4,3.6,0,Hyderabad,0.2492,295.4,45.0
BYD,Seal,Performance,70.4,82.5,390,2150,0.22,2.3,0.0108,94,580,21.1,28.3,0,0,2,1,2,4.9,-8,Kolkata,0.2459,286.3,45.0
BYD,Seal,Performance,72.6,82.5,390,2150,0.22,2.3,0.0108,94,580,22.3,26.2,1,0,2,1,2,4.0,-8,Kolkata,0.3306,219.6,45.0
BYD,Seal,Performance,81.3,82.5,390,2150,0.22,2.3,0.01,94,580,17.4,14.6,0,0,1,0,2,0.5,0,Kolkata,0.1475,551.0,45.0
BYD,Seal,Performance,75.6,82.5,390,2150,0.22,2.3,0.01,94,580,23.1,36.1,1,0,1,0,2,2.8,0,Kolkata,0.2311,327.2,45.0
BYD,Seal,Performance,72.1,82.5,390,2150,0.22,2.3,0.01,94,580,19.1,25.9,0,0,1,0,1,4.2,0,Kolkata,0.1309,551.0,45.0
BYD,Seal,Performance,79.3,82.5,390,2150,0.22,2.3,0.0102,94,580,27.3,16.7,0,0,1,0,2,1.3,2,Kolkata,0.1439,551.0,45.0
BYD,Seal,Performance,73.8,82.5,390,2150,0.22,2.3,0.0102,94,580,18.7,39.5,0,0,1,1,1,3.5,-2,Kolkata,0.1435,514.3,45.0
BYD,Seal,Performance,79.0,82.5,390,2150,0.22,2.3,0.01,94,580,14.2,15.8,0,0,0,1,3,1.4,0,Kolkata,0.1434,551.0,45.0
BYD,Seal,Performance,80.8,82.5,390,2150,0.22,2.3,0.01,94,580,14.5,38.2,1,0,2,1,2,0.7,0,Kolkata,0.5698,141.8,45.0
BYD,Seal,Performance,76.8,82.5,390,2150,0.22,2.3,0.01,94,580,22.5,26.2,0,0,1,2,4,2.3,0,Kolkata,0.1653,464.6,45.0
BYD,Seal,Performance,82.3,82.5,390,2150,0.22,2.3,0.0102,94,580,70.6,23.1,0,0,0,0,4,0.1,-2,Highway_NH,0.1494,551.0,45.0
BYD,Seal,Performance,81.8,82.5,390,2150,0.22,2.3,0.0102,94,580,89.7,20.4,1,0,1,1,3,0.3,-2,Highway_NH,0.2216,369.1,45.0
BYD,Seal,Performance,79.3,82.5,390,2150,0.22,2.3,0.0108,94,580,72.2,22.0,0,0,0,1,2,1.3,-8,Highway_NH,0.1439,551.0,45.0
BYD,Seal,Performance,72.1,82.5,390,2150,0.22,2.3,0.01,94,580,86.3,16.8,0,0,0,1,2,4.2,0,Highway_NH,0.1435,502.4,45.0
BYD,Seal,Performance,71.9,82.5,390,2150,0.22,2.3,0.01,94,580,75.6,25.5,0,0,0,1,3,4.3,0,Highway_NH,0.1377,522.1,45.0
BYD,Seal,Performance,76.8,82.5,390,2150,0.22,2.3,0.0108,94,580,92.6,31.6,0,0,0,2,2,2.3,-8,Highway_NH,0.2002,383.6,45.0
BYD,Seal,Performance,75.3,82.5,390,2150,0.22,2.3,0.01,94,580,98.5,21.5,0,0,0,0,4,2.9,0,Highway_NH,0.1714,439.4,45.0
BYD,Seal,Performance,79.8,82.5,390,2150,0.22,2.3,0.0105,94,580,72.7,28.9,1,0,0,1,1,1.1,-5,Highway_NH,0.1521,524.7,45.0
BYD,Seal,Performance,70.6,82.5,390,2150,0.22,2.3,0.0102,94,580,83.5,30.5,0,0,0,1,3,4.8,-2,Highway_NH,0.166,425.4,45.0
BYD,Seal,Performance,80.0,82.5,390,2150,0.22,2.3,0.0102,94,580,82.1,22.5,0,0,0,0,5,1.0,-2,Highway_NH,0.1452,551.0,45.0
BYD,Seal,Performance,72.6,82.5,390,2150,0.22,2.3,0.0108,94,580,72.5,21.8,0,0,1,1,2,4.0,-8,Highway_NH,0.1899,382.3,45.0
BYD,Seal,Performance,80.3,82.5,390,2150,0.22,2.3,0.0108,94,580,96.6,43.1,1,0,1,1,4,0.9,-8,Expressway,0.3248,247.2,45.0
BYD,Seal,Performance,73.3,82.5,390,2150,0.22,2.3,0.01,94,580,97.8,29.1,0,0,1,1,1,3.7,0,Expressway,0.2209,331.8,45.0
BYD,Seal,Performance,82.0,82.5,390,2150,0.22,2.3,0.0105,94,580,96.1,35.7,0,0,1,1,1,0.2,-5,Expressway,0.2309,355.2,45.0
BYD,Seal,Performance,76.6,82.5,390,2150,0.22,2.3,0.0105,94,580,98.7,20.2,0,0,0,0,1,2.4,-5,Expressway,0.1535,499.0,45.0
BYD,Seal,Performance,79.8,82.5,390,2150,0.22,2.3,0.0102,94,580,85.3,30.0,0,0,0,1,4,1.1,-2,Expressway,0.1591,501.7,45.0
BYD,Seal,Performance,71.4,82.5,390,2150,0.22,2.3,0.0102,94,580,102.7,31.8,0,0,1,1,1,4.5,-2,Expressway,0.2196,325.1,45.0
BYD,Seal,Performance,77.1,82.5,390,2150,0.22,2.3,0.01,94,580,84.3,27.2,0,0,0,0,1,2.2,0,Expressway,0.1409,547.1,45.0
BYD,Seal,Performance,79.3,82.5,390,2150,0.22,2.3,0.0102,94,580,105.7,24.7,0,0,1,2,3,1.3,-2,Expressway,0.3191,248.5,45.0
BYD,Seal,Performance,78.8,82.5,390,2150,0.22,2.3,0.0105,94,580,88.8,34.9,1,0,0,1,2,1.5,-5,Expressway,0.1797,438.4,45.0
BYD,Seal,Performance,77.5,82.5,390,2150,0.22,2.3,0.01,94,580,104.5,28.0,1,0,0,1,3,2.0,0,Expressway,0.1907,406.4,45.0
BYD,Seal,Performance,71.6,82.5,390,2150,0.22,2.3,0.0105,94,580,92.7,41.6,0,0,0,1,2,4.4,-5,Expressway,0.1688,424.2,45.0
BYD,Seal,Performance,71.4,82.5,390,2150,0.22,2.3,0.0105,94,580,22.5,22.6,0,2,2,1,4,4.5,-5,Hill_Station,1.231,58.0,45.0
BYD,Seal,Performance,70.6,82.5,390,2150,0.22,2.3,0.0102,94,580,35.5,7.8,0,2,2,0,4,4.8,-2,Hill_Station,1.2172,58.0,45.0
BYD,Seal,Performance,79.0,82.5,390,2150,0.22,2.3,0.01,94,580,33.3,17.1,0,2,1,0,3,1.4,0,Hill_Station,0.8653,91.3,45.0
BYD,Seal,Performance,71.6,82.5,390,2150,0.22,2.3,0.0102,94,580,36.0,9.1,0,2,2,2,1,4.4,2,Hill_Station,1.2345,58.0,45.0
BYD,Seal,Performance,78.3,82.5,390,2150,0.22,2.3,0.0102,94,580,30.2,12.2,0,2,1,1,1,1.7,-2,Hill_Station,1.0371,75.5,45.0
BYD,Seal,Performance,72.6,82.5,390,2150,0.22,2.3,0.0102,94,580,29.9,20.1,0,2,2,0,2,4.0,-2,Hill_Station,1.2517,58.0,45.0
BYD,Seal,Performance,70.4,82.5,390,2150,0.22,2.3,0.0105,94,580,32.0,26.6,0,2,1,0,2,4.9,-5,Hill_Station,0.812,86.7,45.0
BYD,Seal,Performance,75.1,82.5,390,2150,0.22,2.3,0.0102,94,580,35.8,22.7,0,2,0,2,2,3.0,2,Hill_Station,0.7972,94.2,45.0
BYD,Seal,Performance,75.8,82.5,390,2150,0.22,2.3,0.01,94,580,33.8,16.8,0,2,2,1,2,2.7,0,Hill_Station,1.3069,58.0,45.0
BYD,Seal,Performance,79.3,82.5,390,2150,0.22,2.3,0.01,94,580,33.5,5.9,0,2,0,1,2,1.3,0,Hill_Station,0.8043,98.6,45.0
BYD,Seal,Performance,76.8,82.5,390,2150,0.22,2.3,0.0108,94,580,38.7,19.0,0,2,0,1,1,2.3,-8,Hill_Station,0.6894,111.4,45.0
BYD,Seal,Performance,72.6,82.5,390,2150,0.22,2.3,0.0102,94,580,33.4,15.3,0,0,1,2,5,4.0,-2,Rural_Road,0.1689,429.8,45.0
BYD,Seal,Performance,77.3,82.5,390,2150,0.22,2.3,0.0108,94,580,45.0,22.8,0,0,1,0,1,2.1,-8,Rural_Road,0.1403,551.0,45.0
BYD,Seal,Performance,79.8,82.5,390,2150,0.22,2.3,0.0102,94,580,53.3,42.5,1,0,0,1,3,1.1,-2,Rural_Road,0.1889,422.4,45.0
BYD,Seal,Performance,76.6,82.5,390,2150,0.22,2.3,0.0102,94,580,43.3,26.7,0,0,0,1,3,2.4,-2,Rural_Road,0.139,551.0,45.0
BYD,Seal,Performance,71.1,82.5,390,2150,0.22,2.3,0.01,94,580,34.8,31.4,0,0,0,2,1,4.6,0,Rural_Road,0.129,551.0,45.0
BYD,Seal,Performance,74.3,82.5,390,2150,0.22,2.3,0.01,94,580,57.7,25.8,0,0,0,1,1,3.3,0,Rural_Road,0.1348,551.0,45.0
BYD,Seal,Performance,82.5,82.5,390,2150,0.22,2.3,0.0105,94,580,37.7,38.8,0,0,0,1,1,0.0,-5,Rural_Road,0.1497,551.0,45.0
BYD,Seal,Performance,72.1,82.5,390,2150,0.22,2.3,0.0102,94,580,40.9,33.2,1,0,1,2,1,4.2,-2,Rural_Road,0.2379,303.1,45.0
BYD,Seal,Performance,81.3,82.5,390,2150,0.22,2.3,0.01,94,580,31.8,31.3,0,0,0,0,4,0.5,0,Rural_Road,0.1475,551.0,45.0
BYD,Seal,Performance,79.8,82.5,390,2150,0.22,2.3,0.0102,94,580,59.5,30.1,1,0,0,0,1,1.1,-2,Rural_Road,0.1448,551.0,45.0
BYD,Seal,Performance,79.8,82.5,390,2150,0.22,2.3,0.01,94,580,49.6,14.9,0,0,1,1,2,1.1,0,Rural_Road,0.1669,478.0,45.0
BYD,Seal,Performance,77.3,82.5,390,2150,0.22,2.3,0.0108,94,580,19.3,30.5,1,2,1,1,2,2.1,-8,Ghat_Road,1.039,74.4,45.0
BYD,Seal,Performance,76.3,82.5,390,2150,0.22,2.3,0.0102,94,580,28.4,32.1,1,2,0,1,4,2.5,-2,Ghat_Road,0.8015,95.2,45.0
BYD,Seal,Performance,80.8,82.5,390,2150,0.22,2.3,0.01,94,580,25.3,22.5,0,2,0,1,1,0.7,0,Ghat_Road,0.7176,112.6,45.0
BYD,Seal,Performance,72.1,82.5,390,2150,0.22,2.3,0.01,94,580,34.8,14.1,1,2,2,1,1,4.2,0,Ghat_Road,1.2431,58.0,45.0
BYD,Seal,Performance,80.5,82.5,390,2150,0.22,2.3,0.0102,94,580,33.7,23.9,0,2,2,1,1,0.8,-2,Ghat_Road,1.3879,58.0,45.0
BYD,Seal,Performance,71.9,82.5,390,2150,0.22,2.3,0.01,94,580,32.8,30.2,0,2,1,0,1,4.3,0,Ghat_Road,0.8227,87.4,45.0
BYD,Seal,Performance,74.8,82.5,390,2150,0.22,2.3,0.0105,94,580,19.4,32.6,0,2,2,0,4,3.1,-5,Ghat_Road,1.2897,58.0,45.0
BYD,Seal,Performance,71.4,82.5,390,2150,0.22,2.3,0.0102,94,580,21.8,15.4,0,2,2,2,5,4.5,2,Ghat_Road,1.231,58.0,45.0
BYD,Seal,Dynamic,52.6,61.4,150,1860,0.22,2.3,0.0102,94,510,32.5,20.9,0,0,2,1,1,4.8,-2,Delhi,0.1977,266.1,41.0
BYD,Seal,Dynamic,55.1,61.4,150,1860,0.22,2.3,0.0102,94,510,17.5,20.5,0,0,2,2,2,3.4,-2,Delhi,0.2553,215.8,41.0
BYD,Seal,Dynamic,60.5,61.4,150,1860,0.22,2.3,0.01,94,510,33.9,30.9,1,0,0,0,1,0.5,0,Delhi,0.1286,470.5,41.0
BYD,Seal,Dynamic,55.5,61.4,150,1860,0.22,2.3,0.01,94,510,15.9,25.5,0,0,2,1,1,3.2,0,Delhi,0.2004,277.0,41.0
BYD,Seal,Dynamic,57.2,61.4,150,1860,0.22,2.3,0.0105,94,510,26.9,43.4,1,0,0,0,3,2.3,-5,Delhi,0.2013,284.2,41.0
BYD,Seal,Dynamic,59.2,61.4,150,1860,0.22,2.3,0.0102,94,510,19.7,26.9,1,0,2,0,2,1.2,-2,Delhi,0.2717,217.9,41.0
BYD,Seal,Dynamic,57.7,61.4,150,1860,0.22,2.3,0.0105,94,510,16.3,10.5,1,0,1,1,4,2.0,-5,Delhi,0.1782,323.8,41.0
BYD,Seal,Dynamic,55.3,61.4,150,1860,0.22,2.3,0.01,94,510,27.9,30.8,0,0,1,0,2,3.3,0,Delhi,0.1141,484.5,41.0
BYD,Seal,Dynamic,52.4,61.4,150,1860,0.22,2.3,0.01,94,510,33.6,31.5,0,0,2,1,1,4.9,0,Delhi,0.2022,259.1,41.0
BYD,Seal,Dynamic,54.2,61.4,150,1860,0.22,2.3,0.0102,94,510,27.9,15.3,0,0,2,1,3,3.9,-2,Delhi,0.1977,274.1,41.0
BYD,Seal,Dynamic,56.8,61.4,150,1860,0.22,2.3,0.01,94,510,19.5,30.6,0,0,0,2,3,2.5,0,Delhi,0.1172,484.5,41.0
BYD,Seal,Dynamic,58.5,61.4,150,1860,0.22,2.3,0.0105,94,510,23.4,22.9,0,0,2,1,2,1.6,-5,Delhi,0.2251,259.9,41.0
BYD,Seal,Dynamic,56.4,61.4,150,1860,0.22,2.3,0.0102,94,510,23.1,25.9,0,0,1,0,3,2.7,-2,Mumbai,0.1164,484.5,41.0
BYD,Seal,Dynamic,56.4,61.4,150,1860,0.22,2.3,0.0102,94,510,17.2,36.1,1,0,2,1,1,2.7,-2,Mumbai,0.5086,110.9,41.0
BYD,Seal,Dynamic,52.7,61.4,150,1860,0.22,2.3,0.01,94,510,16.1,29.4,0,0,1,1,4,4.7,0,Mumbai,0.1312,401.8,41.0
BYD,Seal,Dynamic,55.7,61.4,150,1860,0.22,2.3,0.0102,94,510,16.6,22.8,0,0,0,1,2,3.1,-2,Mumbai,0.115,484.5,41.0
BYD,Seal,Dynamic,52.6,61.4,150,1860,0.22,2.3,0.0102,94,510,24.2,34.0,1,0,2,1,2,4.8,-2,Mumbai,0.3261,161.3,41.0
BYD,Seal,Dynamic,53.7,61.4,150,1860,0.22,2.3,0.0105,94,510,24.3,28.3,1,0,2,1,3,4.2,-5,Mumbai,0.3133,171.4,41.0
BYD,Seal,Dynamic,58.6,61.4,150,1860,0.22,2.3,0.0102,94,510,15.1,19.5,0,0,2,1,1,1.5,-2,Mumbai,0.2027,289.1,41.0
BYD,Seal,Dynamic,55.3,61.4,150,1860,0.22,2.3,0.0102,94,510,21.0,20.4,0,0,2,1,4,3.3,2,Mumbai,0.2209,250.3,41.0
BYD,Seal,Dynamic,53.8,61.4,150,1860,0.22,2.3,0.01,94,510,14.5,22.5,0,0,2,0,1,4.1,0,Mumbai,0.1644,327.2,41.0
BYD,Seal,Dynamic,52.7,61.4,150,1860,0.22,2.3,0.0105,94,510,20.6,23.4,0,0,2,0,3,4.7,-5,Mumbai,0.2007,262.6,41.0
BYD,Seal,Dynamic,58.3,61.4,150,1860,0.22,2.3,0.0102,94,510,15.2,18.3,0,0,2,1,2,1.7,2,Mumbai,0.2083,279.9,41.0
BYD,Seal,Dynamic,60.3,61.4,150,1860,0.22,2.3,0.0108,94,510,15.8,28.7,0,0,2,1,1,0.6,-8,Mumbai,0.2048,294.4,41.0
BYD,Seal,Dynamic,56.8,61.4,150,1860,0.22,2.3,0.0102,94,510,34.5,18.3,0,1,0,1,5,2.5,-2,Bangalore,0.3092,183.7,41.0
BYD,Seal,Dynamic,59.9,61.4,150,1860,0.22,2.3,0.01,94,510,18.8,19.4,1,1,1,1,1,0.8,0,Bangalore,0.4007,149.5,41.0
BYD,Seal,Dynamic,58.8,61.4,150,1860,0.22,2.3,0.0102,94,510,32.0,30.6,0,1,2,1,2,1.4,2,Bangalore,0.588,100.0,41.0
BYD,Seal,Dynamic,54.0,61.4,150,1860,0.22,2.3,0.0102,94,510,32.9,36.8,1,1,2,1,2,4.0,-2,Bangalore,0.8346,64.7,41.0
BYD,Seal,Dynamic,54.6,61.4,150,1860,0.22,2.3,0.01,94,510,20.2,36.1,1,1,2,2,2,3.7,0,Bangalore,1.0302,53.0,41.0
BYD,Seal,Dynamic,54.4,61.4,150,1860,0.22,2.3,0.01,94,510,25.8,26.4,0,1,2,1,1,3.8,0,Bangalore,0.6523,83.4,41.0
BYD,Seal,Dynamic,59.2,61.4,150,1860,0.22,2.3,0.01,94,510,24.5,33.8,1,1,1,1,3,1.2,0,Bangalore,0.4897,120.9,41.0
BYD,Seal,Dynamic,54.6,61.4,150,1860,0.22,2.3,0.0102,94,510,23.1,30.6,0,1,2,0,1,3.7,-2,Bangalore,0.5225,104.5,41.0
BYD,Seal,Dynamic,53.1,61.4,150,1860,0.22,2.3,0.0105,94,510,24.8,37.4,1,0,2,1,1,4.5,-5,Chennai,0.4085,130.0,41.0
BYD,Seal,Dynamic,59.0,61.4,150,1860,0.22,2.3,0.0102,94,510,26.5,24.4,0,0,2,1,1,1.3,-2,Chennai,0.1837,321.2,41.0
BYD,Seal,Dynamic,56.4,61.4,150,1860,0.22,2.3,0.01,94,510,28.6,41.6,1,0,1,1,4,2.7,0,Chennai,0.3023,186.6,41.0
BYD,Seal,Dynamic,57.5,61.4,150,1860,0.22,2.3,0.0102,94,510,17.0,31.5,0,0,1,2,1,2.1,-2,Chennai,0.1278,449.8,41.0
BYD,Seal,Dynamic,61.0,61.4,150,1860,0.22,2.3,0.01,94,510,29.2,35.1,1,0,2,1,3,0.2,0,Chennai,0.3841,158.8,41.0
BYD,Seal,Dynamic,59.2,61.4,150,1860,0.22,2.3,0.01,94,510,23.2,26.6,0,0,2,2,4,1.2,0,Chennai,0.24,246.7,41.0
BYD,Seal,Dynamic,54.6,61.4,150,1860,0.22,2.3,0.0102,94,510,27.2,25.7,0,0,2,2,1,3.7,2,Chennai,0.2174,251.1,41.0
BYD,Seal,Dynamic,55.5,61.4,150,1860,0.22,2.3,0.0102,94,510,29.7,24.4,0,0,1,0,1,3.2,-2,Chennai,0.1146,484.5,41.0
BYD,Seal,Dynamic,56.8,61.4,150,1860,0.22,2.3,0.01,94,510,19.2,30.6,1,0,1,1,2,2.5,0,Chennai,0.2413,235.4,41.0
BYD,Seal,Dynamic,58.3,61.4,150,1860,0.22,2.3,0.0105,94,510,25.3,29.6,0,0,2,1,1,1.7,-5,Chennai,0.2012,289.8,41.0
BYD,Seal,Dynamic,57.3,61.4,150,1860,0.22,2.3,0.0102,94,510,31.1,38.4,0,0,1,1,3,2.2,-2,Chennai,0.1201,477.0,41.0
BYD,Seal,Dynamic,56.8,61.4,150,1860,0.22,2.3,0.0105,94,510,36.2,31.0,0,1,1,2,1,2.5,-5,Pune,0.429,132.4,41.0
BYD,Seal,Dynamic,59.7,61.4,150,1860,0.22,2.3,0.01,94,510,29.8,15.0,0,1,2,1,1,0.9,0,Pune,0.5632,106.0,41.0
BYD,Seal,Dynamic,57.0,61.4,150,1860,0.22,2.3,0.0105,94,510,29.0,14.1,0,1,1,1,1,2.4,-5,Pune,0.4235,134.6,41.0
BYD,Seal,Dynamic,55.9,61.4,150,1860,0.22,2.3,0.0108,94,510,33.4,25.9,0,1,2,1,4,3.0,-8,Pune,0.7336,76.2,41.0
BYD,Seal,Dynamic,54.8,61.4,150,1860,0.22,2.3,0.0102,94,510,26.1,39.0,1,1,0,1,2,3.6,2,Pune,0.3827,143.2,41.0
BYD,Seal,Dynamic,54.8,61.4,150,1860,0.22,2.3,0.01,94,510,32.5,19.2,0,1,2,1,3,3.6,0,Pune,0.6587,83.2,41.0
BYD,Seal,Dynamic,57.9,61.4,150,1860,0.22,2.3,0.0108,94,510,32.9,34.7,1,1,2,0,2,1.9,-8,Pune,0.7113,81.4,41.0
BYD,Seal,Dynamic,58.6,61.4,150,1860,0.22,2.3,0.01,94,510,33.2,21.1,0,1,1,1,2,1.5,0,Pune,0.3649,160.6,41.0
BYD,Seal,Dynamic,55.0,61.4,150,1860,0.22,2.3,0.01,94,510,27.6,13.9,0,1,0,1,1,3.5,0,Pune,0.3049,180.4,41.0
BYD,Seal,Dynamic,56.4,61.4,150,1860,0.22,2.3,0.01,94,510,20.7,30.7,1,1,0,0,1,2.7,0,Pune,0.3343,168.7,41.0
BYD,Seal,Dynamic,57.5,61.4,150,1860,0.22,2.3,0.0102,94,510,25.4,28.8,0,0,0,1,5,2.1,-2,Hyderabad,0.1187,484.5,41.0
BYD,Seal,Dynamic,52.6,61.4,150,1860,0.22,2.3,0.0102,94,510,33.7,38.3,1,0,0,1,2,4.8,2,Hyderabad,0.1639,321.0,41.0
BYD,Seal,Dynamic,54.2,61.4,150,1860,0.22,2.3,0.0102,94,510,29.2,25.8,0,0,1,1,1,3.9,2,Hyderabad,0.1179,459.6,41.0
BYD,Seal,Dynamic,55.5,61.4,150,1860,0.22,2.3,0.0108,94,510,26.7,17.1,0,0,2,1,2,3.2,-8,Hyderabad,0.2278,243.6,41.0
BYD,Seal,Dynamic,59.0,61.4,150,1860,0.22,2.3,0.01,94,510,20.6,41.8,1,0,2,2,2,1.3,0,Hyderabad,0.627,94.1,41.0
BYD,Seal,Dynamic,61.2,61.4,150,1860,0.22,2.3,0.01,94,510,28.0,28.0,0,0,2,0,1,0.1,0,Hyderabad,0.1621,377.6,41.0
BYD,Seal,Dynamic,60.7,61.4,150,1860,0.22,2.3,0.0102,94,510,20.5,32.9,1,0,1,2,4,0.4,-2,Hyderabad,0.2768,219.3,41.0
BYD,Seal,Dynamic,55.0,61.4,150,1860,0.22,2.3,0.0105,94,510,20.5,17.6,0,0,2,0,2,3.5,-5,Hyderabad,0.206,267.0,41.0
BYD,Seal,Dynamic,59.9,61.4,150,1860,0.22,2.3,0.01,94,510,23.5,25.6,1,0,0,1,5,0.8,0,Kolkata,0.1374,436.1,41.0
BYD,Seal,Dynamic,56.2,61.4,150,1860,0.22,2.3,0.0108,94,510,19.5,29.9,0,0,2,1,2,2.8,-8,Kolkata,0.2139,262.8,41.0
BYD,Seal,Dynamic,59.6,61.4,150,1860,0.22,2.3,0.01,94,510,21.2,15.6,0,0,2,0,2,1.0,0,Kolkata,0.1815,328.4,41.0
BYD,Seal,Dynamic,58.8,61.4,150,1860,0.22,2.3,0.01,94,510,28.0,34.8,0,0,2,2,1,1.4,0,Kolkata,0.2193,268.1,41.0
BYD,Seal,Dynamic,55.7,61.4,150,1860,0.22,2.3,0.0102,94,510,27.0,30.0,0,0,2,0,4,3.1,-2,Kolkata,0.2009,277.3,41.0
BYD,Seal,Dynamic,52.9,61.4,150,1860,0.22,2.3,0.01,94,510,17.9,39.4,0,0,2,0,1,4.6,0,Kolkata,0.1631,324.3,41.0
BYD,Seal,Dynamic,55.5,61.4,150,1860,0.22,2.3,0.0108,94,510,12.2,37.2,1,0,1,1,1,3.2,-8,Kolkata,0.3732,148.7,41.0
BYD,Seal,Dynamic,53.3,61.4,150,1860,0.22,2.3,0.0108,94,510,26.9,25.4,0,0,2,1,2,4.4,-8,Kolkata,0.2283,233.5,41.0
BYD,Seal,Dynamic,55.0,61.4,150,1860,0.22,2.3,0.01,94,510,14.3,24.5,0,0,2,0,1,3.5,0,Kolkata,0.1921,286.3,41.0
BYD,Seal,Dynamic,56.1,61.4,150,1860,0.22,2.3,0.0105,94,510,24.1,30.8,0,0,0,1,5,2.9,-5,Kolkata,0.1158,484.5,41.0
BYD,Seal,Dynamic,52.9,61.4,150,1860,0.22,2.3,0.0105,94,510,26.5,25.4,0,0,2,1,3,4.6,-5,Kolkata,0.2128,248.6,41.0
BYD,Seal,Dynamic,58.5,61.4,150,1860,0.22,2.3,0.0105,94,510,74.1,18.7,0,0,1,0,2,1.6,-5,Highway_NH,0.1613,362.7,41.0
BYD,Seal,Dynamic,56.4,61.4,150,1860,0.22,2.3,0.0102,94,510,92.3,16.8,0,0,0,0,4,2.7,-2,Highway_NH,0.1407,400.8,41.0
BYD,Seal,Dynamic,60.3,61.4,150,1860,0.22,2.3,0.0108,94,510,96.2,30.9,1,0,0,1,1,0.6,-8,Highway_NH,0.1805,334.1,41.0
BYD,Seal,Dynamic,58.1,61.4,150,1860,0.22,2.3,0.0105,94,510,95.3,34.1,1,0,2,2,2,1.8,-5,Highway_NH,0.4192,138.6,41.0
BYD,Seal,Dynamic,57.5,61.4,150,1860,0.22,2.3,0.01,94,510,97.9,40.7,1,0,1,1,4,2.1,0,Highway_NH,0.2842,202.3,41.0
BYD,Seal,Dynamic,60.5,61.4,150,1860,0.22,2.3,0.0102,94,510,97.7,20.0,0,0,0,1,3,0.5,-2,Highway_NH,0.1529,395.8,41.0
BYD,Seal,Dynamic,59.4,61.4,150,1860,0.22,2.3,0.0102,94,510,80.8,19.5,0,0,1,2,3,1.1,2,Highway_NH,0.21,282.9,41.0
BYD,Seal,Dynamic,60.5,61.4,150,1860,0.22,2.3,0.01,94,510,76.9,32.8,0,0,1,1,3,0.5,0,Highway_NH,0.184,328.8,41.0
BYD,Seal,Dynamic,57.2,61.4,150,1860,0.22,2.3,0.01,94,510,80.5,35.9,0,0,0,1,3,2.3,0,Expressway,0.131,436.5,41.0
BYD,Seal,Dynamic,61.2,61.4,150,1860,0.22,2.3,0.0102,94,510,95.4,15.7,0,0,0,1,3,0.1,-2,Expressway,0.1627,376.2,41.0
BYD,Seal,Dynamic,59.0,61.4,150,1860,0.22,2.3,0.0102,94,510,119.1,16.6,1,0,0,0,2,1.3,-2,Expressway,0.1769,333.6,41.0
BYD,Seal,Dynamic,58.5,61.4,150,1860,0.22,2.3,0.01,94,510,118.9,30.1,0,0,1,1,3,1.6,0,Expressway,0.2843,205.8,41.0
BYD,Seal,Dynamic,60.1,61.4,150,1860,0.22,2.3,0.0102,94,510,84.8,17.4,0,0,1,1,2,0.7,-2,Expressway,0.1915,313.9,41.0
BYD,Seal,Dynamic,60.8,61.4,150,1860,0.22,2.3,0.01,94,510,106.2,40.1,1,0,0,1,1,0.3,0,Expressway,0.2096,290.1,41.0
BYD,Seal,Dynamic,57.7,61.4,150,1860,0.22,2.3,0.0105,94,510,120.0,22.1,0,0,1,2,5,2.0,-5,Expressway,0.3463,166.6,41.0
BYD,Seal,Dynamic,58.5,61.4,150,1860,0.22,2.3,0.0105,94,510,94.1,39.1,0,0,0,0,1,1.6,-5,Expressway,0.1378,424.4,41.0
BYD,Seal,Dynamic,54.8,61.4,150,1860,0.22,2.3,0.01,94,510,91.4,31.9,1,0,0,1,2,3.6,0,Expressway,0.1737,315.4,41.0
BYD,Seal,Dynamic,52.2,61.4,150,1860,0.22,2.3,0.0102,94,510,21.9,20.4,0,2,2,0,2,5.0,2,Hill_Station,1.0235,51.0,41.0
BYD,Seal,Dynamic,59.9,61.4,150,1860,0.22,2.3,0.0108,94,510,37.9,8.3,0,2,2,0,3,0.8,-8,Hill_Station,1.1745,51.0,41.0
BYD,Seal,Dynamic,61.0,61.4,150,1860,0.22,2.3,0.01,94,510,34.2,23.7,0,2,1,1,2,0.2,0,Hill_Station,0.8333,73.2,41.0
BYD,Seal,Dynamic,55.1,61.4,150,1860,0.22,2.3,0.0102,94,510,21.3,14.5,0,2,1,1,5,3.4,-2,Hill_Station,1.0804,51.0,41.0
BYD,Seal,Dynamic,59.9,61.4,150,1860,0.22,2.3,0.0102,94,510,31.2,9.3,1,2,0,1,4,0.8,-2,Hill_Station,0.7305,82.0,41.0
BYD,Seal,Dynamic,52.6,61.4,150,1860,0.22,2.3,0.0102,94,510,37.8,12.2,0,2,2,0,5,4.8,-2,Hill_Station,1.0314,51.0,41.0
BYD,Seal,Dynamic,54.2,61.4,150,1860,0.22,2.3,0.01,94,510,22.2,29.6,0,2,0,0,2,3.9,0,Hill_Station,0.5542,97.8,41.0
BYD,Seal,Dynamic,58.5,61.4,150,1860,0.22,2.3,0.0105,94,510,37.3,17.2,0,2,2,1,2,1.6,-5,Hill_Station,1.1471,51.0,41.0
BYD,Seal,Dynamic,52.4,61.4,150,1860,0.22,2.3,0.01,94,510,41.2,17.4,0,0,0,1,1,4.9,0,Rural_Road,0.1082,484.5,41.0
BYD,Seal,Dynamic,55.5,61.4,150,1860,0.22,2.3,0.0105,94,510,41.5,24.2,0,0,0,1,2,3.2,-5,Rural_Road,0.1146,484.5,41.0
BYD,Seal,Dynamic,57.0,61.4,150,1860,0.22,2.3,0.0102,94,510,46.3,33.1,0,0,0,1,3,2.4,-2,Rural_Road,0.1176,484.5,41.0
BYD,Seal,Dynamic,60.7,61.4,150,1860,0.22,2.3,0.0105,94,510,30.5,22.5,0,0,1,1,2,0.4,-5,Rural_Road,0.1253,484.5,41.0
BYD,Seal,Dynamic,56.1,61.4,150,1860,0.22,2.3,0.0102,94,510,45.9,38.6,1,0,1,2,2,2.9,-2,Rural_Road,0.2421,231.7,41.0
BYD,Seal,Dynamic,60.7,61.4,150,1860,0.22,2.3,0.01,94,510,50.1,19.7,0,0,0,1,1,0.4,0,Rural_Road,0.1253,484.5,41.0
BYD,Seal,Dynamic,55.3,61.4,150,1860,0.22,2.3,0.0102,94,510,37.1,40.1,1,0,2,1,2,3.3,-2,Rural_Road,0.4084,135.4,41.0
BYD,Seal,Dynamic,54.0,61.4,150,1860,0.22,2.3,0.0108,94,510,54.1,22.5,0,0,1,2,2,4.0,-8,Rural_Road,0.1746,309.2,41.0
BYD,Seal,Dynamic,53.7,61.4,150,1860,0.22,2.3,0.0105,94,510,46.5,18.0,0,0,2,2,2,4.2,-5,Rural_Road,0.2454,218.8,41.0
BYD,Seal,Dynamic,56.1,61.4,150,1860,0.22,2.3,0.0108,94,510,26.4,20.7,0,2,2,1,2,2.9,-8,Ghat_Road,1.1,51.0,41.0
BYD,Seal,Dynamic,59.2,61.4,150,1860,0.22,2.3,0.01,94,510,27.2,10.6,0,2,2,1,2,1.2,0,Ghat_Road,1.1608,51.0,41.0
BYD,Seal,Dynamic,59.4,61.4,150,1860,0.22,2.3,0.0105,94,510,19.1,18.9,0,2,0,0,2,1.1,-5,Ghat_Road,0.5614,105.8,41.0
BYD,Seal,Dynamic,61.4,61.4,150,1860,0.22,2.3,0.0102,94,510,15.3,10.6,0,2,1,1,2,0.0,2,Ghat_Road,0.886,69.3,41.0
BYD,Seal,Dynamic,55.1,61.4,150,1860,0.22,2.3,0.0105,94,510,24.9,11.9,0,2,2,1,1,3.4,-5,Ghat_Road,1.0804,51.0,41.0
BYD,Seal,Dynamic,60.3,61.4,150,1860,0.22,2.3,0.01,94,510,25.4,12.1,0,2,2,0,1,0.6,0,Ghat_Road,1.1824,51.0,41.0
BYD,Seal,Dynamic,53.8,61.4,150,1860,0.22,2.3,0.0102,94,510,17.9,12.8,0,2,2,1,1,4.1,-2,Ghat_Road,1.0549,51.0,41.0
BYD,Seal,Dynamic,55.3,61.4,150,1860,0.22,2.3,0.0102,94,510,17.7,21.2,0,2,1,0,1,3.3,2,Ghat_Road,0.7659,72.2,41.0
BYD,Seal,Dynamic,53.7,61.4,150,1860,0.22,2.3,0.0105,94,510,15.9,21.7,0,2,0,2,2,4.2,-5,Ghat_Road,0.7189,74.7,41.0
BYD,Seal,Dynamic,57.5,61.4,150,1860,0.22,2.3,0.01,94,510,31.0,22.8,0,2,2,1,4,2.1,0,Ghat_Road,1.1275,51.0,41.0
BYD,Seal,Dynamic,55.3,61.4,150,1860,0.22,2.3,0.0105,94,510,27.1,10.5,0,2,1,1,4,3.3,-5,Ghat_Road,0.9021,61.3,41.0
BYD,e6,GL,62.2,71.7,70,2380,0.35,2.6,0.014,88,415,24.9,15.4,0,0,2,0,2,4.4,-8,Delhi,0.2116,293.9,29.6
BYD,e6,GL,65.2,71.7,70,2380,0.35,2.6,0.0136,88,415,34.1,10.5,1,0,2,1,5,3.0,-5,Delhi,0.2872,227.0,29.6
BYD,e6,GL,66.1,71.7,70,2380,0.35,2.6,0.0133,88,415,34.7,41.5,1,0,2,1,2,2.6,-2,Delhi,0.3747,176.4,29.6
BYD,e6,GL,69.5,71.7,70,2380,0.35,2.6,0.0136,88,415,21.1,15.9,1,0,0,0,2,1.0,-5,Delhi,0.1763,394.25,29.6
BYD,e6,GL,68.5,71.7,70,2380,0.35,2.6,0.0133,88,415,16.1,30.8,0,0,2,1,1,1.5,-2,Delhi,0.2191,312.7,29.6
BYD,e6,GL,69.1,71.7,70,2380,0.35,2.6,0.014,88,415,28.7,45.8,1,0,2,1,2,1.2,-8,Delhi,0.4216,163.9,29.6
BYD,e6,GL,64.0,71.7,70,2380,0.35,2.6,0.0133,88,415,23.4,38.3,0,0,2,1,2,3.6,-2,Delhi,0.2259,283.3,29.6
BYD,e6,GL,71.1,71.7,70,2380,0.35,2.6,0.0133,88,415,30.9,44.9,1,0,0,0,1,0.3,2,Delhi,0.1803,394.25,29.6
BYD,e6,GL,66.3,71.7,70,2380,0.35,2.6,0.013,88,415,15.3,43.7,1,0,0,1,1,2.5,0,Delhi,0.2297,288.6,29.6
BYD,e6,GL,63.3,71.7,70,2380,0.35,2.6,0.013,88,415,26.6,43.2,0,0,2,1,2,3.9,0,Delhi,0.2262,279.9,29.6
BYD,e6,GL,69.5,71.7,70,2380,0.35,2.6,0.0136,88,415,21.0,36.8,1,0,2,1,2,1.0,-5,Mumbai,0.3544,196.1,29.6
BYD,e6,GL,68.9,71.7,70,2380,0.35,2.6,0.0136,88,415,23.0,22.9,0,0,2,1,1,1.3,-5,Mumbai,0.1984,347.3,29.6
BYD,e6,GL,69.8,71.7,70,2380,0.35,2.6,0.0133,88,415,18.7,31.3,0,0,2,0,2,0.9,-2,Mumbai,0.1869,373.4,29.6
BYD,e6,GL,63.3,71.7,70,2380,0.35,2.6,0.013,88,415,19.8,28.1,1,0,2,0,4,3.9,0,Mumbai,0.2688,235.5,29.6
BYD,e6,GL,62.7,71.7,70,2380,0.35,2.6,0.013,88,415,17.5,23.9,0,0,2,1,1,4.2,0,Mumbai,0.204,307.3,29.6
BYD,e6,GL,61.8,71.7,70,2380,0.35,2.6,0.013,88,415,13.4,21.8,0,0,2,0,3,4.6,0,Mumbai,0.1919,322.0,29.6
BYD,e6,GL,70.0,71.7,70,2380,0.35,2.6,0.0133,88,415,27.0,37.4,1,0,1,0,1,0.8,-2,Mumbai,0.1795,389.9,29.6
BYD,e6,GL,67.4,71.7,70,2380,0.35,2.6,0.0136,88,415,15.4,32.5,0,0,2,0,4,2.0,-5,Mumbai,0.2281,295.5,29.6
BYD,e6,GL,64.8,71.7,70,2380,0.35,2.6,0.013,88,415,30.1,31.1,0,1,2,0,4,3.2,0,Bangalore,0.5577,116.2,29.6
BYD,e6,GL,61.8,71.7,70,2380,0.35,2.6,0.013,88,415,30.7,18.4,0,1,0,1,1,4.6,0,Bangalore,0.2562,241.2,29.6
BYD,e6,GL,61.4,71.7,70,2380,0.35,2.6,0.013,88,415,31.8,23.0,0,1,1,1,1,4.8,0,Bangalore,0.3245,189.2,29.6
BYD,e6,GL,68.9,71.7,70,2380,0.35,2.6,0.013,88,415,25.5,37.8,0,1,1,0,3,1.3,0,Bangalore,0.3264,211.1,29.6
BYD,e6,GL,70.2,71.7,70,2380,0.35,2.6,0.013,88,415,26.4,28.9,0,1,1,1,2,0.7,0,Bangalore,0.3591,195.5,29.6
BYD,e6,GL,61.4,71.7,70,2380,0.35,2.6,0.0136,88,415,31.9,28.7,0,1,2,0,2,4.8,-5,Bangalore,0.5701,107.7,29.6
BYD,e6,GL,70.4,71.7,70,2380,0.35,2.6,0.0136,88,415,22.5,29.2,0,1,1,1,4,0.6,-5,Bangalore,0.3837,183.5,29.6
BYD,e6,GL,71.1,71.7,70,2380,0.35,2.6,0.0133,88,415,24.0,34.3,1,1,2,0,2,0.3,-2,Bangalore,0.6791,104.7,29.6
BYD,e6,GL,64.8,71.7,70,2380,0.35,2.6,0.0136,88,415,17.4,20.7,0,1,2,2,3,3.2,-5,Bangalore,0.777,83.4,29.6
BYD,e6,GL,63.3,71.7,70,2380,0.35,2.6,0.013,88,415,17.1,27.2,0,1,2,1,2,3.9,0,Bangalore,0.577,109.7,29.6
BYD,e6,GL,69.5,71.7,70,2380,0.35,2.6,0.0133,88,415,30.2,29.5,0,0,1,1,5,1.0,-2,Chennai,0.1763,394.25,29.6
BYD,e6,GL,67.6,71.7,70,2380,0.35,2.6,0.013,88,415,17.7,39.2,1,0,0,1,3,1.9,0,Chennai,0.1844,366.6,29.6
BYD,e6,GL,62.5,71.7,70,2380,0.35,2.6,0.014,88,415,34.2,27.4,0,0,2,1,2,4.3,-8,Chennai,0.2331,268.1,29.6
BYD,e6,GL,66.1,71.7,70,2380,0.35,2.6,0.0133,88,415,26.1,31.6,1,0,2,1,2,2.6,2,Chennai,0.3076,214.9,29.6
BYD,e6,GL,69.1,71.7,70,2380,0.35,2.6,0.0133,88,415,21.2,22.6,0,0,2,1,3,1.2,-2,Chennai,0.2125,325.2,29.6
BYD,e6,GL,64.6,71.7,70,2380,0.35,2.6,0.013,88,415,20.5,41.0,0,0,0,1,3,3.3,0,Chennai,0.1639,394.25,29.6
BYD,e6,GL,68.7,71.7,70,2380,0.35,2.6,0.013,88,415,19.7,29.6,0,0,2,1,4,1.4,0,Chennai,0.2178,315.4,29.6
BYD,e6,GL,63.5,71.7,70,2380,0.35,2.6,0.013,88,415,30.9,28.5,0,0,2,1,1,3.8,0,Chennai,0.2096,303.0,29.6
BYD,e6,GL,68.7,71.7,70,2380,0.35,2.6,0.013,88,415,34.6,28.5,0,0,2,1,4,1.4,0,Chennai,0.2272,302.4,29.6
BYD,e6,GL,64.2,71.7,70,2380,0.35,2.6,0.013,88,415,28.2,41.5,0,0,0,2,1,3.5,0,Chennai,0.1628,394.25,29.6
BYD,e6,GL,64.2,71.7,70,2380,0.35,2.6,0.0136,88,415,16.3,28.3,1,0,1,2,1,3.5,-5,Chennai,0.1979,324.4,29.6
BYD,e6,GL,70.4,71.7,70,2380,0.35,2.6,0.013,88,415,15.4,40.8,1,0,2,0,3,0.6,0,Chennai,0.4718,149.2,29.6
BYD,e6,GL,64.6,71.7,70,2380,0.35,2.6,0.013,88,415,33.0,30.7,1,1,1,1,1,3.3,0,Pune,0.4517,143.0,29.6
BYD,e6,GL,65.0,71.7,70,2380,0.35,2.6,0.0133,88,415,31.3,13.0,0,1,2,1,3,3.1,-2,Pune,0.6694,97.1,29.6
BYD,e6,GL,69.1,71.7,70,2380,0.35,2.6,0.013,88,415,36.3,15.6,0,1,1,1,1,1.2,0,Pune,0.3695,187.0,29.6
BYD,e6,GL,62.0,71.7,70,2380,0.35,2.6,0.0133,88,415,35.0,35.2,1,1,1,0,4,4.5,-2,Pune,0.3771,164.4,29.6
BYD,e6,GL,69.5,71.7,70,2380,0.35,2.6,0.013,88,415,29.8,33.8,1,1,2,0,1,1.0,0,Pune,0.5816,119.5,29.6
BYD,e6,GL,65.9,71.7,70,2380,0.35,2.6,0.0136,88,415,34.5,19.1,1,1,1,1,1,2.7,-5,Pune,0.3657,180.2,29.6
BYD,e6,GL,67.8,71.7,70,2380,0.35,2.6,0.013,88,415,37.3,17.3,1,1,1,1,3,1.8,0,Pune,0.362,187.3,29.6
BYD,e6,GL,68.7,71.7,70,2380,0.35,2.6,0.0133,88,415,37.6,20.1,0,1,2,1,2,1.4,-2,Pune,0.5897,116.5,29.6
BYD,e6,GL,63.5,71.7,70,2380,0.35,2.6,0.0136,88,415,30.3,39.6,1,1,0,1,4,3.8,-5,Pune,0.3263,194.6,29.6
BYD,e6,GL,68.0,71.7,70,2380,0.35,2.6,0.0136,88,415,26.4,30.8,1,1,0,1,1,1.7,-5,Pune,0.2985,227.8,29.6
BYD,e6,GL,70.0,71.7,70,2380,0.35,2.6,0.0133,88,415,38.0,26.3,0,1,1,1,4,0.8,-2,Pune,0.4152,168.6,29.6
BYD,e6,GL,70.0,71.7,70,2380,0.35,2.6,0.0133,88,415,17.2,15.2,0,0,2,1,2,0.8,-2,Hyderabad,0.2093,334.4,29.6
BYD,e6,GL,70.4,71.7,70,2380,0.35,2.6,0.0136,88,415,21.5,38.7,1,0,2,0,2,0.6,-5,Hyderabad,0.3385,208.0,29.6
BYD,e6,GL,61.6,71.7,70,2380,0.35,2.6,0.013,88,415,29.5,27.8,0,0,2,0,1,4.7,0,Hyderabad,0.1867,330.0,29.6
BYD,e6,GL,71.5,71.7,70,2380,0.35,2.6,0.013,88,415,19.4,21.4,0,0,0,1,1,0.1,0,Hyderabad,0.1814,394.25,29.6
BYD,e6,GL,62.9,71.7,70,2380,0.35,2.6,0.014,88,415,21.2,27.3,0,0,1,0,3,4.1,-8,Hyderabad,0.1595,394.25,29.6
BYD,e6,GL,61.4,71.7,70,2380,0.35,2.6,0.0136,88,415,30.8,18.5,0,0,2,0,3,4.8,-5,Hyderabad,0.2301,266.8,29.6
BYD,e6,GL,64.6,71.7,70,2380,0.35,2.6,0.014,88,415,34.3,40.0,1,0,0,1,3,3.3,-8,Hyderabad,0.1669,387.1,29.6
BYD,e6,GL,65.9,71.7,70,2380,0.35,2.6,0.013,88,415,29.1,25.9,0,0,2,1,1,2.7,0,Hyderabad,0.2013,327.3,29.6
BYD,e6,GL,64.6,71.7,70,2380,0.35,2.6,0.0136,88,415,32.1,25.6,0,0,0,1,3,3.3,-5,Hyderabad,0.1639,394.25,29.6
BYD,e6,GL,67.0,71.7,70,2380,0.35,2.6,0.0133,88,415,15.5,41.2,0,0,2,1,4,2.2,-2,Hyderabad,0.2399,279.3,29.6
BYD,e6,GL,70.8,71.7,70,2380,0.35,2.6,0.0133,88,415,34.3,36.8,1,0,2,2,3,0.4,-2,Hyderabad,0.3752,188.7,29.6
BYD,e6,GL,62.0,71.7,70,2380,0.35,2.6,0.0136,88,415,27.5,15.8,0,0,2,0,2,4.5,-5,Kolkata,0.2029,305.5,29.6
BYD,e6,GL,61.8,71.7,70,2380,0.35,2.6,0.014,88,415,14.8,40.5,0,0,0,0,2,4.6,-8,Kolkata,0.1568,394.25,29.6
BYD,e6,GL,64.4,71.7,70,2380,0.35,2.6,0.014,88,415,21.9,36.4,1,0,2,0,1,3.4,-8,Kolkata,0.3282,196.2,29.6
BYD,e6,GL,69.5,71.7,70,2380,0.35,2.6,0.0133,88,415,22.9,16.0,0,0,2,0,2,1.0,-2,Kolkata,0.2009,345.9,29.6
BYD,e6,GL,62.5,71.7,70,2380,0.35,2.6,0.013,88,415,26.6,13.7,1,0,0,1,3,4.3,0,Kolkata,0.1585,394.25,29.6
BYD,e6,GL,69.8,71.7,70,2380,0.35,2.6,0.0133,88,415,16.9,19.5,0,0,1,0,2,0.9,2,Kolkata,0.177,394.25,29.6
BYD,e6,GL,69.5,71.7,70,2380,0.35,2.6,0.0133,88,415,21.1,24.5,0,0,2,1,1,1.0,2,Kolkata,0.1938,358.7,29.6
BYD,e6,GL,65.5,71.7,70,2380,0.35,2.6,0.0133,88,415,14.0,21.7,0,0,2,1,4,2.9,-2,Kolkata,0.2245,291.7,29.6
BYD,e6,GL,65.9,71.7,70,2380,0.35,2.6,0.0133,88,415,25.0,41.7,1,0,2,2,1,2.7,-2,Kolkata,0.469,140.5,29.6
BYD,e6,GL,67.2,71.7,70,2380,0.35,2.6,0.013,88,415,72.4,29.9,0,0,1,1,4,2.1,0,Highway_NH,0.2,336.0,29.6
BYD,e6,GL,66.8,71.7,70,2380,0.35,2.6,0.013,88,415,97.7,24.4,0,0,0,0,1,2.3,0,Highway_NH,0.1775,376.3,29.6
BYD,e6,GL,62.0,71.7,70,2380,0.35,2.6,0.014,88,415,95.6,42.3,1,0,2,0,1,4.5,-8,Highway_NH,0.4167,148.8,29.6
BYD,e6,GL,63.1,71.7,70,2380,0.35,2.6,0.013,88,415,88.5,39.2,1,0,1,1,3,4.0,0,Highway_NH,0.2669,236.4,29.6
BYD,e6,GL,65.9,71.7,70,2380,0.35,2.6,0.0136,88,415,99.8,21.1,0,0,1,0,4,2.7,-5,Highway_NH,0.2459,268.0,29.6
BYD,e6,GL,65.0,71.7,70,2380,0.35,2.6,0.014,88,415,87.2,19.8,1,0,0,1,3,3.1,-8,Highway_NH,0.1682,386.5,29.6
BYD,e6,GL,67.4,71.7,70,2380,0.35,2.6,0.0133,88,415,73.4,18.7,0,0,0,0,2,2.0,-2,Highway_NH,0.171,394.25,29.6
BYD,e6,GL,71.3,71.7,70,2380,0.35,2.6,0.0136,88,415,83.5,15.0,0,0,0,0,2,0.2,-5,Highway_NH,0.1808,394.25,29.6
BYD,e6,GL,62.0,71.7,70,2380,0.35,2.6,0.0133,88,415,90.4,18.9,0,0,0,1,2,4.5,-2,Highway_NH,0.1763,351.6,29.6
BYD,e6,GL,65.5,71.7,70,2380,0.35,2.6,0.013,88,415,79.4,16.8,0,0,0,1,3,2.9,0,Highway_NH,0.1661,394.25,29.6
BYD,e6,GL,70.6,71.7,70,2380,0.35,2.6,0.0133,88,415,94.3,33.5,0,0,1,1,2,0.5,2,Highway_NH,0.2535,278.5,29.6
BYD,e6,GL,61.6,71.7,70,2380,0.35,2.6,0.014,88,415,79.3,32.8,0,0,0,2,3,4.7,-8,Highway_NH,0.1805,341.3,29.6
BYD,e6,GL,67.6,71.7,70,2380,0.35,2.6,0.0136,88,415,84.2,42.2,0,0,0,0,2,1.9,-5,Expressway,0.1715,394.25,29.6
BYD,e6,GL,68.5,71.7,70,2380,0.35,2.6,0.0133,88,415,115.7,43.3,1,0,0,1,1,1.5,2,Expressway,0.2354,291.0,29.6
BYD,e6,GL,65.2,71.7,70,2380,0.35,2.6,0.013,88,415,111.2,37.8,1,0,0,0,2,3.0,0,Expressway,0.1936,336.8,29.6
BYD,e6,GL,65.7,71.7,70,2380,0.35,2.6,0.0133,88,415,80.7,34.7,1,0,0,2,4,2.8,-2,Expressway,0.2132,308.2,29.6
BYD,e6,GL,70.2,71.7,70,2380,0.35,2.6,0.013,88,415,100.2,26.0,0,0,1,1,1,0.7,0,Expressway,0.2328,301.5,29.6
BYD,e6,GL,70.0,71.7,70,2380,0.35,2.6,0.0136,88,415,93.2,18.5,0,0,0,0,3,0.8,-5,Expressway,0.1776,394.25,29.6
BYD,e6,GL,65.0,71.7,70,2380,0.35,2.6,0.013,88,415,110.8,37.8,0,0,0,1,2,3.1,0,Expressway,0.2067,314.4,29.6
BYD,e6,GL,65.2,71.7,70,2380,0.35,2.6,0.0136,88,415,107.1,23.9,0,0,0,1,4,3.0,-5,Expressway,0.2071,314.8,29.6
BYD,e6,GL,64.4,71.7,70,2380,0.35,2.6,0.013,88,415,84.3,27.1,1,0,0,0,2,3.4,0,Expressway,0.1633,394.25,29.6
BYD,e6,GL,66.5,71.7,70,2380,0.35,2.6,0.0133,88,415,91.9,26.4,0,0,0,0,4,2.4,-2,Expressway,0.1687,394.25,29.6
BYD,e6,GL,64.0,71.7,70,2380,0.35,2.6,0.0136,88,415,38.9,6.5,0,2,2,1,3,3.6,-5,Hill_Station,1.4612,43.8,29.6
BYD,e6,GL,69.3,71.7,70,2380,0.35,2.6,0.0133,88,415,21.4,14.6,0,2,2,0,3,1.1,-2,Hill_Station,1.1948,58.0,29.6
BYD,e6,GL,68.5,71.7,70,2380,0.35,2.6,0.013,88,415,37.3,15.6,0,2,2,1,3,1.5,0,Hill_Station,1.2546,54.6,29.6
BYD,e6,GL,71.7,71.7,70,2380,0.35,2.6,0.0133,88,415,37.6,23.7,0,2,2,1,3,0.0,-2,Hill_Station,1.2298,58.3,29.6
BYD,e6,GL,71.5,71.7,70,2380,0.35,2.6,0.013,88,415,36.0,29.1,1,2,2,1,3,0.1,0,Hill_Station,1.1897,60.1,29.6
BYD,e6,GL,67.6,71.7,70,2380,0.35,2.6,0.0136,88,415,26.3,5.8,0,2,0,2,3,1.9,-5,Hill_Station,0.7169,94.3,29.6
BYD,e6,GL,62.0,71.7,70,2380,0.35,2.6,0.013,88,415,36.3,13.8,0,2,1,1,2,4.5,0,Hill_Station,0.7898,78.5,29.6
BYD,e6,GL,63.5,71.7,70,2380,0.35,2.6,0.0133,88,415,24.0,20.7,0,2,1,0,2,3.8,-2,Hill_Station,0.6978,91.0,29.6
BYD,e6,GL,65.5,71.7,70,2380,0.35,2.6,0.0133,88,415,39.1,38.3,1,0,1,1,3,2.9,-2,Rural_Road,0.2062,317.6,29.6
BYD,e6,GL,68.9,71.7,70,2380,0.35,2.6,0.013,88,415,48.2,14.7,0,0,0,0,1,1.3,0,Rural_Road,0.1748,394.25,29.6
BYD,e6,GL,65.0,71.7,70,2380,0.35,2.6,0.014,88,415,33.2,19.4,0,0,0,0,2,3.1,-8,Rural_Road,0.1649,394.25,29.6
BYD,e6,GL,65.5,71.7,70,2380,0.35,2.6,0.014,88,415,42.3,27.3,0,0,0,0,1,2.9,-8,Rural_Road,0.1661,394.25,29.6
BYD,e6,GL,69.1,71.7,70,2380,0.35,2.6,0.013,88,415,44.4,43.0,0,0,2,0,1,1.2,0,Rural_Road,0.2357,293.2,29.6
BYD,e6,GL,61.6,71.7,70,2380,0.35,2.6,0.013,88,415,36.3,30.9,0,0,0,0,3,4.7,0,Rural_Road,0.1562,394.25,29.6
BYD,e6,GL,64.6,71.7,70,2380,0.35,2.6,0.013,88,415,45.9,17.0,0,0,0,1,3,3.3,0,Rural_Road,0.1639,394.25,29.6
BYD,e6,GL,67.4,71.7,70,2380,0.35,2.6,0.0133,88,415,58.7,11.6,0,0,2,0,2,2.0,-2,Rural_Road,0.2331,289.2,29.6
BYD,e6,GL,68.9,71.7,70,2380,0.35,2.6,0.0133,88,415,39.5,29.1,0,0,0,1,2,1.3,-2,Rural_Road,0.1748,394.25,29.6
BYD,e6,GL,66.1,71.7,70,2380,0.35,2.6,0.013,88,415,55.8,11.0,0,0,1,1,2,2.6,0,Rural_Road,0.173,382.1,29.6
BYD,e6,GL,62.2,71.7,70,2380,0.35,2.6,0.013,88,415,36.4,12.2,0,0,0,0,2,4.4,0,Rural_Road,0.1578,394.25,29.6
BYD,e6,GL,68.3,71.7,70,2380,0.35,2.6,0.0136,88,415,51.8,43.4,1,0,0,1,1,1.6,-5,Rural_Road,0.1732,394.25,29.6
BYD,e6,GL,65.9,71.7,70,2380,0.35,2.6,0.0133,88,415,34.9,32.1,1,2,1,1,4,2.7,2,Ghat_Road,0.8207,80.3,29.6
BYD,e6,GL,62.5,71.7,70,2380,0.35,2.6,0.013,88,415,25.2,27.7,0,2,2,0,2,4.3,0,Ghat_Road,1.0434,59.9,29.6
BYD,e6,GL,67.6,71.7,70,2380,0.35,2.6,0.014,88,415,25.9,26.7,1,2,1,0,1,1.9,-8,Ghat_Road,0.6324,106.9,29.6
BYD,e6,GL,65.7,71.7,70,2380,0.35,2.6,0.0136,88,415,27.1,16.6,0,2,2,1,3,2.8,-5,Ghat_Road,1.249,52.6,29.6
BYD,e6,GL,70.0,71.7,70,2380,0.35,2.6,0.013,88,415,16.7,30.7,0,2,1,0,1,0.8,0,Ghat_Road,0.6434,108.8,29.6
BYD,e6,GL,62.7,71.7,70,2380,0.35,2.6,0.013,88,415,15.9,14.5,0,2,0,2,4,4.2,0,Ghat_Road,0.7085,88.5,29.6
BYD,e6,GL,61.6,71.7,70,2380,0.35,2.6,0.014,88,415,20.4,14.2,0,2,2,2,2,4.7,-8,Ghat_Road,1.4843,41.5,29.6
BYD,e6,GL,70.0,71.7,70,2380,0.35,2.6,0.013,88,415,18.8,30.6,1,2,0,0,3,0.8,0,Ghat_Road,0.538,130.1,29.6
BYD,e6,GL,65.5,71.7,70,2380,0.35,2.6,0.0133,88,415,22.7,16.3,1,2,1,1,3,2.9,2,Ghat_Road,0.7511,87.2,29.6
BYD,e6,GL,65.5,71.7,70,2380,0.35,2.6,0.0136,88,415,21.5,23.0,0,2,1,1,1,2.9,-5,Ghat_Road,0.653,100.3,29.6
BYD,e6,GL,68.9,71.7,70,2380,0.35,2.6,0.013,88,415,16.6,15.4,1,2,0,0,1,1.3,0,Ghat_Road,0.4914,140.2,29.6
BYD,e6,GL,62.0,71.7,70,2380,0.35,2.6,0.013,88,415,23.9,16.2,0,2,0,0,3,4.5,0,Ghat_Road,0.4874,127.2,29.6
BYD,eMAX 7,Premium,62.8,71.8,150,2135,0.32,2.65,0.0126,91,530,25.0,38.6,0,0,2,0,4,4.2,-5,Delhi,0.2389,262.9,27.0
BYD,eMAX 7,Premium,70.9,71.8,150,2135,0.32,2.65,0.0122,91,530,22.3,40.7,1,0,2,0,4,0.4,-2,Delhi,0.5677,124.9,27.0
BYD,eMAX 7,Premium,67.3,71.8,150,2135,0.32,2.65,0.0122,91,530,31.1,25.6,1,0,2,1,3,2.1,-2,Delhi,0.3906,172.3,27.0
BYD,eMAX 7,Premium,64.5,71.8,150,2135,0.32,2.65,0.013,91,530,33.7,27.3,0,0,2,1,4,3.4,-8,Delhi,0.342,188.6,27.0
BYD,eMAX 7,Premium,70.1,71.8,150,2135,0.32,2.65,0.012,91,530,30.2,24.3,0,0,1,1,2,0.8,0,Delhi,0.162,432.8,27.0
BYD,eMAX 7,Premium,68.4,71.8,150,2135,0.32,2.65,0.012,91,530,32.6,39.4,1,0,0,0,3,1.6,0,Delhi,0.1772,386.0,27.0
BYD,eMAX 7,Premium,63.0,71.8,150,2135,0.32,2.65,0.012,91,530,23.6,11.6,0,0,2,1,1,4.1,0,Delhi,0.2897,217.5,27.0
BYD,eMAX 7,Premium,63.2,71.8,150,2135,0.32,2.65,0.012,91,530,29.3,23.1,1,0,2,0,4,4.0,0,Delhi,0.2891,218.6,27.0
BYD,eMAX 7,Premium,61.7,71.8,150,2135,0.32,2.65,0.012,91,530,33.9,19.6,0,0,2,0,3,4.7,0,Delhi,0.2698,228.7,27.0
BYD,eMAX 7,Premium,66.4,71.8,150,2135,0.32,2.65,0.012,91,530,25.6,33.3,0,0,2,0,2,2.5,0,Mumbai,0.2552,260.2,27.0
BYD,eMAX 7,Premium,67.7,71.8,150,2135,0.32,2.65,0.012,91,530,18.2,35.4,0,0,2,1,1,1.9,0,Mumbai,0.2577,262.7,27.0
BYD,eMAX 7,Premium,67.1,71.8,150,2135,0.32,2.65,0.0122,91,530,25.4,21.3,0,0,2,1,2,2.2,-2,Mumbai,0.2768,242.4,27.0
BYD,eMAX 7,Premium,68.4,71.8,150,2135,0.32,2.65,0.012,91,530,26.3,21.1,1,0,2,2,3,1.6,0,Mumbai,0.3423,199.8,27.0
BYD,eMAX 7,Premium,64.9,71.8,150,2135,0.32,2.65,0.0122,91,530,29.8,37.1,1,0,2,1,2,3.2,-2,Mumbai,0.4403,147.4,27.0
BYD,eMAX 7,Premium,61.2,71.8,150,2135,0.32,2.65,0.0122,91,530,14.2,35.7,1,0,1,2,1,4.9,2,Mumbai,0.4924,124.3,27.0
BYD,eMAX 7,Premium,70.5,71.8,150,2135,0.32,2.65,0.0126,91,530,24.1,25.4,0,0,2,1,1,0.6,-5,Mumbai,0.283,249.1,27.0
BYD,eMAX 7,Premium,67.5,71.8,150,2135,0.32,2.65,0.0126,91,530,27.2,27.2,1,0,0,0,4,2.0,-5,Mumbai,0.1512,446.3,27.0
BYD,eMAX 7,Premium,66.4,71.8,150,2135,0.32,2.65,0.0126,91,530,16.3,23.6,0,0,2,1,4,2.5,-5,Mumbai,0.2814,236.0,27.0
BYD,eMAX 7,Premium,61.7,71.8,150,2135,0.32,2.65,0.0122,91,530,19.3,22.4,0,1,2,1,1,4.7,-2,Bangalore,0.7225,85.4,27.0
BYD,eMAX 7,Premium,65.1,71.8,150,2135,0.32,2.65,0.0122,91,530,27.1,16.7,0,1,1,2,3,3.1,2,Bangalore,0.5555,117.2,27.0
BYD,eMAX 7,Premium,62.3,71.8,150,2135,0.32,2.65,0.012,91,530,22.2,16.7,1,1,2,1,3,4.4,0,Bangalore,0.7936,78.5,27.0
BYD,eMAX 7,Premium,62.5,71.8,150,2135,0.32,2.65,0.013,91,530,15.8,27.6,0,1,2,0,2,4.3,-8,Bangalore,0.7576,82.5,27.0
BYD,eMAX 7,Premium,67.9,71.8,150,2135,0.32,2.65,0.012,91,530,15.1,33.7,0,1,1,0,1,1.8,0,Bangalore,0.4306,157.7,27.0
BYD,eMAX 7,Premium,70.1,71.8,150,2135,0.32,2.65,0.0122,91,530,19.7,20.4,0,1,1,2,3,0.8,-2,Bangalore,0.5323,131.7,27.0
BYD,eMAX 7,Premium,63.4,71.8,150,2135,0.32,2.65,0.0126,91,530,16.0,32.7,0,1,1,1,1,3.9,-5,Bangalore,0.4728,134.1,27.0
BYD,eMAX 7,Premium,61.9,71.8,150,2135,0.32,2.65,0.012,91,530,20.8,36.9,0,1,1,2,1,4.6,0,Bangalore,0.4758,130.1,27.0
BYD,eMAX 7,Premium,64.0,71.8,150,2135,0.32,2.65,0.012,91,530,25.7,32.6,1,1,1,1,4,3.6,0,Bangalore,0.5365,119.3,27.0
BYD,eMAX 7,Premium,67.1,71.8,150,2135,0.32,2.65,0.0122,91,530,29.2,33.9,0,1,1,1,3,2.2,2,Bangalore,0.488,137.5,27.0
BYD,eMAX 7,Premium,67.1,71.8,150,2135,0.32,2.65,0.0126,91,530,23.6,32.5,0,1,2,2,4,2.2,-5,Bangalore,0.9599,69.9,27.0
BYD,eMAX 7,Premium,66.6,71.8,150,2135,0.32,2.65,0.013,91,530,20.9,31.6,1,0,1,1,2,2.4,-8,Chennai,0.274,243.1,27.0
BYD,eMAX 7,Premium,67.7,71.8,150,2135,0.32,2.65,0.012,91,530,33.0,40.4,0,0,0,0,1,1.9,0,Chennai,0.1345,503.5,27.0
BYD,eMAX 7,Premium,61.7,71.8,150,2135,0.32,2.65,0.012,91,530,30.5,22.3,0,0,1,2,3,4.7,0,Chennai,0.1893,325.9,27.0
BYD,eMAX 7,Premium,71.6,71.8,150,2135,0.32,2.65,0.012,91,530,27.3,29.5,0,0,1,1,1,0.1,0,Chennai,0.1513,473.1,27.0
BYD,eMAX 7,Premium,66.6,71.8,150,2135,0.32,2.65,0.0122,91,530,23.7,36.8,0,0,1,2,4,2.4,-2,Chennai,0.2287,291.2,27.0
BYD,eMAX 7,Premium,66.4,71.8,150,2135,0.32,2.65,0.0126,91,530,20.6,28.4,1,0,0,1,3,2.5,-5,Chennai,0.1786,371.7,27.0
BYD,eMAX 7,Premium,67.1,71.8,150,2135,0.32,2.65,0.0126,91,530,28.6,38.0,0,0,1,0,3,2.2,-5,Chennai,0.1611,416.4,27.0
BYD,eMAX 7,Premium,64.5,71.8,150,2135,0.32,2.65,0.012,91,530,17.5,30.9,1,0,2,1,1,3.4,0,Chennai,0.4391,146.9,27.0
BYD,eMAX 7,Premium,67.5,71.8,150,2135,0.32,2.65,0.012,91,530,16.8,34.8,1,0,2,2,2,2.0,0,Chennai,0.5551,121.6,27.0
BYD,eMAX 7,Premium,67.1,71.8,150,2135,0.32,2.65,0.0122,91,530,27.0,38.3,0,1,2,1,3,2.2,-2,Pune,0.7885,85.1,27.0
BYD,eMAX 7,Premium,68.4,71.8,150,2135,0.32,2.65,0.012,91,530,38.4,31.5,0,1,1,1,2,1.6,0,Pune,0.4557,150.1,27.0
BYD,eMAX 7,Premium,69.9,71.8,150,2135,0.32,2.65,0.012,91,530,31.0,15.7,0,1,1,2,1,0.9,0,Pune,0.5032,138.9,27.0
BYD,eMAX 7,Premium,68.8,71.8,150,2135,0.32,2.65,0.012,91,530,36.4,20.5,0,1,1,1,1,1.4,0,Pune,0.4636,148.4,27.0
BYD,eMAX 7,Premium,66.4,71.8,150,2135,0.32,2.65,0.012,91,530,24.0,30.7,0,1,0,2,1,2.5,0,Pune,0.3803,174.6,27.0
BYD,eMAX 7,Premium,61.5,71.8,150,2135,0.32,2.65,0.012,91,530,19.9,32.8,0,1,0,2,2,4.8,0,Pune,0.3663,167.9,27.0
BYD,eMAX 7,Premium,70.1,71.8,150,2135,0.32,2.65,0.0122,91,530,32.2,23.8,0,1,2,0,2,0.8,-2,Pune,0.6954,100.8,27.0
BYD,eMAX 7,Premium,64.9,71.8,150,2135,0.32,2.65,0.012,91,530,33.4,12.6,0,1,0,1,1,3.2,0,Pune,0.384,169.0,27.0
BYD,eMAX 7,Premium,67.5,71.8,150,2135,0.32,2.65,0.0126,91,530,34.8,14.4,1,1,2,0,3,2.0,-5,Pune,0.8577,78.7,27.0
BYD,eMAX 7,Premium,68.1,71.8,150,2135,0.32,2.65,0.012,91,530,26.3,13.0,0,1,2,1,4,1.7,0,Pune,0.8098,84.1,27.0
BYD,eMAX 7,Premium,62.3,71.8,150,2135,0.32,2.65,0.0122,91,530,28.4,23.5,0,0,2,1,1,4.4,-2,Hyderabad,0.2915,213.7,27.0
BYD,eMAX 7,Premium,62.8,71.8,150,2135,0.32,2.65,0.0126,91,530,28.8,41.4,0,0,1,2,4,4.2,-5,Hyderabad,0.2343,268.0,27.0
BYD,eMAX 7,Premium,62.1,71.8,150,2135,0.32,2.65,0.0126,91,530,20.1,32.2,0,0,1,1,3,4.5,-5,Hyderabad,0.1741,356.6,27.0
BYD,eMAX 7,Premium,62.5,71.8,150,2135,0.32,2.65,0.0126,91,530,33.6,23.0,0,0,1,2,2,4.3,-5,Hyderabad,0.2214,282.3,27.0
BYD,eMAX 7,Premium,61.0,71.8,150,2135,0.32,2.65,0.0126,91,530,27.2,41.1,0,0,0,1,3,5.0,-5,Hyderabad,0.1347,452.8,27.0
BYD,eMAX 7,Premium,70.9,71.8,150,2135,0.32,2.65,0.012,91,530,31.1,36.4,0,0,1,1,1,0.4,0,Hyderabad,0.1541,460.1,27.0
BYD,eMAX 7,Premium,62.8,71.8,150,2135,0.32,2.65,0.0122,91,530,33.9,31.3,0,0,2,1,1,4.2,-2,Hyderabad,0.2751,228.3,27.0
BYD,eMAX 7,Premium,61.2,71.8,150,2135,0.32,2.65,0.0126,91,530,31.8,32.9,0,0,2,2,2,4.9,-5,Hyderabad,0.3404,179.8,27.0
BYD,eMAX 7,Premium,61.5,71.8,150,2135,0.32,2.65,0.0122,91,530,17.3,29.0,0,0,2,1,4,4.8,-2,Hyderabad,0.2737,224.7,27.0
BYD,eMAX 7,Premium,62.3,71.8,150,2135,0.32,2.65,0.012,91,530,19.5,35.7,0,0,0,2,1,4.4,0,Kolkata,0.1298,480.1,27.0
BYD,eMAX 7,Premium,64.5,71.8,150,2135,0.32,2.65,0.013,91,530,23.1,20.3,0,0,2,1,1,3.4,-8,Kolkata,0.2807,229.8,27.0
BYD,eMAX 7,Premium,70.7,71.8,150,2135,0.32,2.65,0.012,91,530,20.7,41.6,1,0,1,1,4,0.5,0,Kolkata,0.3783,186.9,27.0
BYD,eMAX 7,Premium,71.4,71.8,150,2135,0.32,2.65,0.012,91,530,13.7,19.2,0,0,2,1,1,0.2,0,Kolkata,0.3003,237.8,27.0
BYD,eMAX 7,Premium,67.5,71.8,150,2135,0.32,2.65,0.012,91,530,21.6,13.3,0,0,1,1,4,2.0,0,Kolkata,0.1818,371.2,27.0
BYD,eMAX 7,Premium,61.9,71.8,150,2135,0.32,2.65,0.012,91,530,14.9,13.2,0,0,1,0,2,4.6,0,Kolkata,0.1774,348.9,27.0
BYD,eMAX 7,Premium,67.9,71.8,150,2135,0.32,2.65,0.0126,91,530,14.3,36.7,1,0,1,1,3,1.8,-5,Kolkata,0.3698,183.6,27.0
BYD,eMAX 7,Premium,61.0,71.8,150,2135,0.32,2.65,0.012,91,530,23.3,17.3,0,0,2,1,3,5.0,0,Kolkata,0.2658,229.5,27.0
BYD,eMAX 7,Premium,69.9,71.8,150,2135,0.32,2.65,0.0122,91,530,12.8,39.2,1,0,2,1,1,0.9,-2,Kolkata,0.6626,105.5,27.0
BYD,eMAX 7,Premium,62.1,71.8,150,2135,0.32,2.65,0.012,91,530,14.3,29.8,0,0,1,0,3,4.5,0,Kolkata,0.1532,405.3,27.0
BYD,eMAX 7,Premium,67.7,71.8,150,2135,0.32,2.65,0.012,91,530,98.5,30.6,1,0,1,1,1,1.9,0,Highway_NH,0.3582,189.0,27.0
BYD,eMAX 7,Premium,69.0,71.8,150,2135,0.32,2.65,0.012,91,530,97.0,29.8,0,0,2,2,5,1.3,0,Highway_NH,0.6497,106.2,27.0
BYD,eMAX 7,Premium,67.9,71.8,150,2135,0.32,2.65,0.012,91,530,83.3,22.9,0,0,1,2,4,1.8,0,Highway_NH,0.2968,228.8,27.0
BYD,eMAX 7,Premium,70.7,71.8,150,2135,0.32,2.65,0.012,91,530,71.8,39.1,1,0,2,1,3,0.5,0,Highway_NH,0.4993,141.6,27.0
BYD,eMAX 7,Premium,68.4,71.8,150,2135,0.32,2.65,0.013,91,530,83.8,32.8,0,0,0,1,4,1.6,-8,Highway_NH,0.2041,335.2,27.0
BYD,eMAX 7,Premium,64.7,71.8,150,2135,0.32,2.65,0.0122,91,530,85.6,43.1,1,0,0,1,1,3.3,2,Highway_NH,0.2354,274.8,27.0
BYD,eMAX 7,Premium,62.3,71.8,150,2135,0.32,2.65,0.0122,91,530,74.7,17.5,0,0,0,1,3,4.4,-2,Highway_NH,0.1871,333.0,27.0
BYD,eMAX 7,Premium,70.7,71.8,150,2135,0.32,2.65,0.013,91,530,73.1,35.3,0,0,1,1,2,0.5,-8,Highway_NH,0.2379,297.2,27.0
BYD,eMAX 7,Premium,62.5,71.8,150,2135,0.32,2.65,0.0122,91,530,100.5,21.5,0,0,0,1,3,4.3,2,Expressway,0.2624,238.2,27.0
BYD,eMAX 7,Premium,68.6,71.8,150,2135,0.32,2.65,0.012,91,530,102.4,30.7,0,0,0,2,3,1.5,0,Expressway,0.292,234.9,27.0
BYD,eMAX 7,Premium,68.6,71.8,150,2135,0.32,2.65,0.012,91,530,117.7,41.2,1,0,0,0,3,1.5,0,Expressway,0.321,213.7,27.0
BYD,eMAX 7,Premium,63.2,71.8,150,2135,0.32,2.65,0.0126,91,530,99.9,30.6,1,0,1,2,1,4.0,-5,Expressway,0.4163,151.8,27.0
BYD,eMAX 7,Premium,67.7,71.8,150,2135,0.32,2.65,0.012,91,530,115.3,16.3,0,0,0,1,1,1.9,0,Expressway,0.295,229.5,27.0
BYD,eMAX 7,Premium,71.2,71.8,150,2135,0.32,2.65,0.013,91,530,105.0,19.3,0,0,0,1,3,0.3,-8,Expressway,0.2708,262.9,27.0
BYD,eMAX 7,Premium,64.7,71.8,150,2135,0.32,2.65,0.012,91,530,108.1,39.3,0,0,0,2,3,3.3,0,Expressway,0.3211,201.5,27.0
BYD,eMAX 7,Premium,65.6,71.8,150,2135,0.32,2.65,0.0126,91,530,85.0,37.7,0,0,0,2,2,2.9,-5,Expressway,0.2471,265.5,27.0
BYD,eMAX 7,Premium,69.2,71.8,150,2135,0.32,2.65,0.012,91,530,98.9,37.2,1,0,0,2,3,1.2,0,Expressway,0.3416,202.6,27.0
BYD,eMAX 7,Premium,64.0,71.8,150,2135,0.32,2.65,0.013,91,530,96.5,38.6,0,0,1,2,3,3.6,-8,Expressway,0.4199,152.4,27.0
BYD,eMAX 7,Premium,69.4,71.8,150,2135,0.32,2.65,0.0122,91,530,99.8,44.8,1,0,0,0,2,1.1,-2,Expressway,0.2568,270.2,27.0
BYD,eMAX 7,Premium,65.6,71.8,150,2135,0.32,2.65,0.0122,91,530,93.8,31.3,1,0,0,1,4,2.9,-2,Expressway,0.2658,246.8,27.0
BYD,eMAX 7,Premium,61.5,71.8,150,2135,0.32,2.65,0.012,91,530,25.0,16.6,0,2,1,2,4,4.8,0,Hill_Station,1.1368,54.1,27.0
BYD,eMAX 7,Premium,63.0,71.8,150,2135,0.32,2.65,0.0122,91,530,27.3,22.3,0,2,0,2,5,4.1,-2,Hill_Station,0.9039,69.7,27.0
BYD,eMAX 7,Premium,64.3,71.8,150,2135,0.32,2.65,0.012,91,530,23.5,11.9,0,2,0,0,2,3.5,0,Hill_Station,0.6663,96.5,27.0
BYD,eMAX 7,Premium,67.5,71.8,150,2135,0.32,2.65,0.012,91,530,33.2,13.0,0,2,2,2,2,2.0,0,Hill_Station,1.2736,53.0,27.0
BYD,eMAX 7,Premium,63.4,71.8,150,2135,0.32,2.65,0.0126,91,530,33.3,14.9,0,2,1,2,1,3.9,-5,Hill_Station,1.1828,53.6,27.0
BYD,eMAX 7,Premium,68.6,71.8,150,2135,0.32,2.65,0.012,91,530,21.5,20.7,0,2,0,2,1,1.5,0,Hill_Station,0.8005,85.7,27.0
BYD,eMAX 7,Premium,70.3,71.8,150,2135,0.32,2.65,0.0122,91,530,38.3,5.3,0,2,1,1,3,0.7,-2,Hill_Station,1.1835,59.4,27.0
BYD,eMAX 7,Premium,69.2,71.8,150,2135,0.32,2.65,0.012,91,530,29.5,26.8,0,2,2,1,1,1.2,0,Hill_Station,1.3057,53.0,27.0
BYD,eMAX 7,Premium,65.3,71.8,150,2135,0.32,2.65,0.013,91,530,36.0,7.3,0,2,2,0,2,3.0,-8,Hill_Station,1.2321,53.0,27.0
BYD,eMAX 7,Premium,67.3,71.8,150,2135,0.32,2.65,0.012,91,530,31.2,17.0,1,2,1,1,1,2.1,0,Hill_Station,0.956,70.4,27.0
BYD,eMAX 7,Premium,70.5,71.8,150,2135,0.32,2.65,0.0122,91,530,31.0,6.4,0,2,0,1,3,0.6,2,Hill_Station,0.8629,81.7,27.0
BYD,eMAX 7,Premium,68.8,71.8,150,2135,0.32,2.65,0.012,91,530,33.9,10.9,0,0,1,2,2,1.4,0,Rural_Road,0.2193,313.7,27.0
BYD,eMAX 7,Premium,71.8,71.8,150,2135,0.32,2.65,0.012,91,530,58.8,19.4,0,0,0,0,2,0.0,0,Rural_Road,0.1426,503.5,27.0
BYD,eMAX 7,Premium,68.8,71.8,150,2135,0.32,2.65,0.012,91,530,48.0,42.7,1,0,0,1,4,1.4,0,Rural_Road,0.2189,314.3,27.0
BYD,eMAX 7,Premium,62.1,71.8,150,2135,0.32,2.65,0.012,91,530,52.7,43.0,1,0,0,0,3,4.5,0,Rural_Road,0.2348,264.5,27.0
BYD,eMAX 7,Premium,63.2,71.8,150,2135,0.32,2.65,0.012,91,530,42.3,26.5,0,0,0,2,1,4.0,0,Rural_Road,0.1533,412.2,27.0
BYD,eMAX 7,Premium,61.2,71.8,150,2135,0.32,2.65,0.0122,91,530,39.8,37.8,1,0,1,1,1,4.9,-2,Rural_Road,0.2551,239.9,27.0
BYD,eMAX 7,Premium,64.5,71.8,150,2135,0.32,2.65,0.012,91,530,30.9,30.5,0,0,1,1,1,3.4,0,Rural_Road,0.1612,400.1,27.0
BYD,eMAX 7,Premium,63.2,71.8,150,2135,0.32,2.65,0.0122,91,530,56.6,18.0,0,0,1,1,2,4.0,-2,Rural_Road,0.2557,247.2,27.0
BYD,eMAX 7,Premium,69.6,71.8,150,2135,0.32,2.65,0.013,91,530,49.6,41.1,1,0,1,2,2,1.0,-8,Rural_Road,0.3533,197.0,27.0
BYD,eMAX 7,Premium,61.9,71.8,150,2135,0.32,2.65,0.012,91,530,21.2,23.9,0,2,1,1,2,4.6,0,Ghat_Road,0.9657,64.1,27.0
BYD,eMAX 7,Premium,68.1,71.8,150,2135,0.32,2.65,0.0126,91,530,24.9,26.3,1,2,2,1,4,1.7,-5,Ghat_Road,1.2849,53.0,27.0
BYD,eMAX 7,Premium,62.1,71.8,150,2135,0.32,2.65,0.013,91,530,29.6,23.1,1,2,1,1,2,4.5,-8,Ghat_Road,1.0214,60.8,27.0
BYD,eMAX 7,Premium,71.4,71.8,150,2135,0.32,2.65,0.012,91,530,15.2,33.7,1,2,1,1,3,0.2,0,Ghat_Road,1.0333,69.1,27.0
BYD,eMAX 7,Premium,70.9,71.8,150,2135,0.32,2.65,0.0126,91,530,24.7,30.9,0,2,0,1,2,0.4,-5,Ghat_Road,0.687,103.2,27.0
BYD,eMAX 7,Premium,65.8,71.8,150,2135,0.32,2.65,0.0122,91,530,33.7,30.0,1,2,0,1,1,2.8,-2,Ghat_Road,0.7642,86.1,27.0
BYD,eMAX 7,Premium,63.4,71.8,150,2135,0.32,2.65,0.0122,91,530,16.7,30.0,1,2,2,0,3,3.9,-2,Ghat_Road,1.1962,53.0,27.0
BYD,eMAX 7,Premium,70.9,71.8,150,2135,0.32,2.65,0.0122,91,530,32.6,25.2,0,2,1,1,2,0.4,-2,Ghat_Road,1.0143,69.9,27.0
BYD,eMAX 7,Premium,65.3,71.8,150,2135,0.32,2.65,0.012,91,530,19.1,27.9,0,2,1,2,2,3.0,0,Ghat_Road,1.1317,57.7,27.0
BYD,eMAX 7,Premium,69.6,71.8,150,2135,0.32,2.65,0.012,91,530,20.3,13.1,0,2,2,2,1,1.0,0,Ghat_Road,1.3132,53.0,27.0
BMW,iX1,xDrive30,64.1,64.7,230,2080,0.29,2.48,0.0116,93,440,32.5,38.5,1,0,0,1,1,0.3,-5,Delhi,0.1533,418.0,67.0
BMW,iX1,xDrive30,63.0,64.7,230,2080,0.29,2.48,0.0112,93,440,30.6,26.9,0,0,2,2,3,0.9,-2,Delhi,0.152,414.6,67.0
BMW,iX1,xDrive30,61.0,64.7,230,2080,0.29,2.48,0.0112,93,440,22.8,35.6,0,0,2,1,2,1.9,-2,Delhi,0.1459,418.0,67.0
BMW,iX1,xDrive30,59.8,64.7,230,2080,0.29,2.48,0.0119,93,440,32.5,30.8,1,0,2,1,3,2.5,-8,Delhi,0.2226,268.6,67.0
BMW,iX1,xDrive30,59.3,64.7,230,2080,0.29,2.48,0.0112,93,440,30.3,40.2,0,0,1,2,3,2.8,-2,Delhi,0.1419,418.0,67.0
BMW,iX1,xDrive30,59.7,64.7,230,2080,0.29,2.48,0.0112,93,440,27.1,40.8,1,0,2,1,3,2.6,-2,Delhi,0.3117,191.5,67.0
BMW,iX1,xDrive30,64.1,64.7,230,2080,0.29,2.48,0.0116,93,440,19.4,25.0,0,0,2,1,1,0.3,-5,Delhi,0.1533,418.0,67.0
BMW,iX1,xDrive30,58.1,64.7,230,2080,0.29,2.48,0.011,93,440,16.1,29.4,0,0,2,0,3,3.4,0,Delhi,0.139,418.0,67.0
BMW,iX1,xDrive30,55.4,64.7,230,2080,0.29,2.48,0.0112,93,440,19.7,45.0,1,0,2,2,1,4.8,-2,Delhi,0.354,156.5,67.0
BMW,iX1,xDrive30,57.1,64.7,230,2080,0.29,2.48,0.011,93,440,29.2,12.2,0,0,2,1,2,3.9,0,Delhi,0.1522,375.1,67.0
BMW,iX1,xDrive30,59.5,64.7,230,2080,0.29,2.48,0.011,93,440,17.7,13.2,0,0,1,1,3,2.7,0,Delhi,0.1423,418.0,67.0
BMW,iX1,xDrive30,64.3,64.7,230,2080,0.29,2.48,0.0116,93,440,26.3,11.9,0,0,0,1,2,0.2,-5,Delhi,0.1538,418.0,67.0
BMW,iX1,xDrive30,55.6,64.7,230,2080,0.29,2.48,0.011,93,440,27.7,19.8,0,0,2,1,1,4.7,0,Mumbai,0.134,414.8,67.0
BMW,iX1,xDrive30,62.4,64.7,230,2080,0.29,2.48,0.011,93,440,19.5,37.9,0,0,2,1,1,1.2,0,Mumbai,0.1493,418.0,67.0
BMW,iX1,xDrive30,63.7,64.7,230,2080,0.29,2.48,0.011,93,440,12.5,29.4,0,0,2,1,1,0.5,0,Mumbai,0.1524,418.0,67.0
BMW,iX1,xDrive30,62.0,64.7,230,2080,0.29,2.48,0.0116,93,440,24.3,25.0,1,0,2,0,3,1.4,-5,Mumbai,0.1816,341.4,67.0
BMW,iX1,xDrive30,56.9,64.7,230,2080,0.29,2.48,0.0112,93,440,12.5,32.7,1,0,1,0,3,4.0,2,Mumbai,0.1683,338.0,67.0
BMW,iX1,xDrive30,57.1,64.7,230,2080,0.29,2.48,0.0116,93,440,19.6,33.5,0,0,2,0,3,3.9,-5,Mumbai,0.1366,418.0,67.0
BMW,iX1,xDrive30,59.7,64.7,230,2080,0.29,2.48,0.011,93,440,24.7,37.5,1,0,2,2,3,2.6,0,Mumbai,0.2724,219.2,67.0
BMW,iX1,xDrive30,60.0,64.7,230,2080,0.29,2.48,0.011,93,440,30.0,20.7,0,0,0,1,3,2.4,0,Mumbai,0.1435,418.0,67.0
BMW,iX1,xDrive30,62.2,64.7,230,2080,0.29,2.48,0.011,93,440,26.4,18.5,1,0,1,1,3,1.3,0,Mumbai,0.1488,418.0,67.0
BMW,iX1,xDrive30,58.7,64.7,230,2080,0.29,2.48,0.0112,93,440,17.5,36.7,0,0,1,0,2,3.1,-2,Mumbai,0.1404,418.0,67.0
BMW,iX1,xDrive30,60.6,64.7,230,2080,0.29,2.48,0.0119,93,440,22.0,23.2,0,1,0,0,3,2.1,-8,Bangalore,0.1708,354.8,67.0
BMW,iX1,xDrive30,58.9,64.7,230,2080,0.29,2.48,0.0116,93,440,28.7,36.5,1,1,2,0,3,3.0,-5,Bangalore,0.4496,131.0,67.0
BMW,iX1,xDrive30,60.6,64.7,230,2080,0.29,2.48,0.0119,93,440,17.4,26.2,1,1,2,0,5,2.1,-8,Bangalore,0.4533,133.7,67.0
BMW,iX1,xDrive30,59.3,64.7,230,2080,0.29,2.48,0.011,93,440,19.5,20.6,0,1,0,0,4,2.8,0,Bangalore,0.168,352.9,67.0
BMW,iX1,xDrive30,63.1,64.7,230,2080,0.29,2.48,0.0112,93,440,32.2,19.7,0,1,0,0,3,0.8,2,Bangalore,0.1584,398.3,67.0
BMW,iX1,xDrive30,59.3,64.7,230,2080,0.29,2.48,0.0112,93,440,15.2,19.8,0,1,2,1,2,2.8,-2,Bangalore,0.4348,136.4,67.0
BMW,iX1,xDrive30,59.5,64.7,230,2080,0.29,2.48,0.011,93,440,19.4,19.1,0,1,0,1,2,2.7,0,Bangalore,0.1808,329.1,67.0
BMW,iX1,xDrive30,60.6,64.7,230,2080,0.29,2.48,0.011,93,440,16.0,19.5,0,1,2,1,4,2.1,0,Bangalore,0.4506,134.5,67.0
BMW,iX1,xDrive30,61.2,64.7,230,2080,0.29,2.48,0.011,93,440,17.8,32.7,1,1,2,1,5,1.8,0,Bangalore,0.5714,107.1,67.0
BMW,iX1,xDrive30,58.9,64.7,230,2080,0.29,2.48,0.011,93,440,19.4,32.4,0,1,2,1,3,3.0,0,Bangalore,0.4259,138.3,67.0
BMW,iX1,xDrive30,61.8,64.7,230,2080,0.29,2.48,0.011,93,440,32.0,41.2,1,0,2,1,3,1.5,0,Chennai,0.2755,224.3,67.0
BMW,iX1,xDrive30,61.6,64.7,230,2080,0.29,2.48,0.011,93,440,28.4,30.8,1,0,1,2,3,1.6,0,Chennai,0.1474,418.0,67.0
BMW,iX1,xDrive30,63.0,64.7,230,2080,0.29,2.48,0.0116,93,440,34.9,35.6,1,0,2,1,3,0.9,-5,Chennai,0.2221,283.6,67.0
BMW,iX1,xDrive30,58.5,64.7,230,2080,0.29,2.48,0.0119,93,440,33.3,33.9,0,0,2,0,2,3.2,-8,Chennai,0.14,418.0,67.0
BMW,iX1,xDrive30,59.5,64.7,230,2080,0.29,2.48,0.0112,93,440,27.7,37.6,1,0,2,1,2,2.7,-2,Chennai,0.2514,236.7,67.0
BMW,iX1,xDrive30,58.7,64.7,230,2080,0.29,2.48,0.011,93,440,29.5,22.6,0,0,0,1,2,3.1,0,Chennai,0.1404,418.0,67.0
BMW,iX1,xDrive30,61.4,64.7,230,2080,0.29,2.48,0.0112,93,440,31.2,42.0,1,0,2,2,3,1.7,-2,Chennai,0.3266,188.0,67.0
BMW,iX1,xDrive30,58.5,64.7,230,2080,0.29,2.48,0.011,93,440,17.2,41.7,1,0,2,1,2,3.2,0,Chennai,0.3782,154.7,67.0
BMW,iX1,xDrive30,60.6,64.7,230,2080,0.29,2.48,0.011,93,440,30.6,28.2,1,0,2,1,1,2.1,0,Chennai,0.1541,393.3,67.0
BMW,iX1,xDrive30,64.3,64.7,230,2080,0.29,2.48,0.0119,93,440,32.2,35.0,1,1,2,1,3,0.2,-8,Pune,0.5004,128.5,67.0
BMW,iX1,xDrive30,56.7,64.7,230,2080,0.29,2.48,0.0112,93,440,29.0,39.6,0,1,0,1,2,4.1,-2,Pune,0.1744,325.1,67.0
BMW,iX1,xDrive30,61.4,64.7,230,2080,0.29,2.48,0.011,93,440,22.4,24.8,0,1,0,0,2,1.7,0,Pune,0.1655,370.9,67.0
BMW,iX1,xDrive30,60.8,64.7,230,2080,0.29,2.48,0.0112,93,440,19.2,26.3,0,1,1,0,4,2.0,-2,Pune,0.2209,275.2,67.0
BMW,iX1,xDrive30,63.3,64.7,230,2080,0.29,2.48,0.0119,93,440,32.7,18.6,0,1,2,1,3,0.7,-8,Pune,0.406,155.9,67.0
BMW,iX1,xDrive30,62.0,64.7,230,2080,0.29,2.48,0.011,93,440,28.3,25.5,0,1,1,1,4,1.4,0,Pune,0.2597,238.7,67.0
BMW,iX1,xDrive30,56.4,64.7,230,2080,0.29,2.48,0.0112,93,440,20.7,26.1,1,1,2,1,4,4.3,-2,Pune,0.4712,119.7,67.0
BMW,iX1,xDrive30,55.4,64.7,230,2080,0.29,2.48,0.0112,93,440,25.3,35.9,0,1,1,1,1,4.8,-2,Pune,0.2343,236.4,67.0
BMW,iX1,xDrive30,62.0,64.7,230,2080,0.29,2.48,0.0116,93,440,37.8,32.6,0,1,1,1,4,1.4,-5,Pune,0.2696,230.0,67.0
BMW,iX1,xDrive30,63.7,64.7,230,2080,0.29,2.48,0.011,93,440,23.4,20.0,0,1,2,2,2,0.5,0,Pune,0.4424,144.0,67.0
BMW,iX1,xDrive30,60.2,64.7,230,2080,0.29,2.48,0.0119,93,440,35.7,20.8,1,1,2,1,5,2.3,-8,Pune,0.4894,123.0,67.0
BMW,iX1,xDrive30,63.7,64.7,230,2080,0.29,2.48,0.0112,93,440,20.5,18.9,0,0,1,0,2,0.5,-2,Hyderabad,0.1524,418.0,67.0
BMW,iX1,xDrive30,64.1,64.7,230,2080,0.29,2.48,0.0112,93,440,16.7,17.9,0,0,2,0,4,0.3,2,Hyderabad,0.1533,418.0,67.0
BMW,iX1,xDrive30,57.7,64.7,230,2080,0.29,2.48,0.0112,93,440,18.7,15.6,0,0,2,1,1,3.6,-2,Hyderabad,0.138,418.0,67.0
BMW,iX1,xDrive30,57.3,64.7,230,2080,0.29,2.48,0.0112,93,440,30.3,33.3,1,0,2,1,1,3.8,-2,Hyderabad,0.215,266.5,67.0
BMW,iX1,xDrive30,57.9,64.7,230,2080,0.29,2.48,0.0112,93,440,17.0,16.1,0,0,1,2,3,3.5,-2,Hyderabad,0.1385,418.0,67.0
BMW,iX1,xDrive30,55.0,64.7,230,2080,0.29,2.48,0.011,93,440,18.5,15.9,0,0,1,1,1,5.0,0,Hyderabad,0.1316,418.0,67.0
BMW,iX1,xDrive30,63.1,64.7,230,2080,0.29,2.48,0.0112,93,440,15.0,36.9,1,0,1,1,1,0.8,2,Hyderabad,0.1912,330.0,67.0
BMW,iX1,xDrive30,61.6,64.7,230,2080,0.29,2.48,0.0112,93,440,18.3,29.1,0,0,1,1,3,1.6,-2,Hyderabad,0.1474,418.0,67.0
BMW,iX1,xDrive30,56.4,64.7,230,2080,0.29,2.48,0.0116,93,440,34.7,42.9,1,0,2,1,1,4.3,-5,Hyderabad,0.2638,213.8,67.0
BMW,iX1,xDrive30,59.7,64.7,230,2080,0.29,2.48,0.011,93,440,25.5,42.6,1,0,2,2,1,2.6,0,Hyderabad,0.3068,194.6,67.0
BMW,iX1,xDrive30,58.9,64.7,230,2080,0.29,2.48,0.011,93,440,33.7,35.9,1,0,1,0,2,3.0,0,Hyderabad,0.1409,418.0,67.0
BMW,iX1,xDrive30,58.7,64.7,230,2080,0.29,2.48,0.0112,93,440,18.9,34.6,1,0,1,1,4,3.1,-2,Hyderabad,0.1463,401.1,67.0
BMW,iX1,xDrive30,60.6,64.7,230,2080,0.29,2.48,0.0112,93,440,17.6,25.6,1,0,0,2,2,2.1,-2,Kolkata,0.145,418.0,67.0
BMW,iX1,xDrive30,59.8,64.7,230,2080,0.29,2.48,0.0116,93,440,27.5,33.8,1,0,2,2,3,2.5,-5,Kolkata,0.246,243.1,67.0
BMW,iX1,xDrive30,59.8,64.7,230,2080,0.29,2.48,0.011,93,440,24.1,41.6,1,0,2,1,1,2.5,0,Kolkata,0.3065,195.1,67.0
BMW,iX1,xDrive30,61.4,64.7,230,2080,0.29,2.48,0.011,93,440,25.3,35.0,1,0,1,1,2,1.7,0,Kolkata,0.1469,418.0,67.0
BMW,iX1,xDrive30,58.3,64.7,230,2080,0.29,2.48,0.0119,93,440,22.4,20.2,0,0,1,0,2,3.3,-8,Kolkata,0.1395,418.0,67.0
BMW,iX1,xDrive30,61.0,64.7,230,2080,0.29,2.48,0.0112,93,440,15.1,21.1,0,0,1,1,2,1.9,-2,Kolkata,0.1459,418.0,67.0
BMW,iX1,xDrive30,59.1,64.7,230,2080,0.29,2.48,0.0119,93,440,20.3,16.9,0,0,1,1,3,2.9,-8,Kolkata,0.1414,418.0,67.0
BMW,iX1,xDrive30,59.3,64.7,230,2080,0.29,2.48,0.0119,93,440,16.2,29.7,0,0,2,1,2,2.8,-8,Kolkata,0.1474,402.4,67.0
BMW,iX1,xDrive30,56.5,64.7,230,2080,0.29,2.48,0.011,93,440,91.7,25.0,0,0,1,1,2,4.2,0,Highway_NH,0.1414,399.5,67.0
BMW,iX1,xDrive30,61.8,64.7,230,2080,0.29,2.48,0.0112,93,440,80.8,26.6,1,0,0,1,3,1.5,-2,Highway_NH,0.1478,418.0,67.0
BMW,iX1,xDrive30,64.1,64.7,230,2080,0.29,2.48,0.011,93,440,74.2,21.2,0,0,0,2,4,0.3,0,Highway_NH,0.1533,418.0,67.0
BMW,iX1,xDrive30,62.6,64.7,230,2080,0.29,2.48,0.0112,93,440,77.4,34.3,0,0,0,0,3,1.1,-2,Highway_NH,0.1498,418.0,67.0
BMW,iX1,xDrive30,57.9,64.7,230,2080,0.29,2.48,0.0112,93,440,85.4,21.2,0,0,0,0,2,3.5,2,Highway_NH,0.1385,418.0,67.0
BMW,iX1,xDrive30,57.1,64.7,230,2080,0.29,2.48,0.011,93,440,91.1,18.2,0,0,0,2,5,3.9,0,Highway_NH,0.1366,418.0,67.0
BMW,iX1,xDrive30,56.0,64.7,230,2080,0.29,2.48,0.011,93,440,80.3,26.6,0,0,0,2,3,4.5,0,Highway_NH,0.134,418.0,67.0
BMW,iX1,xDrive30,55.4,64.7,230,2080,0.29,2.48,0.0116,93,440,96.0,32.8,1,0,2,1,3,4.8,-5,Highway_NH,0.2672,207.3,67.0
BMW,iX1,xDrive30,64.5,64.7,230,2080,0.29,2.48,0.0119,93,440,105.1,40.9,1,0,0,0,1,0.1,-8,Expressway,0.1543,418.0,67.0
BMW,iX1,xDrive30,60.8,64.7,230,2080,0.29,2.48,0.0116,93,440,112.7,20.4,0,0,0,1,2,2.0,-5,Expressway,0.1462,415.9,67.0
BMW,iX1,xDrive30,63.9,64.7,230,2080,0.29,2.48,0.0112,93,440,97.7,34.3,1,0,0,1,1,0.4,-2,Expressway,0.1529,418.0,67.0
BMW,iX1,xDrive30,55.2,64.7,230,2080,0.29,2.48,0.0119,93,440,102.3,25.1,0,0,2,1,1,4.9,-8,Expressway,0.2786,198.1,67.0
BMW,iX1,xDrive30,57.3,64.7,230,2080,0.29,2.48,0.0116,93,440,82.0,44.7,0,0,1,1,2,3.8,-5,Expressway,0.1458,392.9,67.0
BMW,iX1,xDrive30,57.7,64.7,230,2080,0.29,2.48,0.0112,93,440,86.0,33.5,0,0,0,1,2,3.6,-2,Expressway,0.138,418.0,67.0
BMW,iX1,xDrive30,56.2,64.7,230,2080,0.29,2.48,0.011,93,440,102.5,18.1,0,0,0,1,4,4.4,0,Expressway,0.1344,418.0,67.0
BMW,iX1,xDrive30,55.2,64.7,230,2080,0.29,2.48,0.0116,93,440,117.3,25.3,1,0,0,0,5,4.9,-5,Expressway,0.1511,365.4,67.0
BMW,iX1,xDrive30,55.2,64.7,230,2080,0.29,2.48,0.0116,93,440,98.9,30.0,0,0,0,0,2,4.9,-5,Expressway,0.1321,418.0,67.0
BMW,iX1,xDrive30,60.6,64.7,230,2080,0.29,2.48,0.0119,93,440,102.9,26.0,0,0,0,1,3,2.1,-8,Expressway,0.145,418.0,67.0
BMW,iX1,xDrive30,58.5,64.7,230,2080,0.29,2.48,0.011,93,440,115.4,37.9,0,0,0,0,1,3.2,0,Expressway,0.14,418.0,67.0
BMW,iX1,xDrive30,64.5,64.7,230,2080,0.29,2.48,0.011,93,440,117.1,17.1,0,0,0,2,2,0.1,0,Expressway,0.1588,406.2,67.0
BMW,iX1,xDrive30,57.1,64.7,230,2080,0.29,2.48,0.0112,93,440,35.4,6.5,0,2,2,1,5,3.9,-2,Hill_Station,1.1375,50.2,67.0
BMW,iX1,xDrive30,58.3,64.7,230,2080,0.29,2.48,0.0112,93,440,23.4,26.1,0,2,0,0,1,3.3,-2,Hill_Station,0.3572,163.2,67.0
BMW,iX1,xDrive30,57.7,64.7,230,2080,0.29,2.48,0.0116,93,440,28.6,17.8,0,2,1,1,3,3.6,-5,Hill_Station,0.5548,104.0,67.0
BMW,iX1,xDrive30,61.2,64.7,230,2080,0.29,2.48,0.0112,93,440,36.6,8.8,0,2,0,0,1,1.8,-2,Hill_Station,0.3943,155.2,67.0
BMW,iX1,xDrive30,63.5,64.7,230,2080,0.29,2.48,0.0119,93,440,37.8,22.8,0,2,0,1,2,0.6,-8,Hill_Station,0.3863,164.4,67.0
BMW,iX1,xDrive30,59.5,64.7,230,2080,0.29,2.48,0.0112,93,440,36.8,6.7,0,2,0,1,3,2.7,-2,Hill_Station,0.4346,136.9,67.0
BMW,iX1,xDrive30,58.7,64.7,230,2080,0.29,2.48,0.0112,93,440,26.6,28.2,1,2,1,1,5,3.1,-2,Hill_Station,0.6271,93.6,67.0
BMW,iX1,xDrive30,58.7,64.7,230,2080,0.29,2.48,0.0116,93,440,27.0,27.2,0,2,2,1,1,3.1,-5,Hill_Station,0.8722,67.3,67.0
BMW,iX1,xDrive30,57.9,64.7,230,2080,0.29,2.48,0.0119,93,440,56.2,11.8,0,0,1,1,3,3.5,-8,Rural_Road,0.1385,418.0,67.0
BMW,iX1,xDrive30,62.0,64.7,230,2080,0.29,2.48,0.0112,93,440,36.2,26.8,1,0,0,1,1,1.4,-2,Rural_Road,0.1483,418.0,67.0
BMW,iX1,xDrive30,61.6,64.7,230,2080,0.29,2.48,0.0116,93,440,54.0,44.3,0,0,2,0,3,1.6,-5,Rural_Road,0.1547,398.2,67.0
BMW,iX1,xDrive30,59.1,64.7,230,2080,0.29,2.48,0.0112,93,440,38.9,42.7,1,0,0,1,4,2.9,-2,Rural_Road,0.1414,418.0,67.0
BMW,iX1,xDrive30,58.3,64.7,230,2080,0.29,2.48,0.011,93,440,39.9,12.9,0,0,0,0,2,3.3,0,Rural_Road,0.1395,418.0,67.0
BMW,iX1,xDrive30,62.4,64.7,230,2080,0.29,2.48,0.011,93,440,55.2,19.6,0,0,2,1,4,1.2,0,Rural_Road,0.1582,394.5,67.0
BMW,iX1,xDrive30,60.6,64.7,230,2080,0.29,2.48,0.011,93,440,47.5,15.5,1,0,0,2,2,2.1,0,Rural_Road,0.145,418.0,67.0
BMW,iX1,xDrive30,60.6,64.7,230,2080,0.29,2.48,0.011,93,440,47.6,32.5,1,0,0,1,2,2.1,0,Rural_Road,0.145,418.0,67.0
BMW,iX1,xDrive30,63.5,64.7,230,2080,0.29,2.48,0.0119,93,440,59.3,15.9,0,0,0,2,4,0.6,-8,Rural_Road,0.1519,418.0,67.0
BMW,iX1,xDrive30,55.6,64.7,230,2080,0.29,2.48,0.0112,93,440,47.5,28.5,0,0,0,1,5,4.7,-2,Rural_Road,0.133,418.0,67.0
BMW,iX1,xDrive30,57.7,64.7,230,2080,0.29,2.48,0.011,93,440,21.6,13.1,1,2,1,1,4,3.6,0,Ghat_Road,0.6224,92.7,67.0
BMW,iX1,xDrive30,58.9,64.7,230,2080,0.29,2.48,0.011,93,440,21.6,30.3,1,2,1,0,4,3.0,0,Ghat_Road,0.5064,116.3,67.0
BMW,iX1,xDrive30,60.0,64.7,230,2080,0.29,2.48,0.0116,93,440,32.9,26.5,0,2,0,1,2,2.4,-5,Ghat_Road,0.372,161.3,67.0
BMW,iX1,xDrive30,55.4,64.7,230,2080,0.29,2.48,0.011,93,440,16.8,34.7,1,2,1,1,2,4.8,0,Ghat_Road,0.5789,95.7,67.0
BMW,iX1,xDrive30,57.3,64.7,230,2080,0.29,2.48,0.0116,93,440,17.6,10.7,0,2,0,1,1,3.8,-5,Ghat_Road,0.4081,140.4,67.0
BMW,iX1,xDrive30,55.4,64.7,230,2080,0.29,2.48,0.011,93,440,19.8,19.6,0,2,1,1,4,4.8,0,Ghat_Road,0.5518,100.4,67.0
BMW,iX1,xDrive30,64.1,64.7,230,2080,0.29,2.48,0.011,93,440,22.0,13.0,0,2,1,1,4,0.3,0,Ghat_Road,0.5579,114.9,67.0
BMW,iX1,xDrive30,56.2,64.7,230,2080,0.29,2.48,0.011,93,440,18.4,32.5,1,2,2,1,5,4.4,0,Ghat_Road,1.0255,54.8,67.0
BMW,iX1,xDrive30,64.5,64.7,230,2080,0.29,2.48,0.0112,93,440,31.9,30.9,0,2,2,1,4,0.1,2,Ghat_Road,0.9175,70.3,67.0
BMW,iX1,xDrive30,59.7,64.7,230,2080,0.29,2.48,0.011,93,440,21.7,27.1,0,2,0,2,2,2.6,0,Ghat_Road,0.4435,134.6,67.0
BMW,iX1,xDrive30,58.1,64.7,230,2080,0.29,2.48,0.0116,93,440,32.0,34.4,1,2,1,2,1,3.4,-5,Ghat_Road,0.6161,94.3,67.0
BMW,iX,xDrive50,100.5,105.2,385,2590,0.25,2.65,0.0102,94,635,26.3,27.0,0,0,2,2,1,1.5,-2,Delhi,0.3023,332.4,120.0
BMW,iX,xDrive50,94.5,105.2,385,2590,0.25,2.65,0.0102,94,635,33.4,24.2,1,0,2,2,4,3.4,2,Delhi,0.386,244.8,120.0
BMW,iX,xDrive50,100.8,105.2,385,2590,0.25,2.65,0.0108,94,635,25.5,17.3,0,0,2,1,2,1.4,-8,Delhi,0.2759,365.4,120.0
BMW,iX,xDrive50,89.4,105.2,385,2590,0.25,2.65,0.0108,94,635,23.6,28.6,0,0,1,2,3,5.0,-8,Delhi,0.1818,491.8,120.0
BMW,iX,xDrive50,96.4,105.2,385,2590,0.25,2.65,0.0105,94,635,24.3,24.8,0,0,1,0,4,2.8,-5,Delhi,0.1598,603.25,120.0
BMW,iX,xDrive50,97.3,105.2,385,2590,0.25,2.65,0.01,94,635,19.5,41.1,0,0,1,1,2,2.5,0,Delhi,0.1701,572.1,120.0
BMW,iX,xDrive50,98.9,105.2,385,2590,0.25,2.65,0.01,94,635,23.8,29.7,0,0,2,2,4,2.0,0,Delhi,0.3149,314.1,120.0
BMW,iX,xDrive50,97.0,105.2,385,2590,0.25,2.65,0.0108,94,635,33.1,28.7,0,0,1,0,1,2.6,-8,Delhi,0.166,584.2,120.0
BMW,iX,xDrive50,99.8,105.2,385,2590,0.25,2.65,0.01,94,635,30.2,14.4,0,0,2,1,2,1.7,0,Delhi,0.281,355.1,120.0
BMW,iX,xDrive50,97.3,105.2,385,2590,0.25,2.65,0.0102,94,635,20.3,28.1,0,0,2,1,5,2.5,-2,Delhi,0.3057,318.3,120.0
BMW,iX,xDrive50,92.9,105.2,385,2590,0.25,2.65,0.01,94,635,26.8,36.4,1,0,2,1,4,3.9,0,Mumbai,0.4781,194.3,120.0
BMW,iX,xDrive50,91.6,105.2,385,2590,0.25,2.65,0.01,94,635,29.6,24.9,0,0,2,2,1,4.3,0,Mumbai,0.3049,300.4,120.0
BMW,iX,xDrive50,102.7,105.2,385,2590,0.25,2.65,0.0105,94,635,14.9,24.6,0,0,1,1,2,0.8,-5,Mumbai,0.1815,565.9,120.0
BMW,iX,xDrive50,90.1,105.2,385,2590,0.25,2.65,0.0105,94,635,19.1,19.6,0,0,2,1,3,4.8,-5,Mumbai,0.2539,354.8,120.0
BMW,iX,xDrive50,90.1,105.2,385,2590,0.25,2.65,0.01,94,635,29.8,29.4,0,0,1,1,5,4.8,0,Mumbai,0.162,556.1,120.0
BMW,iX,xDrive50,92.9,105.2,385,2590,0.25,2.65,0.0102,94,635,25.2,32.8,0,0,0,0,1,3.9,-2,Mumbai,0.154,603.25,120.0
BMW,iX,xDrive50,91.0,105.2,385,2590,0.25,2.65,0.0108,94,635,14.9,25.5,0,0,0,0,3,4.5,-8,Mumbai,0.1508,603.25,120.0
BMW,iX,xDrive50,92.3,105.2,385,2590,0.25,2.65,0.0105,94,635,14.4,23.3,1,0,2,1,2,4.1,-5,Mumbai,0.35,263.7,120.0
BMW,iX,xDrive50,100.8,105.2,385,2590,0.25,2.65,0.01,94,635,21.1,34.2,1,0,2,1,1,1.4,0,Mumbai,0.4212,239.3,120.0
BMW,iX,xDrive50,96.4,105.2,385,2590,0.25,2.65,0.0102,94,635,30.2,31.9,1,1,2,1,2,2.8,-2,Bangalore,0.8844,109.0,120.0
BMW,iX,xDrive50,96.7,105.2,385,2590,0.25,2.65,0.0102,94,635,26.9,26.9,1,1,0,2,4,2.7,-2,Bangalore,0.5196,186.1,120.0
BMW,iX,xDrive50,92.6,105.2,385,2590,0.25,2.65,0.0105,94,635,30.9,31.4,1,1,1,1,4,4.0,-5,Bangalore,0.6186,149.7,120.0
BMW,iX,xDrive50,91.0,105.2,385,2590,0.25,2.65,0.0105,94,635,16.5,26.4,1,1,2,1,2,4.5,-5,Bangalore,0.9924,91.7,120.0
BMW,iX,xDrive50,97.0,105.2,385,2590,0.25,2.65,0.0102,94,635,25.5,27.4,0,1,2,0,3,2.6,-2,Bangalore,0.7867,123.3,120.0
BMW,iX,xDrive50,100.8,105.2,385,2590,0.25,2.65,0.01,94,635,18.8,32.1,1,1,0,0,3,1.4,0,Bangalore,0.4594,219.4,120.0
BMW,iX,xDrive50,99.8,105.2,385,2590,0.25,2.65,0.0102,94,635,33.7,33.4,0,1,2,1,2,1.7,-2,Bangalore,0.7997,124.8,120.0
BMW,iX,xDrive50,104.3,105.2,385,2590,0.25,2.65,0.0108,94,635,27.3,24.3,0,1,1,1,2,0.3,-8,Bangalore,0.4763,219.0,120.0
BMW,iX,xDrive50,91.0,105.2,385,2590,0.25,2.65,0.01,94,635,25.8,22.6,0,1,1,1,1,4.5,0,Bangalore,0.513,177.4,120.0
BMW,iX,xDrive50,97.9,105.2,385,2590,0.25,2.65,0.01,94,635,17.6,27.6,0,0,2,0,4,2.3,0,Chennai,0.2449,399.7,120.0
BMW,iX,xDrive50,103.0,105.2,385,2590,0.25,2.65,0.0102,94,635,16.0,28.2,0,0,2,1,1,0.7,-2,Chennai,0.2353,437.8,120.0
BMW,iX,xDrive50,95.1,105.2,385,2590,0.25,2.65,0.0102,94,635,22.9,39.6,0,0,2,1,1,3.2,-2,Chennai,0.2745,346.5,120.0
BMW,iX,xDrive50,97.6,105.2,385,2590,0.25,2.65,0.0108,94,635,34.7,36.6,0,0,1,1,1,2.4,-8,Chennai,0.1863,523.9,120.0
BMW,iX,xDrive50,104.6,105.2,385,2590,0.25,2.65,0.0105,94,635,26.5,32.7,0,0,2,1,2,0.2,-5,Chennai,0.2601,402.1,120.0
BMW,iX,xDrive50,91.9,105.2,385,2590,0.25,2.65,0.0102,94,635,23.7,22.2,0,0,2,1,2,4.2,-2,Chennai,0.2599,353.6,120.0
BMW,iX,xDrive50,92.9,105.2,385,2590,0.25,2.65,0.01,94,635,29.7,27.1,0,0,2,1,4,3.9,0,Chennai,0.2909,319.4,120.0
BMW,iX,xDrive50,98.9,105.2,385,2590,0.25,2.65,0.0102,94,635,20.0,34.0,1,0,2,1,1,2.0,-2,Chennai,0.4459,221.8,120.0
BMW,iX,xDrive50,93.2,105.2,385,2590,0.25,2.65,0.0105,94,635,30.3,35.1,1,0,1,1,2,3.8,-5,Chennai,0.2539,367.1,120.0
BMW,iX,xDrive50,98.3,105.2,385,2590,0.25,2.65,0.0102,94,635,18.7,36.1,0,0,1,1,4,2.2,-2,Chennai,0.1812,542.5,120.0
BMW,iX,xDrive50,97.6,105.2,385,2590,0.25,2.65,0.0102,94,635,31.3,32.0,1,0,2,1,2,2.4,-2,Chennai,0.3787,257.7,120.0
BMW,iX,xDrive50,93.2,105.2,385,2590,0.25,2.65,0.01,94,635,19.4,23.7,0,1,0,1,2,3.8,0,Pune,0.3513,265.3,120.0
BMW,iX,xDrive50,93.8,105.2,385,2590,0.25,2.65,0.01,94,635,20.9,29.0,0,1,2,0,1,3.6,0,Pune,0.7058,132.9,120.0
BMW,iX,xDrive50,97.6,105.2,385,2590,0.25,2.65,0.01,94,635,37.5,29.4,1,1,1,0,2,2.4,0,Pune,0.4806,203.1,120.0
BMW,iX,xDrive50,103.0,105.2,385,2590,0.25,2.65,0.0105,94,635,20.0,26.4,1,1,1,1,5,0.7,-5,Pune,0.6799,151.5,120.0
BMW,iX,xDrive50,98.9,105.2,385,2590,0.25,2.65,0.0102,94,635,26.3,23.0,0,1,2,1,1,2.0,2,Pune,0.8194,120.7,120.0
BMW,iX,xDrive50,96.0,105.2,385,2590,0.25,2.65,0.01,94,635,25.3,21.7,0,1,0,0,1,2.9,0,Pune,0.326,294.5,120.0
BMW,iX,xDrive50,91.6,105.2,385,2590,0.25,2.65,0.01,94,635,37.6,14.2,0,1,0,1,2,4.3,0,Pune,0.4046,226.4,120.0
BMW,iX,xDrive50,96.4,105.2,385,2590,0.25,2.65,0.01,94,635,20.4,13.0,0,1,0,1,1,2.8,0,Pune,0.4155,232.0,120.0
BMW,iX,xDrive50,93.2,105.2,385,2590,0.25,2.65,0.0102,94,635,20.3,22.4,0,1,1,2,3,3.8,2,Pune,0.6251,149.1,120.0
BMW,iX,xDrive50,96.7,105.2,385,2590,0.25,2.65,0.01,94,635,26.2,18.9,0,1,2,1,4,2.7,0,Pune,0.9114,106.1,120.0
BMW,iX,xDrive50,94.5,105.2,385,2590,0.25,2.65,0.01,94,635,24.8,17.6,0,0,2,2,2,3.4,0,Hyderabad,0.3094,305.4,120.0
BMW,iX,xDrive50,92.3,105.2,385,2590,0.25,2.65,0.01,94,635,30.2,31.6,0,0,1,0,1,4.1,0,Hyderabad,0.1536,601.0,120.0
BMW,iX,xDrive50,104.9,105.2,385,2590,0.25,2.65,0.01,94,635,34.6,38.9,1,0,0,0,2,0.1,0,Hyderabad,0.1739,603.25,120.0
BMW,iX,xDrive50,94.5,105.2,385,2590,0.25,2.65,0.01,94,635,30.8,33.4,0,0,0,1,1,3.4,0,Hyderabad,0.1567,603.25,120.0
BMW,iX,xDrive50,94.5,105.2,385,2590,0.25,2.65,0.01,94,635,24.4,33.0,0,0,1,2,4,3.4,0,Hyderabad,0.1897,498.1,120.0
BMW,iX,xDrive50,92.3,105.2,385,2590,0.25,2.65,0.0102,94,635,34.7,21.5,0,0,1,1,5,4.1,-2,Hyderabad,0.1713,538.9,120.0
BMW,iX,xDrive50,90.4,105.2,385,2590,0.25,2.65,0.01,94,635,31.7,36.3,1,0,1,1,5,4.7,0,Hyderabad,0.2587,349.4,120.0
BMW,iX,xDrive50,104.3,105.2,385,2590,0.25,2.65,0.01,94,635,26.2,41.7,1,0,2,0,3,0.3,0,Hyderabad,0.4878,213.8,120.0
BMW,iX,xDrive50,103.9,105.2,385,2590,0.25,2.65,0.0102,94,635,32.5,23.3,0,0,0,1,4,0.4,-2,Hyderabad,0.1722,603.25,120.0
BMW,iX,xDrive50,97.3,105.2,385,2590,0.25,2.65,0.0102,94,635,23.5,36.4,0,0,2,2,4,2.5,-2,Hyderabad,0.3282,296.5,120.0
BMW,iX,xDrive50,97.6,105.2,385,2590,0.25,2.65,0.01,94,635,24.1,33.6,0,0,2,0,1,2.4,0,Kolkata,0.2141,455.8,120.0
BMW,iX,xDrive50,91.0,105.2,385,2590,0.25,2.65,0.01,94,635,16.8,12.1,0,0,1,1,5,4.5,0,Kolkata,0.1724,527.9,120.0
BMW,iX,xDrive50,96.4,105.2,385,2590,0.25,2.65,0.0102,94,635,26.9,31.1,1,0,0,2,1,2.8,-2,Kolkata,0.2164,445.4,120.0
BMW,iX,xDrive50,92.3,105.2,385,2590,0.25,2.65,0.0102,94,635,18.6,40.8,1,0,2,0,3,4.1,2,Kolkata,0.6045,152.7,120.0
BMW,iX,xDrive50,90.1,105.2,385,2590,0.25,2.65,0.0105,94,635,14.8,16.2,0,0,0,2,4,4.8,-5,Kolkata,0.1531,588.4,120.0
BMW,iX,xDrive50,100.5,105.2,385,2590,0.25,2.65,0.0102,94,635,20.2,28.9,0,0,2,1,2,1.5,-2,Kolkata,0.2506,401.1,120.0
BMW,iX,xDrive50,98.6,105.2,385,2590,0.25,2.65,0.01,94,635,16.7,25.0,0,0,2,1,2,2.1,0,Kolkata,0.2749,358.7,120.0
BMW,iX,xDrive50,92.3,105.2,385,2590,0.25,2.65,0.0108,94,635,18.1,39.8,0,0,2,1,1,4.1,-8,Kolkata,0.2717,339.7,120.0
BMW,iX,xDrive50,91.6,105.2,385,2590,0.25,2.65,0.01,94,635,93.9,15.8,0,0,1,1,4,4.3,0,Highway_NH,0.2963,309.1,120.0
BMW,iX,xDrive50,93.2,105.2,385,2590,0.25,2.65,0.01,94,635,98.6,18.3,0,0,1,1,5,3.8,0,Highway_NH,0.3093,301.3,120.0
BMW,iX,xDrive50,90.7,105.2,385,2590,0.25,2.65,0.0105,94,635,83.9,35.8,1,0,0,1,2,4.6,-5,Highway_NH,0.2198,412.6,120.0
BMW,iX,xDrive50,94.5,105.2,385,2590,0.25,2.65,0.0105,94,635,74.1,18.1,0,0,2,1,3,3.4,-5,Highway_NH,0.3926,240.7,120.0
BMW,iX,xDrive50,98.6,105.2,385,2590,0.25,2.65,0.0102,94,635,81.5,15.7,0,0,1,2,2,2.1,-2,Highway_NH,0.3021,326.4,120.0
BMW,iX,xDrive50,97.0,105.2,385,2590,0.25,2.65,0.0105,94,635,80.4,24.7,1,0,1,1,3,2.6,-5,Highway_NH,0.248,391.2,120.0
BMW,iX,xDrive50,100.8,105.2,385,2590,0.25,2.65,0.01,94,635,80.8,23.7,1,0,1,0,3,1.4,0,Highway_NH,0.2187,461.0,120.0
BMW,iX,xDrive50,90.1,105.2,385,2590,0.25,2.65,0.0105,94,635,82.1,40.6,1,0,0,1,1,4.8,-5,Highway_NH,0.225,400.5,120.0
BMW,iX,xDrive50,100.8,105.2,385,2590,0.25,2.65,0.0102,94,635,97.8,33.7,0,0,1,1,5,1.4,-2,Highway_NH,0.2936,343.3,120.0
BMW,iX,xDrive50,103.0,105.2,385,2590,0.25,2.65,0.0102,94,635,76.7,41.4,1,0,1,1,1,0.7,-2,Highway_NH,0.3083,334.1,120.0
BMW,iX,xDrive50,98.6,105.2,385,2590,0.25,2.65,0.01,94,635,87.0,15.9,0,0,0,2,2,2.1,0,Highway_NH,0.2276,433.3,120.0
BMW,iX,xDrive50,96.4,105.2,385,2590,0.25,2.65,0.0105,94,635,84.2,40.2,1,0,0,2,3,2.8,-5,Highway_NH,0.2785,346.1,120.0
BMW,iX,xDrive50,99.2,105.2,385,2590,0.25,2.65,0.0105,94,635,105.6,30.6,1,0,0,0,2,1.9,-5,Expressway,0.2096,473.2,120.0
BMW,iX,xDrive50,91.6,105.2,385,2590,0.25,2.65,0.0105,94,635,100.9,16.8,0,0,0,2,1,4.3,-5,Expressway,0.2443,375.0,120.0
BMW,iX,xDrive50,100.2,105.2,385,2590,0.25,2.65,0.0102,94,635,98.8,35.1,1,0,0,0,2,1.6,-2,Expressway,0.2047,489.4,120.0
BMW,iX,xDrive50,89.7,105.2,385,2590,0.25,2.65,0.0108,94,635,86.5,42.8,1,0,2,1,2,4.9,-8,Expressway,0.5413,165.7,120.0
BMW,iX,xDrive50,102.4,105.2,385,2590,0.25,2.65,0.0108,94,635,110.4,29.7,0,0,0,0,3,0.9,-8,Expressway,0.2159,474.2,120.0
BMW,iX,xDrive50,104.3,105.2,385,2590,0.25,2.65,0.0105,94,635,102.9,15.6,0,0,0,1,2,0.3,-5,Expressway,0.2266,460.3,120.0
BMW,iX,xDrive50,91.6,105.2,385,2590,0.25,2.65,0.01,94,635,96.5,29.6,0,0,0,1,2,4.3,0,Expressway,0.2032,450.8,120.0
BMW,iX,xDrive50,93.2,105.2,385,2590,0.25,2.65,0.0108,94,635,104.0,27.7,0,0,0,1,4,3.8,-8,Expressway,0.2304,404.6,120.0
BMW,iX,xDrive50,99.8,105.2,385,2590,0.25,2.65,0.01,94,635,103.3,44.1,1,0,1,0,2,1.7,0,Expressway,0.3288,303.5,120.0
BMW,iX,xDrive50,91.0,105.2,385,2590,0.25,2.65,0.0102,94,635,108.6,21.5,0,0,0,0,2,4.5,-2,Expressway,0.2185,416.4,120.0
BMW,iX,xDrive50,103.9,105.2,385,2590,0.25,2.65,0.01,94,635,36.5,22.5,0,2,2,0,2,0.4,0,Hill_Station,1.6362,63.5,120.0
BMW,iX,xDrive50,104.6,105.2,385,2590,0.25,2.65,0.0102,94,635,32.3,24.4,0,2,0,2,1,0.2,-2,Hill_Station,0.9175,114.0,120.0
BMW,iX,xDrive50,93.8,105.2,385,2590,0.25,2.65,0.0105,94,635,23.7,7.9,0,2,1,1,1,3.6,-5,Hill_Station,1.2214,76.8,120.0
BMW,iX,xDrive50,94.2,105.2,385,2590,0.25,2.65,0.0108,94,635,22.5,15.1,0,2,0,2,3,3.5,-8,Hill_Station,0.9593,98.2,120.0
BMW,iX,xDrive50,93.5,105.2,385,2590,0.25,2.65,0.01,94,635,36.9,18.2,0,2,0,1,2,3.7,0,Hill_Station,0.762,122.7,120.0
BMW,iX,xDrive50,89.7,105.2,385,2590,0.25,2.65,0.0102,94,635,33.4,16.2,0,2,1,1,4,4.9,-2,Hill_Station,1.2458,72.0,120.0
BMW,iX,xDrive50,99.5,105.2,385,2590,0.25,2.65,0.0102,94,635,22.7,27.0,0,2,1,1,2,1.8,-2,Hill_Station,1.0608,93.8,120.0
BMW,iX,xDrive50,90.7,105.2,385,2590,0.25,2.65,0.01,94,635,28.7,28.8,0,2,0,2,1,4.6,0,Hill_Station,0.8721,104.0,120.0
BMW,iX,xDrive50,99.5,105.2,385,2590,0.25,2.65,0.0102,94,635,40.4,23.1,0,0,0,1,3,1.8,-2,Rural_Road,0.1649,603.25,120.0
BMW,iX,xDrive50,96.7,105.2,385,2590,0.25,2.65,0.0108,94,635,43.6,36.2,0,0,0,1,1,2.7,-8,Rural_Road,0.1603,603.25,120.0
BMW,iX,xDrive50,102.4,105.2,385,2590,0.25,2.65,0.01,94,635,58.4,29.5,1,0,0,0,1,0.9,0,Rural_Road,0.1697,603.25,120.0
BMW,iX,xDrive50,93.5,105.2,385,2590,0.25,2.65,0.0102,94,635,38.2,23.2,0,0,1,0,4,3.7,-2,Rural_Road,0.155,603.25,120.0
BMW,iX,xDrive50,93.5,105.2,385,2590,0.25,2.65,0.01,94,635,49.2,23.8,0,0,2,1,2,3.7,0,Rural_Road,0.2777,336.7,120.0
BMW,iX,xDrive50,103.3,105.2,385,2590,0.25,2.65,0.0108,94,635,46.6,26.6,1,0,0,2,4,0.6,-8,Rural_Road,0.1789,577.4,120.0
BMW,iX,xDrive50,104.3,105.2,385,2590,0.25,2.65,0.01,94,635,45.1,13.9,1,0,0,2,4,0.3,0,Rural_Road,0.1911,545.8,120.0
BMW,iX,xDrive50,103.6,105.2,385,2590,0.25,2.65,0.0108,94,635,30.9,41.0,1,0,0,1,2,0.5,-8,Rural_Road,0.2535,408.7,120.0
BMW,iX,xDrive50,99.2,105.2,385,2590,0.25,2.65,0.01,94,635,29.5,33.2,1,2,2,1,2,1.9,0,Ghat_Road,1.5622,63.5,120.0
BMW,iX,xDrive50,96.0,105.2,385,2590,0.25,2.65,0.0102,94,635,22.9,10.6,0,2,1,0,1,2.9,2,Ghat_Road,1.0799,88.9,120.0
BMW,iX,xDrive50,91.9,105.2,385,2590,0.25,2.65,0.01,94,635,15.6,21.4,1,2,0,1,2,4.2,0,Ghat_Road,0.8118,113.2,120.0
BMW,iX,xDrive50,90.7,105.2,385,2590,0.25,2.65,0.01,94,635,34.0,13.5,0,2,1,2,3,4.6,0,Ghat_Road,1.4283,63.5,120.0
BMW,iX,xDrive50,103.3,105.2,385,2590,0.25,2.65,0.01,94,635,19.8,32.1,0,2,2,1,3,0.6,0,Ghat_Road,1.6268,63.5,120.0
BMW,iX,xDrive50,97.6,105.2,385,2590,0.25,2.65,0.01,94,635,22.6,22.3,0,2,2,1,1,2.4,0,Ghat_Road,1.537,63.5,120.0
BMW,iX,xDrive50,97.0,105.2,385,2590,0.25,2.65,0.01,94,635,24.0,22.8,0,2,2,1,3,2.6,0,Ghat_Road,1.5276,63.5,120.0
BMW,iX,xDrive50,98.9,105.2,385,2590,0.25,2.65,0.0102,94,635,28.5,10.4,0,2,1,0,2,2.0,2,Ghat_Road,1.1594,85.3,120.0
BMW,iX,xDrive50,91.6,105.2,385,2590,0.25,2.65,0.0105,94,635,21.7,17.0,0,2,1,1,2,4.3,-5,Ghat_Road,1.1551,79.3,120.0
BMW,i4,eDrive40,72.2,80.7,250,2125,0.24,2.3,0.01,94,590,32.3,30.1,1,0,2,1,2,3.5,0,Delhi,0.4133,174.7,70.0
BMW,i4,eDrive40,72.0,80.7,250,2125,0.24,2.3,0.01,94,590,15.9,21.8,0,0,0,1,2,3.6,0,Delhi,0.1285,560.5,70.0
BMW,i4,eDrive40,77.1,80.7,250,2125,0.24,2.3,0.01,94,590,16.1,12.2,0,0,1,2,4,1.5,0,Delhi,0.2254,342.0,70.0
BMW,i4,eDrive40,69.3,80.7,250,2125,0.24,2.3,0.01,94,590,28.7,45.1,1,0,2,0,2,4.7,0,Delhi,0.5211,133.0,70.0
BMW,i4,eDrive40,71.5,80.7,250,2125,0.24,2.3,0.01,94,590,17.3,11.9,0,0,2,1,1,3.8,0,Delhi,0.2833,252.4,70.0
BMW,i4,eDrive40,80.5,80.7,250,2125,0.24,2.3,0.0105,94,590,34.6,13.4,0,0,2,0,1,0.1,-5,Delhi,0.2523,319.1,70.0
BMW,i4,eDrive40,71.5,80.7,250,2125,0.24,2.3,0.0102,94,590,20.5,12.6,0,0,0,0,4,3.8,-2,Delhi,0.1276,560.5,70.0
BMW,i4,eDrive40,69.6,80.7,250,2125,0.24,2.3,0.0105,94,590,32.3,26.7,0,0,2,1,1,4.6,-5,Delhi,0.2689,258.8,70.0
BMW,i4,eDrive40,77.6,80.7,250,2125,0.24,2.3,0.0105,94,590,28.5,19.9,0,0,2,2,2,1.3,-5,Delhi,0.3205,242.1,70.0
BMW,i4,eDrive40,79.5,80.7,250,2125,0.24,2.3,0.01,94,590,24.5,23.8,0,0,1,1,1,0.5,0,Mumbai,0.1567,507.3,70.0
BMW,i4,eDrive40,78.0,80.7,250,2125,0.24,2.3,0.0102,94,590,25.3,24.8,0,0,2,1,1,1.1,-2,Mumbai,0.2573,303.2,70.0
BMW,i4,eDrive40,73.0,80.7,250,2125,0.24,2.3,0.0105,94,590,28.6,21.0,0,0,2,1,1,3.2,-5,Mumbai,0.2691,271.3,70.0
BMW,i4,eDrive40,77.8,80.7,250,2125,0.24,2.3,0.0102,94,590,15.1,35.8,1,0,2,2,2,1.2,-2,Mumbai,0.7882,98.7,70.0
BMW,i4,eDrive40,71.5,80.7,250,2125,0.24,2.3,0.0102,94,590,25.2,34.2,0,0,2,0,2,3.8,-2,Mumbai,0.2381,300.3,70.0
BMW,i4,eDrive40,79.7,80.7,250,2125,0.24,2.3,0.0105,94,590,22.8,30.3,0,0,2,1,3,0.4,-5,Mumbai,0.2756,289.2,70.0
BMW,i4,eDrive40,78.3,80.7,250,2125,0.24,2.3,0.01,94,590,27.8,29.3,0,0,1,0,2,1.0,0,Mumbai,0.1399,559.8,70.0
BMW,i4,eDrive40,78.5,80.7,250,2125,0.24,2.3,0.01,94,590,23.9,21.0,0,0,2,1,2,0.9,0,Mumbai,0.2838,276.6,70.0
BMW,i4,eDrive40,78.3,80.7,250,2125,0.24,2.3,0.0108,94,590,19.8,27.3,0,0,2,1,2,1.0,-8,Mumbai,0.2794,280.2,70.0
BMW,i4,eDrive40,74.9,80.7,250,2125,0.24,2.3,0.01,94,590,24.5,36.6,1,0,1,0,1,2.4,0,Mumbai,0.2726,274.8,70.0
BMW,i4,eDrive40,79.5,80.7,250,2125,0.24,2.3,0.0105,94,590,20.0,33.0,1,1,2,1,4,0.5,-5,Bangalore,1.2639,62.9,70.0
BMW,i4,eDrive40,80.0,80.7,250,2125,0.24,2.3,0.0108,94,590,25.5,37.6,1,1,0,0,1,0.3,-8,Bangalore,0.4517,177.1,70.0
BMW,i4,eDrive40,73.9,80.7,250,2125,0.24,2.3,0.0102,94,590,16.9,22.1,0,1,0,0,1,2.8,-2,Bangalore,0.3336,221.5,70.0
BMW,i4,eDrive40,80.7,80.7,250,2125,0.24,2.3,0.0102,94,590,18.3,19.4,1,1,2,0,2,0.0,2,Bangalore,0.8046,100.3,70.0
BMW,i4,eDrive40,79.5,80.7,250,2125,0.24,2.3,0.0102,94,590,26.9,30.4,0,1,1,1,5,0.5,-2,Bangalore,0.582,136.6,70.0
BMW,i4,eDrive40,78.5,80.7,250,2125,0.24,2.3,0.01,94,590,25.8,16.3,0,1,2,1,4,0.9,0,Bangalore,0.8203,95.7,70.0
BMW,i4,eDrive40,73.4,80.7,250,2125,0.24,2.3,0.01,94,590,19.9,30.0,0,1,1,0,3,3.0,0,Bangalore,0.4576,160.4,70.0
BMW,i4,eDrive40,76.3,80.7,250,2125,0.24,2.3,0.01,94,590,34.3,32.3,1,1,2,0,2,1.8,0,Bangalore,0.869,87.8,70.0
BMW,i4,eDrive40,73.0,80.7,250,2125,0.24,2.3,0.0105,94,590,17.7,35.4,1,1,1,2,3,3.2,-5,Bangalore,0.8946,81.6,70.0
BMW,i4,eDrive40,72.5,80.7,250,2125,0.24,2.3,0.0105,94,590,35.0,26.4,0,1,2,1,3,3.4,-5,Bangalore,0.9142,79.3,70.0
BMW,i4,eDrive40,74.2,80.7,250,2125,0.24,2.3,0.0105,94,590,28.6,41.2,1,0,2,1,1,2.7,-5,Chennai,0.5673,130.8,70.0
BMW,i4,eDrive40,78.3,80.7,250,2125,0.24,2.3,0.0102,94,590,32.5,27.6,0,0,0,1,2,1.0,-2,Chennai,0.1397,560.5,70.0
BMW,i4,eDrive40,80.5,80.7,250,2125,0.24,2.3,0.01,94,590,16.1,37.9,1,0,2,1,3,0.1,0,Chennai,0.7252,111.0,70.0
BMW,i4,eDrive40,72.0,80.7,250,2125,0.24,2.3,0.0105,94,590,28.3,24.4,0,0,2,1,4,3.6,-5,Chennai,0.2811,256.1,70.0
BMW,i4,eDrive40,69.3,80.7,250,2125,0.24,2.3,0.0102,94,590,23.9,39.9,1,0,2,1,1,4.7,2,Chennai,0.4939,140.3,70.0
BMW,i4,eDrive40,76.6,80.7,250,2125,0.24,2.3,0.0102,94,590,33.3,31.7,1,0,2,0,2,1.7,-2,Chennai,0.3762,203.6,70.0
BMW,i4,eDrive40,74.4,80.7,250,2125,0.24,2.3,0.01,94,590,34.5,29.6,0,0,2,1,1,2.6,0,Chennai,0.2735,272.0,70.0
BMW,i4,eDrive40,78.0,80.7,250,2125,0.24,2.3,0.0102,94,590,34.8,26.5,0,0,2,1,3,1.1,-2,Chennai,0.2767,281.9,70.0
BMW,i4,eDrive40,79.5,80.7,250,2125,0.24,2.3,0.0102,94,590,15.7,38.5,0,0,1,1,1,0.5,-2,Chennai,0.1562,509.0,70.0
BMW,i4,eDrive40,69.6,80.7,250,2125,0.24,2.3,0.0105,94,590,28.9,36.2,1,0,2,1,2,4.6,-5,Chennai,0.4912,141.7,70.0
BMW,i4,eDrive40,69.3,80.7,250,2125,0.24,2.3,0.0105,94,590,19.7,26.2,0,1,2,0,4,4.7,-5,Pune,0.7875,88.0,70.0
BMW,i4,eDrive40,79.0,80.7,250,2125,0.24,2.3,0.01,94,590,38.1,22.7,1,1,1,1,2,0.7,0,Pune,0.5607,140.9,70.0
BMW,i4,eDrive40,71.5,80.7,250,2125,0.24,2.3,0.0102,94,590,20.3,12.7,0,1,1,0,1,3.8,-2,Pune,0.4958,144.2,70.0
BMW,i4,eDrive40,69.6,80.7,250,2125,0.24,2.3,0.0102,94,590,37.8,30.5,0,1,2,1,1,4.6,-2,Pune,0.814,85.5,70.0
BMW,i4,eDrive40,70.5,80.7,250,2125,0.24,2.3,0.01,94,590,26.4,14.8,0,1,0,2,2,4.2,0,Pune,0.4951,142.4,70.0
BMW,i4,eDrive40,68.8,80.7,250,2125,0.24,2.3,0.01,94,590,32.4,34.7,1,1,1,1,1,4.9,0,Pune,0.5772,119.2,70.0
BMW,i4,eDrive40,79.2,80.7,250,2125,0.24,2.3,0.0108,94,590,25.9,23.9,1,1,2,1,3,0.6,-8,Pune,0.9519,83.2,70.0
BMW,i4,eDrive40,73.9,80.7,250,2125,0.24,2.3,0.01,94,590,22.1,37.0,0,1,2,2,2,2.8,0,Pune,1.0179,72.6,70.0
BMW,i4,eDrive40,76.6,80.7,250,2125,0.24,2.3,0.01,94,590,25.0,37.5,1,1,1,2,3,1.7,0,Pune,0.7281,105.2,70.0
BMW,i4,eDrive40,78.5,80.7,250,2125,0.24,2.3,0.01,94,590,35.0,29.7,0,1,1,0,3,0.9,0,Pune,0.4822,162.8,70.0
BMW,i4,eDrive40,76.6,80.7,250,2125,0.24,2.3,0.0102,94,590,33.4,18.6,0,0,1,1,2,1.7,-2,Hyderabad,0.1769,433.1,70.0
BMW,i4,eDrive40,72.0,80.7,250,2125,0.24,2.3,0.0108,94,590,18.7,25.9,0,0,2,1,3,3.6,-8,Hyderabad,0.2677,269.0,70.0
BMW,i4,eDrive40,74.9,80.7,250,2125,0.24,2.3,0.01,94,590,25.8,17.6,0,0,2,1,1,2.4,0,Hyderabad,0.2746,272.8,70.0
BMW,i4,eDrive40,70.3,80.7,250,2125,0.24,2.3,0.0105,94,590,23.8,38.3,1,0,2,0,3,4.3,-5,Hyderabad,0.52,135.2,70.0
BMW,i4,eDrive40,74.9,80.7,250,2125,0.24,2.3,0.0105,94,590,29.1,37.9,1,0,2,0,3,2.4,-5,Hyderabad,0.4337,172.7,70.0
BMW,i4,eDrive40,71.5,80.7,250,2125,0.24,2.3,0.01,94,590,20.2,18.8,0,0,1,1,3,3.8,0,Hyderabad,0.1782,401.3,70.0
BMW,i4,eDrive40,76.1,80.7,250,2125,0.24,2.3,0.0105,94,590,25.4,21.1,0,0,2,1,2,1.9,-5,Hyderabad,0.2951,257.9,70.0
BMW,i4,eDrive40,70.5,80.7,250,2125,0.24,2.3,0.0105,94,590,24.3,24.5,0,0,2,1,1,4.2,-5,Hyderabad,0.2633,267.8,70.0
BMW,i4,eDrive40,68.8,80.7,250,2125,0.24,2.3,0.01,94,590,24.3,16.3,0,0,2,1,1,4.9,0,Hyderabad,0.2539,271.0,70.0
BMW,i4,eDrive40,73.0,80.7,250,2125,0.24,2.3,0.0102,94,590,18.6,17.2,0,0,2,0,2,3.2,2,Kolkata,0.2547,286.6,70.0
BMW,i4,eDrive40,74.6,80.7,250,2125,0.24,2.3,0.0105,94,590,13.5,19.6,0,0,2,1,1,2.5,-5,Kolkata,0.3141,237.5,70.0
BMW,i4,eDrive40,74.9,80.7,250,2125,0.24,2.3,0.0102,94,590,22.5,13.1,0,0,0,0,2,2.4,-2,Kolkata,0.1336,560.5,70.0
BMW,i4,eDrive40,75.4,80.7,250,2125,0.24,2.3,0.01,94,590,21.6,25.7,0,0,1,1,4,2.2,0,Kolkata,0.1697,444.3,70.0
BMW,i4,eDrive40,78.0,80.7,250,2125,0.24,2.3,0.0102,94,590,24.3,33.1,0,0,1,2,2,1.1,2,Kolkata,0.1921,406.1,70.0
BMW,i4,eDrive40,76.3,80.7,250,2125,0.24,2.3,0.0105,94,590,15.7,22.9,0,0,1,1,3,1.8,-5,Kolkata,0.1856,411.1,70.0
BMW,i4,eDrive40,75.9,80.7,250,2125,0.24,2.3,0.0105,94,590,19.5,15.4,1,0,2,1,2,2.0,-5,Kolkata,0.3397,223.4,70.0
BMW,i4,eDrive40,68.6,80.7,250,2125,0.24,2.3,0.01,94,590,13.2,40.6,0,0,2,1,2,5.0,0,Kolkata,0.2869,239.1,70.0
BMW,i4,eDrive40,69.1,80.7,250,2125,0.24,2.3,0.0102,94,590,19.7,26.9,1,0,2,2,2,4.8,-2,Kolkata,0.5219,132.4,70.0
BMW,i4,eDrive40,76.1,80.7,250,2125,0.24,2.3,0.0105,94,590,22.5,20.3,0,0,2,2,1,1.9,-5,Kolkata,0.3019,252.1,70.0
BMW,i4,eDrive40,79.5,80.7,250,2125,0.24,2.3,0.01,94,590,77.6,15.1,0,0,0,2,1,0.5,0,Highway_NH,0.1749,454.6,70.0
BMW,i4,eDrive40,79.5,80.7,250,2125,0.24,2.3,0.01,94,590,84.5,22.9,0,0,2,1,1,0.5,0,Highway_NH,0.4115,193.2,70.0
BMW,i4,eDrive40,78.0,80.7,250,2125,0.24,2.3,0.0105,94,590,85.6,25.3,0,0,1,1,1,1.1,-5,Highway_NH,0.2578,302.6,70.0
BMW,i4,eDrive40,78.3,80.7,250,2125,0.24,2.3,0.01,94,590,99.8,30.6,0,0,0,0,4,1.0,0,Highway_NH,0.1954,400.8,70.0
BMW,i4,eDrive40,75.9,80.7,250,2125,0.24,2.3,0.01,94,590,80.5,17.9,0,0,0,2,1,2.0,0,Highway_NH,0.1844,411.7,70.0
BMW,i4,eDrive40,76.6,80.7,250,2125,0.24,2.3,0.0102,94,590,93.2,19.6,0,0,1,2,1,1.7,-2,Highway_NH,0.3085,248.3,70.0
BMW,i4,eDrive40,80.7,80.7,250,2125,0.24,2.3,0.0102,94,590,82.8,44.9,1,0,1,0,1,0.0,-2,Highway_NH,0.3067,263.1,70.0
BMW,i4,eDrive40,73.4,80.7,250,2125,0.24,2.3,0.01,94,590,98.5,44.1,1,0,2,1,1,3.0,0,Highway_NH,0.5812,126.3,70.0
BMW,i4,eDrive40,74.2,80.7,250,2125,0.24,2.3,0.01,94,590,98.8,36.4,1,0,2,1,2,2.7,0,Highway_NH,0.5182,143.2,70.0
BMW,i4,eDrive40,78.5,80.7,250,2125,0.24,2.3,0.01,94,590,74.8,30.5,0,0,2,0,2,0.9,0,Highway_NH,0.3331,235.7,70.0
BMW,i4,eDrive40,73.2,80.7,250,2125,0.24,2.3,0.0102,94,590,97.3,36.7,0,0,0,1,1,3.1,-2,Highway_NH,0.2049,357.2,70.0
BMW,i4,eDrive40,70.5,80.7,250,2125,0.24,2.3,0.0105,94,590,111.7,22.9,1,0,0,1,1,4.2,-5,Expressway,0.2484,283.8,70.0
BMW,i4,eDrive40,70.8,80.7,250,2125,0.24,2.3,0.0102,94,590,110.4,39.6,1,0,1,1,1,4.1,-2,Expressway,0.3514,201.5,70.0
BMW,i4,eDrive40,78.3,80.7,250,2125,0.24,2.3,0.0105,94,590,86.1,25.2,0,0,0,0,1,1.0,-5,Expressway,0.1668,469.5,70.0
BMW,i4,eDrive40,71.5,80.7,250,2125,0.24,2.3,0.0102,94,590,115.5,42.3,1,0,1,0,3,3.8,-2,Expressway,0.3842,186.1,70.0
BMW,i4,eDrive40,71.3,80.7,250,2125,0.24,2.3,0.0105,94,590,115.1,19.4,0,0,0,2,3,3.9,-5,Expressway,0.32,222.8,70.0
BMW,i4,eDrive40,70.8,80.7,250,2125,0.24,2.3,0.0105,94,590,104.7,36.1,1,0,0,1,3,4.1,-5,Expressway,0.2578,274.6,70.0
BMW,i4,eDrive40,74.9,80.7,250,2125,0.24,2.3,0.01,94,590,104.3,28.1,0,0,0,2,1,2.4,0,Expressway,0.2351,318.6,70.0
BMW,i4,eDrive40,73.2,80.7,250,2125,0.24,2.3,0.0105,94,590,112.9,35.6,0,0,0,1,4,3.1,-5,Expressway,0.252,290.5,70.0
BMW,i4,eDrive40,80.2,80.7,250,2125,0.24,2.3,0.0102,94,590,96.3,37.7,0,0,1,1,1,0.2,-2,Expressway,0.2887,277.8,70.0
BMW,i4,eDrive40,72.7,80.7,250,2125,0.24,2.3,0.01,94,590,29.8,14.6,1,2,2,2,2,3.3,0,Hill_Station,1.2322,59.0,70.0
BMW,i4,eDrive40,69.8,80.7,250,2125,0.24,2.3,0.01,94,590,36.2,18.6,0,2,1,2,2,4.5,0,Hill_Station,1.1831,59.0,70.0
BMW,i4,eDrive40,71.3,80.7,250,2125,0.24,2.3,0.01,94,590,28.4,22.2,0,2,1,1,2,3.9,0,Hill_Station,1.165,61.2,70.0
BMW,i4,eDrive40,70.8,80.7,250,2125,0.24,2.3,0.01,94,590,24.4,9.3,0,2,0,1,1,4.1,0,Hill_Station,0.9089,77.9,70.0
BMW,i4,eDrive40,80.0,80.7,250,2125,0.24,2.3,0.0105,94,590,32.8,11.2,0,2,2,1,4,0.3,-5,Hill_Station,1.3559,59.0,70.0
BMW,i4,eDrive40,75.4,80.7,250,2125,0.24,2.3,0.01,94,590,24.2,13.9,0,2,0,2,1,2.2,0,Hill_Station,0.9401,80.2,70.0
BMW,i4,eDrive40,73.9,80.7,250,2125,0.24,2.3,0.0102,94,590,29.9,11.8,0,2,1,0,5,2.8,-2,Hill_Station,1.173,63.0,70.0
BMW,i4,eDrive40,70.8,80.7,250,2125,0.24,2.3,0.0105,94,590,37.3,13.8,0,2,0,2,1,4.1,-5,Hill_Station,0.9243,76.6,70.0
BMW,i4,eDrive40,78.5,80.7,250,2125,0.24,2.3,0.01,94,590,45.9,24.1,0,0,1,1,2,0.9,0,Rural_Road,0.1843,426.0,70.0
BMW,i4,eDrive40,71.0,80.7,250,2125,0.24,2.3,0.01,94,590,36.8,20.3,0,0,0,1,4,4.0,0,Rural_Road,0.1267,560.5,70.0
BMW,i4,eDrive40,74.6,80.7,250,2125,0.24,2.3,0.01,94,590,46.7,26.3,0,0,1,1,2,2.5,0,Rural_Road,0.1722,433.2,70.0
BMW,i4,eDrive40,73.9,80.7,250,2125,0.24,2.3,0.01,94,590,42.6,42.6,1,0,0,2,2,2.8,0,Rural_Road,0.2514,293.9,70.0
BMW,i4,eDrive40,74.4,80.7,250,2125,0.24,2.3,0.01,94,590,35.6,42.6,1,0,0,1,3,2.6,0,Rural_Road,0.2316,321.2,70.0
BMW,i4,eDrive40,78.5,80.7,250,2125,0.24,2.3,0.0108,94,590,55.9,22.2,0,0,0,1,1,0.9,-8,Rural_Road,0.1487,527.8,70.0
BMW,i4,eDrive40,78.8,80.7,250,2125,0.24,2.3,0.01,94,590,44.9,12.1,0,0,0,2,1,0.8,0,Rural_Road,0.1514,520.5,70.0
BMW,i4,eDrive40,74.6,80.7,250,2125,0.24,2.3,0.01,94,590,43.2,42.3,1,0,1,0,3,2.5,0,Rural_Road,0.2711,275.2,70.0
BMW,i4,eDrive40,73.9,80.7,250,2125,0.24,2.3,0.0102,94,590,51.3,19.1,0,0,1,0,4,2.8,-2,Rural_Road,0.1869,395.5,70.0
BMW,i4,eDrive40,68.8,80.7,250,2125,0.24,2.3,0.0102,94,590,57.9,32.7,1,0,0,1,3,4.9,-2,Rural_Road,0.1771,388.4,70.0
BMW,i4,eDrive40,71.0,80.7,250,2125,0.24,2.3,0.01,94,590,52.9,41.0,1,0,0,0,2,4.0,0,Rural_Road,0.2057,345.2,70.0
BMW,i4,eDrive40,76.6,80.7,250,2125,0.24,2.3,0.0108,94,590,37.9,42.4,1,0,0,1,2,1.7,-8,Rural_Road,0.2411,317.7,70.0
BMW,i4,eDrive40,73.2,80.7,250,2125,0.24,2.3,0.0102,94,590,26.8,10.6,0,2,0,2,2,3.1,-2,Ghat_Road,1.0563,69.3,70.0
BMW,i4,eDrive40,73.2,80.7,250,2125,0.24,2.3,0.0105,94,590,30.2,21.5,0,2,0,1,3,3.1,-5,Ghat_Road,0.8663,84.5,70.0
BMW,i4,eDrive40,68.8,80.7,250,2125,0.24,2.3,0.0105,94,590,27.2,32.0,1,2,1,0,4,4.9,-5,Ghat_Road,1.1661,59.0,70.0
BMW,i4,eDrive40,80.7,80.7,250,2125,0.24,2.3,0.0102,94,590,30.1,23.8,0,2,2,2,2,0.0,-2,Ghat_Road,1.3678,59.0,70.0
BMW,i4,eDrive40,80.0,80.7,250,2125,0.24,2.3,0.01,94,590,20.6,26.5,0,2,0,2,2,0.3,0,Ghat_Road,0.9445,84.7,70.0
BMW,i4,eDrive40,75.1,80.7,250,2125,0.24,2.3,0.0108,94,590,25.4,23.9,0,2,0,0,1,2.3,-8,Ghat_Road,0.7473,100.5,70.0
BMW,i4,eDrive40,79.5,80.7,250,2125,0.24,2.3,0.01,94,590,16.2,11.3,0,2,2,1,1,0.5,0,Ghat_Road,1.3475,59.0,70.0
BMW,i4,eDrive40,75.6,80.7,250,2125,0.24,2.3,0.0105,94,590,24.6,24.3,0,2,2,1,2,2.1,-5,Ghat_Road,1.2814,59.0,70.0
BMW,i4,eDrive40,68.8,80.7,250,2125,0.24,2.3,0.01,94,590,28.9,11.5,0,2,2,2,2,4.9,0,Ghat_Road,1.1661,59.0,70.0
BMW,i4,eDrive40,80.0,80.7,250,2125,0.24,2.3,0.01,94,590,22.1,24.6,0,2,0,1,1,0.3,0,Ghat_Road,0.7442,107.5,70.0
BMW,i5,eDrive40,72.2,81.2,250,2215,0.23,2.35,0.01,94,582,19.5,34.3,1,0,1,0,2,3.7,0,Delhi,0.2665,270.9,72.0
BMW,i5,eDrive40,79.5,81.2,250,2215,0.23,2.35,0.0105,94,582,34.6,44.1,1,0,2,2,2,0.7,-5,Delhi,0.5799,137.1,72.0
BMW,i5,eDrive40,80.2,81.2,250,2215,0.23,2.35,0.0102,94,582,27.5,45.1,0,0,1,1,5,0.4,-2,Delhi,0.191,420.0,72.0
BMW,i5,eDrive40,80.7,81.2,250,2215,0.23,2.35,0.0105,94,582,24.2,18.3,1,0,1,2,3,0.2,-5,Delhi,0.2176,370.9,72.0
BMW,i5,eDrive40,79.3,81.2,250,2215,0.23,2.35,0.01,94,582,27.2,17.1,0,0,2,1,3,0.8,0,Delhi,0.2421,327.6,72.0
BMW,i5,eDrive40,74.6,81.2,250,2215,0.23,2.35,0.01,94,582,19.2,31.5,1,0,2,1,4,2.7,0,Delhi,0.451,165.4,72.0
BMW,i5,eDrive40,79.0,81.2,250,2215,0.23,2.35,0.0102,94,582,23.6,39.1,1,0,2,1,4,0.9,-2,Delhi,0.4883,161.8,72.0
BMW,i5,eDrive40,80.0,81.2,250,2215,0.23,2.35,0.0102,94,582,20.6,12.6,0,0,2,0,2,0.5,-2,Delhi,0.2523,317.1,72.0
BMW,i5,eDrive40,73.2,81.2,250,2215,0.23,2.35,0.0108,94,582,30.3,17.0,0,0,1,0,2,3.3,-8,Delhi,0.1515,483.2,72.0
BMW,i5,eDrive40,78.0,81.2,250,2215,0.23,2.35,0.0105,94,582,25.4,18.3,0,0,1,0,3,1.3,-5,Mumbai,0.153,509.7,72.0
BMW,i5,eDrive40,79.3,81.2,250,2215,0.23,2.35,0.0102,94,582,21.4,19.7,0,0,2,0,2,0.8,-2,Mumbai,0.2261,350.8,72.0
BMW,i5,eDrive40,74.6,81.2,250,2215,0.23,2.35,0.01,94,582,22.5,35.0,1,0,1,1,4,2.7,0,Mumbai,0.3124,238.8,72.0
BMW,i5,eDrive40,70.2,81.2,250,2215,0.23,2.35,0.01,94,582,19.8,28.0,1,0,2,2,1,4.5,0,Mumbai,0.439,159.9,72.0
BMW,i5,eDrive40,80.0,81.2,250,2215,0.23,2.35,0.01,94,582,22.5,32.6,0,0,2,1,3,0.5,0,Mumbai,0.266,300.8,72.0
BMW,i5,eDrive40,80.5,81.2,250,2215,0.23,2.35,0.0105,94,582,25.7,28.8,1,0,0,1,3,0.3,-5,Mumbai,0.1587,507.3,72.0
BMW,i5,eDrive40,71.7,81.2,250,2215,0.23,2.35,0.01,94,582,19.6,34.0,1,0,2,0,4,3.9,0,Mumbai,0.4498,159.4,72.0
BMW,i5,eDrive40,77.5,81.2,250,2215,0.23,2.35,0.0102,94,582,18.7,35.5,0,0,2,1,1,1.5,-2,Mumbai,0.248,312.5,72.0
BMW,i5,eDrive40,72.9,81.2,250,2215,0.23,2.35,0.0102,94,582,28.2,20.2,0,0,1,0,3,3.4,-2,Mumbai,0.1319,552.9,72.0
BMW,i5,eDrive40,72.2,81.2,250,2215,0.23,2.35,0.0102,94,582,26.8,20.4,0,1,1,1,1,3.7,-2,Bangalore,0.4465,161.7,72.0
BMW,i5,eDrive40,79.0,81.2,250,2215,0.23,2.35,0.0105,94,582,30.0,33.5,0,1,2,1,2,0.9,-5,Bangalore,0.7869,100.4,72.0
BMW,i5,eDrive40,69.0,81.2,250,2215,0.23,2.35,0.0102,94,582,31.4,16.8,0,1,1,0,1,5.0,-2,Bangalore,0.4401,156.8,72.0
BMW,i5,eDrive40,78.0,81.2,250,2215,0.23,2.35,0.01,94,582,23.5,24.3,0,1,2,2,2,1.3,0,Bangalore,0.9665,80.7,72.0
BMW,i5,eDrive40,69.3,81.2,250,2215,0.23,2.35,0.01,94,582,28.1,21.0,0,1,2,1,1,4.9,0,Bangalore,0.6909,100.3,72.0
BMW,i5,eDrive40,79.7,81.2,250,2215,0.23,2.35,0.0108,94,582,23.0,24.4,0,1,2,2,1,0.6,-8,Bangalore,0.8875,89.8,72.0
BMW,i5,eDrive40,71.0,81.2,250,2215,0.23,2.35,0.01,94,582,32.3,32.6,0,1,0,1,3,4.2,0,Bangalore,0.3517,201.9,72.0
BMW,i5,eDrive40,70.0,81.2,250,2215,0.23,2.35,0.0105,94,582,18.2,36.7,1,1,1,2,3,4.6,-5,Bangalore,0.8434,83.0,72.0
BMW,i5,eDrive40,77.5,81.2,250,2215,0.23,2.35,0.0102,94,582,24.8,24.5,0,0,2,1,1,1.5,-2,Chennai,0.2316,334.6,72.0
BMW,i5,eDrive40,76.8,81.2,250,2215,0.23,2.35,0.0102,94,582,16.7,23.3,0,0,2,2,1,1.8,-2,Chennai,0.2922,262.8,72.0
BMW,i5,eDrive40,75.4,81.2,250,2215,0.23,2.35,0.0102,94,582,24.6,33.5,0,0,2,2,1,2.4,-2,Chennai,0.2745,274.7,72.0
BMW,i5,eDrive40,70.0,81.2,250,2215,0.23,2.35,0.01,94,582,34.1,32.0,0,0,0,0,4,4.6,0,Chennai,0.1266,552.9,72.0
BMW,i5,eDrive40,76.6,81.2,250,2215,0.23,2.35,0.0102,94,582,32.8,28.9,0,0,2,1,1,1.9,-2,Chennai,0.2273,337.0,72.0
BMW,i5,eDrive40,71.0,81.2,250,2215,0.23,2.35,0.0102,94,582,27.0,37.6,1,0,2,0,3,4.2,-2,Chennai,0.3942,180.1,72.0
BMW,i5,eDrive40,75.8,81.2,250,2215,0.23,2.35,0.0102,94,582,18.1,37.6,1,0,0,2,2,2.2,-2,Chennai,0.2912,260.3,72.0
BMW,i5,eDrive40,73.6,81.2,250,2215,0.23,2.35,0.0102,94,582,19.5,30.3,0,0,2,1,3,3.1,-2,Chennai,0.2746,268.0,72.0
BMW,i5,eDrive40,73.4,81.2,250,2215,0.23,2.35,0.0102,94,582,28.9,29.8,0,0,2,2,2,3.2,-2,Chennai,0.272,269.9,72.0
BMW,i5,eDrive40,80.2,81.2,250,2215,0.23,2.35,0.0105,94,582,18.9,32.0,0,1,2,0,5,0.4,-5,Pune,0.7447,107.7,72.0
BMW,i5,eDrive40,78.3,81.2,250,2215,0.23,2.35,0.01,94,582,35.7,22.5,0,1,2,2,4,1.2,0,Pune,0.9479,82.6,72.0
BMW,i5,eDrive40,74.1,81.2,250,2215,0.23,2.35,0.01,94,582,18.4,30.8,0,1,2,1,2,2.9,0,Pune,0.8449,87.7,72.0
BMW,i5,eDrive40,71.0,81.2,250,2215,0.23,2.35,0.0102,94,582,29.3,30.3,0,1,0,1,1,4.2,2,Pune,0.3621,196.1,72.0
BMW,i5,eDrive40,77.5,81.2,250,2215,0.23,2.35,0.0102,94,582,28.8,35.4,1,1,1,2,1,1.5,-2,Pune,0.6389,121.3,72.0
BMW,i5,eDrive40,71.0,81.2,250,2215,0.23,2.35,0.0105,94,582,39.0,13.1,0,1,0,1,4,4.2,-5,Pune,0.4361,162.8,72.0
BMW,i5,eDrive40,80.2,81.2,250,2215,0.23,2.35,0.01,94,582,28.8,17.7,0,1,0,1,1,0.4,0,Pune,0.3133,256.0,72.0
BMW,i5,eDrive40,81.0,81.2,250,2215,0.23,2.35,0.0102,94,582,31.5,26.4,0,1,2,0,3,0.1,-2,Pune,0.7849,103.2,72.0
BMW,i5,eDrive40,71.2,81.2,250,2215,0.23,2.35,0.01,94,582,21.0,42.2,1,0,2,1,2,4.1,0,Hyderabad,0.5812,122.5,72.0
BMW,i5,eDrive40,76.6,81.2,250,2215,0.23,2.35,0.0105,94,582,25.5,33.0,0,0,1,2,3,1.9,-5,Hyderabad,0.1849,414.2,72.0
BMW,i5,eDrive40,76.6,81.2,250,2215,0.23,2.35,0.01,94,582,17.5,39.7,1,0,1,1,3,1.9,0,Hyderabad,0.3458,221.5,72.0
BMW,i5,eDrive40,71.7,81.2,250,2215,0.23,2.35,0.01,94,582,16.7,36.9,1,0,2,1,2,3.9,0,Hyderabad,0.5575,128.6,72.0
BMW,i5,eDrive40,72.2,81.2,250,2215,0.23,2.35,0.0102,94,582,16.0,33.6,1,0,1,0,5,3.7,-2,Hyderabad,0.3257,221.7,72.0
BMW,i5,eDrive40,69.5,81.2,250,2215,0.23,2.35,0.01,94,582,20.6,42.5,1,0,2,1,2,4.8,0,Hyderabad,0.6429,108.1,72.0
BMW,i5,eDrive40,71.5,81.2,250,2215,0.23,2.35,0.0105,94,582,28.6,38.3,1,0,1,0,1,4.0,-5,Hyderabad,0.2236,319.8,72.0
BMW,i5,eDrive40,73.4,81.2,250,2215,0.23,2.35,0.0102,94,582,17.7,29.2,0,0,2,1,3,3.2,-2,Hyderabad,0.2699,272.0,72.0
BMW,i5,eDrive40,71.2,81.2,250,2215,0.23,2.35,0.01,94,582,29.5,18.8,1,0,2,1,2,4.1,0,Hyderabad,0.2983,238.7,72.0
BMW,i5,eDrive40,70.5,81.2,250,2215,0.23,2.35,0.01,94,582,21.6,21.0,0,0,2,1,3,4.4,0,Hyderabad,0.2436,289.4,72.0
BMW,i5,eDrive40,80.2,81.2,250,2215,0.23,2.35,0.0105,94,582,25.2,38.2,0,0,2,1,3,0.4,-5,Hyderabad,0.265,302.6,72.0
BMW,i5,eDrive40,81.2,81.2,250,2215,0.23,2.35,0.01,94,582,23.1,15.5,0,0,2,1,1,0.0,0,Kolkata,0.2449,331.5,72.0
BMW,i5,eDrive40,72.2,81.2,250,2215,0.23,2.35,0.0105,94,582,12.2,37.5,1,0,2,0,3,3.7,-5,Kolkata,0.687,105.1,72.0
BMW,i5,eDrive40,74.4,81.2,250,2215,0.23,2.35,0.01,94,582,27.5,33.7,0,0,2,0,2,2.8,0,Kolkata,0.2244,331.5,72.0
BMW,i5,eDrive40,75.6,81.2,250,2215,0.23,2.35,0.0108,94,582,12.1,37.5,1,0,2,1,2,2.3,-8,Kolkata,0.7152,105.7,72.0
BMW,i5,eDrive40,81.0,81.2,250,2215,0.23,2.35,0.01,94,582,16.5,25.2,0,0,2,0,3,0.1,0,Kolkata,0.2512,322.5,72.0
BMW,i5,eDrive40,69.3,81.2,250,2215,0.23,2.35,0.0105,94,582,26.9,38.9,1,0,1,2,4,4.9,-5,Kolkata,0.3191,217.2,72.0
BMW,i5,eDrive40,73.9,81.2,250,2215,0.23,2.35,0.0102,94,582,27.7,29.7,0,0,2,1,2,3.0,-2,Kolkata,0.2639,280.0,72.0
BMW,i5,eDrive40,77.5,81.2,250,2215,0.23,2.35,0.01,94,582,26.3,28.8,0,0,2,1,4,1.5,0,Kolkata,0.2524,307.1,72.0
BMW,i5,eDrive40,69.3,81.2,250,2215,0.23,2.35,0.01,94,582,22.3,25.4,0,0,2,0,4,4.9,0,Kolkata,0.2217,312.6,72.0
BMW,i5,eDrive40,70.5,81.2,250,2215,0.23,2.35,0.01,94,582,14.9,19.2,0,0,1,1,3,4.4,0,Kolkata,0.1482,475.7,72.0
BMW,i5,eDrive40,75.8,81.2,250,2215,0.23,2.35,0.01,94,582,19.4,29.0,0,0,2,1,1,2.2,0,Kolkata,0.2419,313.3,72.0
BMW,i5,eDrive40,71.0,81.2,250,2215,0.23,2.35,0.01,94,582,71.1,33.0,1,0,0,1,2,4.2,0,Highway_NH,0.1761,403.1,72.0
BMW,i5,eDrive40,70.0,81.2,250,2215,0.23,2.35,0.0102,94,582,72.3,17.6,0,0,0,1,2,4.6,-2,Highway_NH,0.1654,423.1,72.0
BMW,i5,eDrive40,69.3,81.2,250,2215,0.23,2.35,0.0105,94,582,92.9,16.0,0,0,2,0,3,4.9,-5,Highway_NH,0.3772,183.7,72.0
BMW,i5,eDrive40,75.8,81.2,250,2215,0.23,2.35,0.0105,94,582,79.1,36.6,1,0,0,1,2,2.2,-5,Highway_NH,0.1981,382.6,72.0
BMW,i5,eDrive40,70.5,81.2,250,2215,0.23,2.35,0.0108,94,582,93.9,27.6,0,0,1,0,2,4.4,-8,Highway_NH,0.2302,306.3,72.0
BMW,i5,eDrive40,70.2,81.2,250,2215,0.23,2.35,0.0108,94,582,75.3,36.5,1,0,1,1,3,4.5,-8,Highway_NH,0.2774,253.1,72.0
BMW,i5,eDrive40,77.8,81.2,250,2215,0.23,2.35,0.0102,94,582,75.8,32.3,0,0,0,0,4,1.4,-2,Highway_NH,0.1529,508.9,72.0
BMW,i5,eDrive40,76.1,81.2,250,2215,0.23,2.35,0.0102,94,582,89.8,32.7,0,0,0,0,5,2.1,2,Highway_NH,0.1743,436.6,72.0
BMW,i5,eDrive40,75.8,81.2,250,2215,0.23,2.35,0.0102,94,582,95.4,22.4,0,0,1,1,3,2.2,-2,Highway_NH,0.2952,256.8,72.0
BMW,i5,eDrive40,74.9,81.2,250,2215,0.23,2.35,0.0102,94,582,85.5,29.4,0,0,0,2,2,2.6,-2,Highway_NH,0.2044,366.5,72.0
BMW,i5,eDrive40,81.2,81.2,250,2215,0.23,2.35,0.01,94,582,83.3,43.0,1,0,2,2,3,0.0,0,Highway_NH,0.5825,139.4,72.0
BMW,i5,eDrive40,71.5,81.2,250,2215,0.23,2.35,0.0102,94,582,87.4,23.5,0,0,0,1,1,4.0,-2,Expressway,0.173,413.2,72.0
BMW,i5,eDrive40,77.1,81.2,250,2215,0.23,2.35,0.0108,94,582,84.5,16.5,0,0,1,2,2,1.7,-8,Expressway,0.2756,279.8,72.0
BMW,i5,eDrive40,71.5,81.2,250,2215,0.23,2.35,0.0102,94,582,93.6,23.9,0,0,1,1,2,4.0,2,Expressway,0.2627,272.2,72.0
BMW,i5,eDrive40,74.9,81.2,250,2215,0.23,2.35,0.0102,94,582,99.3,18.8,0,0,0,1,3,2.6,-2,Expressway,0.2103,356.2,72.0
BMW,i5,eDrive40,75.6,81.2,250,2215,0.23,2.35,0.0102,94,582,96.1,22.6,0,0,2,1,4,2.3,2,Expressway,0.4352,173.7,72.0
BMW,i5,eDrive40,73.9,81.2,250,2215,0.23,2.35,0.01,94,582,80.8,24.9,0,0,1,1,2,3.0,0,Expressway,0.21,351.9,72.0
BMW,i5,eDrive40,76.6,81.2,250,2215,0.23,2.35,0.0105,94,582,117.5,17.1,0,0,0,1,2,1.9,-5,Expressway,0.2343,326.9,72.0
BMW,i5,eDrive40,69.3,81.2,250,2215,0.23,2.35,0.01,94,582,110.0,33.9,0,0,0,1,1,4.9,0,Expressway,0.2032,341.0,72.0
BMW,i5,eDrive40,74.6,81.2,250,2215,0.23,2.35,0.0105,94,582,25.3,13.1,0,2,0,1,2,2.7,-5,Hill_Station,0.8429,88.5,72.0
BMW,i5,eDrive40,79.7,81.2,250,2215,0.23,2.35,0.0102,94,582,20.5,8.3,0,2,1,0,2,0.6,-2,Hill_Station,1.077,74.0,72.0
BMW,i5,eDrive40,80.0,81.2,250,2215,0.23,2.35,0.01,94,582,40.0,21.4,0,2,2,1,1,0.5,0,Hill_Station,1.3746,58.2,72.0
BMW,i5,eDrive40,79.5,81.2,250,2215,0.23,2.35,0.0102,94,582,36.3,22.5,0,2,0,1,1,0.7,-2,Hill_Station,0.7409,107.3,72.0
BMW,i5,eDrive40,70.0,81.2,250,2215,0.23,2.35,0.0108,94,582,24.6,14.6,0,2,1,2,2,4.6,-8,Hill_Station,1.2027,58.2,72.0
BMW,i5,eDrive40,72.9,81.2,250,2215,0.23,2.35,0.01,94,582,34.6,22.2,0,2,2,1,2,3.4,0,Hill_Station,1.2526,58.2,72.0
BMW,i5,eDrive40,74.4,81.2,250,2215,0.23,2.35,0.01,94,582,21.7,24.1,0,2,0,2,4,2.8,0,Hill_Station,0.9219,80.7,72.0
BMW,i5,eDrive40,74.4,81.2,250,2215,0.23,2.35,0.0102,94,582,32.6,20.5,0,2,2,1,4,2.8,-2,Hill_Station,1.2784,58.2,72.0
BMW,i5,eDrive40,75.8,81.2,250,2215,0.23,2.35,0.0102,94,582,34.7,16.3,0,2,2,1,2,2.2,-2,Hill_Station,1.3024,58.2,72.0
BMW,i5,eDrive40,75.6,81.2,250,2215,0.23,2.35,0.0108,94,582,37.3,6.9,0,2,0,1,2,2.3,-8,Hill_Station,0.9705,77.9,72.0
BMW,i5,eDrive40,74.4,81.2,250,2215,0.23,2.35,0.01,94,582,22.2,25.2,1,2,1,1,1,2.8,0,Hill_Station,1.1104,67.0,72.0
BMW,i5,eDrive40,80.0,81.2,250,2215,0.23,2.35,0.01,94,582,33.6,20.6,0,0,0,1,2,0.5,0,Rural_Road,0.1447,552.9,72.0
BMW,i5,eDrive40,73.6,81.2,250,2215,0.23,2.35,0.0102,94,582,51.0,19.6,1,0,1,2,3,3.1,-2,Rural_Road,0.2141,343.8,72.0
BMW,i5,eDrive40,74.1,81.2,250,2215,0.23,2.35,0.01,94,582,39.8,26.3,0,0,0,2,2,2.9,0,Rural_Road,0.136,544.7,72.0
BMW,i5,eDrive40,75.8,81.2,250,2215,0.23,2.35,0.01,94,582,30.2,17.4,0,0,0,1,5,2.2,0,Rural_Road,0.1371,552.9,72.0
BMW,i5,eDrive40,78.3,81.2,250,2215,0.23,2.35,0.0105,94,582,35.4,19.6,1,0,2,1,2,1.2,-5,Rural_Road,0.2746,285.1,72.0
BMW,i5,eDrive40,78.8,81.2,250,2215,0.23,2.35,0.0102,94,582,47.2,37.3,0,0,1,1,3,1.0,-2,Rural_Road,0.1778,443.3,72.0
BMW,i5,eDrive40,71.7,81.2,250,2215,0.23,2.35,0.0105,94,582,57.6,16.4,0,0,0,2,5,3.9,-5,Rural_Road,0.1605,446.7,72.0
BMW,i5,eDrive40,75.1,81.2,250,2215,0.23,2.35,0.01,94,582,48.0,19.5,0,0,1,2,2,2.5,0,Rural_Road,0.1917,391.8,72.0
BMW,i5,eDrive40,77.1,81.2,250,2215,0.23,2.35,0.01,94,582,36.8,31.2,1,0,2,1,5,1.7,0,Rural_Road,0.3956,194.9,72.0
BMW,i5,eDrive40,77.1,81.2,250,2215,0.23,2.35,0.0108,94,582,46.7,20.7,0,0,0,1,1,1.7,-8,Rural_Road,0.1394,552.9,72.0
BMW,i5,eDrive40,70.2,81.2,250,2215,0.23,2.35,0.0102,94,582,35.3,23.8,0,0,1,0,1,4.5,-2,Rural_Road,0.1434,489.4,72.0
BMW,i5,eDrive40,71.5,81.2,250,2215,0.23,2.35,0.0102,94,582,28.1,32.7,1,2,1,0,2,4.0,-2,Ghat_Road,1.1068,64.6,72.0
BMW,i5,eDrive40,70.7,81.2,250,2215,0.23,2.35,0.0102,94,582,34.7,33.7,1,2,1,0,2,4.3,-2,Ghat_Road,0.9861,71.7,72.0
BMW,i5,eDrive40,73.2,81.2,250,2215,0.23,2.35,0.01,94,582,21.0,31.6,1,2,2,0,1,3.3,0,Ghat_Road,1.2577,58.2,72.0
BMW,i5,eDrive40,74.1,81.2,250,2215,0.23,2.35,0.0105,94,582,23.5,22.8,0,2,1,1,1,2.9,-5,Ghat_Road,1.0541,70.3,72.0
BMW,i5,eDrive40,81.0,81.2,250,2215,0.23,2.35,0.01,94,582,25.3,25.7,1,2,2,1,4,0.1,0,Ghat_Road,1.3918,58.2,72.0
BMW,i5,eDrive40,72.4,81.2,250,2215,0.23,2.35,0.0102,94,582,30.8,12.4,0,2,2,2,1,3.6,-2,Ghat_Road,1.244,58.2,72.0
BMW,i5,eDrive40,75.6,81.2,250,2215,0.23,2.35,0.0108,94,582,18.6,12.1,0,2,2,1,3,2.3,-8,Ghat_Road,1.299,58.2,72.0
BMW,i5,eDrive40,76.6,81.2,250,2215,0.23,2.35,0.0105,94,582,31.7,29.7,0,2,2,0,4,1.9,-5,Ghat_Road,1.3162,58.2,72.0
BMW,i5,eDrive40,79.3,81.2,250,2215,0.23,2.35,0.0102,94,582,29.0,24.4,0,2,1,1,2,0.8,-2,Ghat_Road,0.9975,79.5,72.0
BMW,i5,eDrive40,79.7,81.2,250,2215,0.23,2.35,0.01,94,582,24.5,27.2,0,2,0,0,3,0.6,0,Ghat_Road,0.6709,118.8,72.0
BMW,i5,eDrive40,75.6,81.2,250,2215,0.23,2.35,0.01,94,582,30.4,29.8,1,2,1,1,3,2.3,0,Ghat_Road,1.0739,70.4,72.0
BMW,i5,eDrive40,73.9,81.2,250,2215,0.23,2.35,0.01,94,582,33.1,23.0,1,2,1,0,2,3.0,0,Ghat_Road,0.9157,80.7,72.0
BMW,i7,xDrive60,95.6,101.7,400,2720,0.25,2.7,0.0108,94,625,20.4,16.4,0,0,2,0,4,2.0,-8,Delhi,0.2369,403.5,196.0
BMW,i7,xDrive60,101.1,101.7,400,2720,0.25,2.7,0.01,94,625,20.2,21.1,0,0,2,0,4,0.2,0,Delhi,0.237,426.5,196.0
BMW,i7,xDrive60,99.6,101.7,400,2720,0.25,2.7,0.01,94,625,31.7,34.2,1,0,2,1,1,0.7,0,Delhi,0.3701,269.1,196.0
BMW,i7,xDrive60,91.3,101.7,400,2720,0.25,2.7,0.01,94,625,18.4,31.8,0,0,2,1,2,3.4,0,Delhi,0.2348,388.8,196.0
BMW,i7,xDrive60,97.1,101.7,400,2720,0.25,2.7,0.0105,94,625,25.3,22.4,0,0,1,1,2,1.5,-5,Delhi,0.1635,593.75,196.0
BMW,i7,xDrive60,97.7,101.7,400,2720,0.25,2.7,0.0108,94,625,33.5,43.5,1,0,2,1,1,1.3,-8,Delhi,0.5115,191.0,196.0
BMW,i7,xDrive60,91.0,101.7,400,2720,0.25,2.7,0.0102,94,625,23.2,44.7,1,0,2,0,4,3.5,-2,Delhi,0.5443,167.2,196.0
BMW,i7,xDrive60,101.1,101.7,400,2720,0.25,2.7,0.01,94,625,33.3,24.0,0,0,1,2,2,0.2,0,Delhi,0.1946,519.5,196.0
BMW,i7,xDrive60,94.1,101.7,400,2720,0.25,2.7,0.01,94,625,19.8,46.3,1,0,2,1,4,2.5,0,Delhi,0.6328,148.7,196.0
BMW,i7,xDrive60,99.9,101.7,400,2720,0.25,2.7,0.01,94,625,24.7,29.8,1,0,2,1,1,0.6,0,Delhi,0.3091,323.2,196.0
BMW,i7,xDrive60,89.5,101.7,400,2720,0.25,2.7,0.0105,94,625,14.3,19.3,0,0,1,2,3,4.0,-5,Mumbai,0.1999,447.8,196.0
BMW,i7,xDrive60,91.3,101.7,400,2720,0.25,2.7,0.0108,94,625,21.4,22.5,0,0,0,1,2,3.4,-8,Mumbai,0.1538,593.75,196.0
BMW,i7,xDrive60,90.4,101.7,400,2720,0.25,2.7,0.0102,94,625,19.6,36.2,0,0,2,0,2,3.7,-2,Mumbai,0.2223,406.7,196.0
BMW,i7,xDrive60,99.3,101.7,400,2720,0.25,2.7,0.01,94,625,17.2,35.8,0,0,2,2,1,0.8,0,Mumbai,0.2743,362.0,196.0
BMW,i7,xDrive60,100.8,101.7,400,2720,0.25,2.7,0.0105,94,625,29.4,30.3,1,0,2,0,4,0.3,-5,Mumbai,0.3371,299.0,196.0
BMW,i7,xDrive60,87.4,101.7,400,2720,0.25,2.7,0.01,94,625,12.4,24.4,0,0,1,1,2,4.7,0,Mumbai,0.1677,521.2,196.0
BMW,i7,xDrive60,88.3,101.7,400,2720,0.25,2.7,0.0105,94,625,16.4,37.3,1,0,1,1,1,4.4,-5,Mumbai,0.3223,274.0,196.0
BMW,i7,xDrive60,96.2,101.7,400,2720,0.25,2.7,0.01,94,625,13.6,27.5,0,0,2,2,2,1.8,0,Mumbai,0.3193,301.3,196.0
BMW,i7,xDrive60,101.4,101.7,400,2720,0.25,2.7,0.01,94,625,21.7,25.5,0,0,2,0,3,0.1,0,Mumbai,0.2369,428.1,196.0
BMW,i7,xDrive60,93.5,101.7,400,2720,0.25,2.7,0.01,94,625,23.7,31.7,0,0,2,2,3,2.7,0,Mumbai,0.2792,334.9,196.0
BMW,i7,xDrive60,100.5,101.7,400,2720,0.25,2.7,0.0105,94,625,23.5,33.2,0,0,2,0,2,0.4,-5,Mumbai,0.2325,432.3,196.0
BMW,i7,xDrive60,93.5,101.7,400,2720,0.25,2.7,0.0108,94,625,22.3,16.7,0,1,1,1,1,2.7,-8,Bangalore,0.4898,190.9,196.0
BMW,i7,xDrive60,91.0,101.7,400,2720,0.25,2.7,0.0102,94,625,21.0,17.1,0,1,1,1,1,3.5,2,Bangalore,0.5607,162.3,196.0
BMW,i7,xDrive60,100.5,101.7,400,2720,0.25,2.7,0.0102,94,625,20.6,16.8,0,1,1,2,1,0.4,2,Bangalore,0.5354,187.7,196.0
BMW,i7,xDrive60,96.5,101.7,400,2720,0.25,2.7,0.0102,94,625,21.1,37.8,1,1,0,1,2,1.7,2,Bangalore,0.4698,205.4,196.0
BMW,i7,xDrive60,87.1,101.7,400,2720,0.25,2.7,0.01,94,625,22.7,32.5,0,1,2,0,2,4.8,0,Bangalore,0.7289,119.5,196.0
BMW,i7,xDrive60,95.3,101.7,400,2720,0.25,2.7,0.0108,94,625,23.6,37.6,0,1,2,1,2,2.1,-8,Bangalore,0.9199,103.6,196.0
BMW,i7,xDrive60,99.9,101.7,400,2720,0.25,2.7,0.01,94,625,27.9,16.2,0,1,1,1,4,0.6,0,Bangalore,0.5023,198.9,196.0
BMW,i7,xDrive60,86.4,101.7,400,2720,0.25,2.7,0.0108,94,625,26.2,25.9,0,1,1,0,1,5.0,-8,Bangalore,0.4233,204.1,196.0
BMW,i7,xDrive60,96.2,101.7,400,2720,0.25,2.7,0.0102,94,625,19.2,41.0,0,0,2,1,1,1.8,2,Chennai,0.284,338.7,196.0
BMW,i7,xDrive60,94.4,101.7,400,2720,0.25,2.7,0.01,94,625,22.6,27.3,1,0,1,1,1,2.4,0,Chennai,0.1942,486.1,196.0
BMW,i7,xDrive60,97.7,101.7,400,2720,0.25,2.7,0.0105,94,625,27.4,24.3,0,0,2,1,1,1.3,-5,Chennai,0.2677,365.0,196.0
BMW,i7,xDrive60,87.7,101.7,400,2720,0.25,2.7,0.0102,94,625,17.3,28.7,0,0,1,1,1,4.6,-2,Chennai,0.1564,560.9,196.0
BMW,i7,xDrive60,96.5,101.7,400,2720,0.25,2.7,0.0105,94,625,24.2,29.8,1,0,2,1,2,1.7,-5,Chennai,0.3658,263.8,196.0
BMW,i7,xDrive60,88.6,101.7,400,2720,0.25,2.7,0.0102,94,625,19.9,37.6,1,0,2,1,3,4.3,-2,Chennai,0.456,194.3,196.0
BMW,i7,xDrive60,91.9,101.7,400,2720,0.25,2.7,0.0102,94,625,25.6,31.9,1,0,0,1,2,3.2,-2,Chennai,0.1721,533.9,196.0
BMW,i7,xDrive60,91.6,101.7,400,2720,0.25,2.7,0.0102,94,625,21.3,40.6,0,0,2,2,1,3.3,-2,Chennai,0.3011,304.2,196.0
BMW,i7,xDrive60,90.1,101.7,400,2720,0.25,2.7,0.0108,94,625,33.9,41.8,1,0,2,1,2,3.8,-8,Chennai,0.4849,185.8,196.0
BMW,i7,xDrive60,91.9,101.7,400,2720,0.25,2.7,0.01,94,625,36.4,29.7,1,1,1,1,4,3.2,0,Pune,0.5415,169.7,196.0
BMW,i7,xDrive60,88.3,101.7,400,2720,0.25,2.7,0.01,94,625,36.3,27.9,0,1,2,1,5,4.4,0,Pune,0.8523,103.6,196.0
BMW,i7,xDrive60,89.8,101.7,400,2720,0.25,2.7,0.01,94,625,18.9,37.9,1,1,0,0,2,3.9,0,Pune,0.465,193.1,196.0
BMW,i7,xDrive60,88.6,101.7,400,2720,0.25,2.7,0.0105,94,625,37.1,29.0,0,1,1,1,4,4.3,-5,Pune,0.5057,175.2,196.0
BMW,i7,xDrive60,88.0,101.7,400,2720,0.25,2.7,0.0105,94,625,20.3,21.5,0,1,1,1,3,4.5,-5,Pune,0.5304,165.9,196.0
BMW,i7,xDrive60,88.6,101.7,400,2720,0.25,2.7,0.01,94,625,31.5,20.7,0,1,1,0,4,4.3,0,Pune,0.4802,184.5,196.0
BMW,i7,xDrive60,88.6,101.7,400,2720,0.25,2.7,0.0105,94,625,38.7,24.3,1,1,0,0,2,4.3,-5,Pune,0.3687,240.3,196.0
BMW,i7,xDrive60,92.9,101.7,400,2720,0.25,2.7,0.0108,94,625,20.2,38.3,0,1,0,2,2,2.9,-8,Pune,0.4062,228.7,196.0
BMW,i7,xDrive60,87.1,101.7,400,2720,0.25,2.7,0.01,94,625,35.3,39.5,0,1,2,1,2,4.8,0,Pune,0.805,108.2,196.0
BMW,i7,xDrive60,98.6,101.7,400,2720,0.25,2.7,0.01,94,625,35.9,22.7,0,1,0,1,1,1.0,0,Pune,0.3786,260.4,196.0
BMW,i7,xDrive60,88.9,101.7,400,2720,0.25,2.7,0.01,94,625,20.2,36.7,0,0,2,0,1,4.2,0,Hyderabad,0.2274,391.0,196.0
BMW,i7,xDrive60,99.3,101.7,400,2720,0.25,2.7,0.0105,94,625,15.3,27.7,0,0,1,1,2,0.8,-5,Hyderabad,0.1672,593.75,196.0
BMW,i7,xDrive60,95.6,101.7,400,2720,0.25,2.7,0.0102,94,625,29.0,23.2,1,0,1,1,4,2.0,-2,Hyderabad,0.1843,518.6,196.0
BMW,i7,xDrive60,91.3,101.7,400,2720,0.25,2.7,0.01,94,625,16.0,37.4,1,0,1,0,4,3.4,0,Hyderabad,0.3198,285.5,196.0
BMW,i7,xDrive60,90.7,101.7,400,2720,0.25,2.7,0.01,94,625,29.1,40.4,1,0,1,1,1,3.6,0,Hyderabad,0.2915,311.1,196.0
BMW,i7,xDrive60,92.9,101.7,400,2720,0.25,2.7,0.01,94,625,28.0,24.5,0,0,1,2,3,2.9,0,Hyderabad,0.1903,488.1,196.0
BMW,i7,xDrive60,90.7,101.7,400,2720,0.25,2.7,0.0102,94,625,32.9,16.9,0,0,2,0,3,3.6,-2,Hyderabad,0.2323,390.4,196.0
BMW,i7,xDrive60,90.7,101.7,400,2720,0.25,2.7,0.0102,94,625,23.0,38.0,0,0,1,1,1,3.6,-2,Hyderabad,0.1528,593.75,196.0
BMW,i7,xDrive60,95.6,101.7,400,2720,0.25,2.7,0.0105,94,625,21.6,16.5,0,0,2,1,3,2.0,-5,Hyderabad,0.265,360.8,196.0
BMW,i7,xDrive60,90.4,101.7,400,2720,0.25,2.7,0.0105,94,625,32.5,17.8,0,0,2,1,2,3.7,-5,Hyderabad,0.2726,331.6,196.0
BMW,i7,xDrive60,99.3,101.7,400,2720,0.25,2.7,0.01,94,625,12.6,36.1,1,0,2,1,1,0.8,0,Kolkata,0.5727,173.4,196.0
BMW,i7,xDrive60,87.7,101.7,400,2720,0.25,2.7,0.0108,94,625,18.3,22.5,0,0,0,2,1,4.6,-8,Kolkata,0.1477,593.75,196.0
BMW,i7,xDrive60,94.4,101.7,400,2720,0.25,2.7,0.0102,94,625,20.1,15.1,0,0,2,1,3,2.4,-2,Kolkata,0.2655,355.5,196.0
BMW,i7,xDrive60,95.3,101.7,400,2720,0.25,2.7,0.0105,94,625,24.2,12.0,0,0,2,0,2,2.1,-5,Kolkata,0.262,363.8,196.0
BMW,i7,xDrive60,92.2,101.7,400,2720,0.25,2.7,0.0102,94,625,17.8,27.9,1,0,2,1,1,3.1,-2,Kolkata,0.4019,229.4,196.0
BMW,i7,xDrive60,92.5,101.7,400,2720,0.25,2.7,0.0102,94,625,22.2,15.6,0,0,1,1,2,3.0,-2,Kolkata,0.1558,593.75,196.0
BMW,i7,xDrive60,99.9,101.7,400,2720,0.25,2.7,0.0108,94,625,27.8,15.7,0,0,2,1,4,0.6,-8,Kolkata,0.2721,367.1,196.0
BMW,i7,xDrive60,89.8,101.7,400,2720,0.25,2.7,0.01,94,625,16.8,35.5,0,0,1,1,4,3.9,0,Kolkata,0.1699,528.5,196.0
BMW,i7,xDrive60,93.8,101.7,400,2720,0.25,2.7,0.01,94,625,15.9,33.9,0,0,2,1,4,2.6,0,Kolkata,0.2683,349.6,196.0
BMW,i7,xDrive60,89.8,101.7,400,2720,0.25,2.7,0.01,94,625,14.5,18.0,0,0,2,2,2,3.9,0,Kolkata,0.288,311.8,196.0
BMW,i7,xDrive60,87.1,101.7,400,2720,0.25,2.7,0.0108,94,625,27.9,25.3,0,0,0,2,1,4.8,-8,Kolkata,0.1467,593.75,196.0
BMW,i7,xDrive60,86.8,101.7,400,2720,0.25,2.7,0.0108,94,625,83.8,27.6,1,0,1,2,1,4.9,-8,Highway_NH,0.3122,278.0,196.0
BMW,i7,xDrive60,91.0,101.7,400,2720,0.25,2.7,0.01,94,625,74.7,15.8,0,0,0,2,3,3.5,0,Highway_NH,0.1905,477.7,196.0
BMW,i7,xDrive60,94.7,101.7,400,2720,0.25,2.7,0.01,94,625,75.2,25.9,0,0,0,2,2,2.3,0,Highway_NH,0.1747,542.0,196.0
BMW,i7,xDrive60,93.5,101.7,400,2720,0.25,2.7,0.0105,94,625,85.3,16.7,0,0,2,1,3,2.7,-5,Highway_NH,0.4197,222.8,196.0
BMW,i7,xDrive60,98.0,101.7,400,2720,0.25,2.7,0.0102,94,625,73.8,35.6,0,0,0,2,1,1.2,-2,Highway_NH,0.1844,531.4,196.0
BMW,i7,xDrive60,99.0,101.7,400,2720,0.25,2.7,0.0105,94,625,88.6,33.2,0,0,1,2,2,0.9,-5,Highway_NH,0.2866,345.4,196.0
BMW,i7,xDrive60,90.4,101.7,400,2720,0.25,2.7,0.01,94,625,84.9,15.0,0,0,0,1,3,3.7,0,Highway_NH,0.1631,554.3,196.0
BMW,i7,xDrive60,88.6,101.7,400,2720,0.25,2.7,0.0105,94,625,76.7,21.2,0,0,1,0,1,4.3,-5,Highway_NH,0.1908,464.3,196.0
BMW,i7,xDrive60,90.4,101.7,400,2720,0.25,2.7,0.01,94,625,79.6,25.9,0,0,0,1,1,3.7,0,Highway_NH,0.1676,539.3,196.0
BMW,i7,xDrive60,99.9,101.7,400,2720,0.25,2.7,0.0108,94,625,71.3,35.2,1,0,1,1,2,0.6,-8,Highway_NH,0.2432,410.7,196.0
BMW,i7,xDrive60,93.8,101.7,400,2720,0.25,2.7,0.0105,94,625,80.8,40.8,0,0,0,1,2,2.6,-5,Expressway,0.1799,521.3,196.0
BMW,i7,xDrive60,98.6,101.7,400,2720,0.25,2.7,0.0102,94,625,96.7,24.3,0,0,1,0,2,1.0,-2,Expressway,0.2447,403.0,196.0
BMW,i7,xDrive60,92.2,101.7,400,2720,0.25,2.7,0.0108,94,625,84.8,44.7,1,0,1,0,2,3.1,-8,Expressway,0.2819,327.1,196.0
BMW,i7,xDrive60,87.1,101.7,400,2720,0.25,2.7,0.01,94,625,83.6,41.3,0,0,1,1,1,4.8,0,Expressway,0.2356,369.7,196.0
BMW,i7,xDrive60,91.3,101.7,400,2720,0.25,2.7,0.0102,94,625,95.0,16.5,0,0,0,1,3,3.4,-2,Expressway,0.1952,467.7,196.0
BMW,i7,xDrive60,94.1,101.7,400,2720,0.25,2.7,0.01,94,625,96.6,18.8,1,0,1,0,4,2.5,0,Expressway,0.273,344.7,196.0
BMW,i7,xDrive60,100.2,101.7,400,2720,0.25,2.7,0.0102,94,625,92.6,31.0,0,0,0,1,2,0.5,2,Expressway,0.1873,534.9,196.0
BMW,i7,xDrive60,93.8,101.7,400,2720,0.25,2.7,0.0102,94,625,82.2,23.4,0,0,0,0,1,2.6,-2,Expressway,0.158,593.75,196.0
BMW,i7,xDrive60,89.5,101.7,400,2720,0.25,2.7,0.01,94,625,86.3,23.0,0,0,2,2,1,4.0,0,Expressway,0.4618,193.8,196.0
BMW,i7,xDrive60,92.5,101.7,400,2720,0.25,2.7,0.0105,94,625,112.9,17.0,0,0,1,0,1,3.0,-5,Expressway,0.293,315.7,196.0
BMW,i7,xDrive60,101.1,101.7,400,2720,0.25,2.7,0.0105,94,625,89.5,25.6,0,0,1,1,4,0.2,-5,Expressway,0.2624,385.3,196.0
BMW,i7,xDrive60,91.3,101.7,400,2720,0.25,2.7,0.0108,94,625,25.2,5.4,0,2,1,1,3,3.4,-8,Hill_Station,1.3156,69.4,196.0
BMW,i7,xDrive60,99.9,101.7,400,2720,0.25,2.7,0.01,94,625,25.9,17.4,0,2,1,2,3,0.6,0,Hill_Station,1.3059,76.5,196.0
BMW,i7,xDrive60,91.3,101.7,400,2720,0.25,2.7,0.01,94,625,31.1,8.8,0,2,0,1,2,3.4,0,Hill_Station,0.9204,99.2,196.0
BMW,i7,xDrive60,86.4,101.7,400,2720,0.25,2.7,0.01,94,625,20.9,13.2,0,2,2,1,5,5.0,0,Hill_Station,1.3824,62.5,196.0
BMW,i7,xDrive60,98.6,101.7,400,2720,0.25,2.7,0.0105,94,625,37.3,27.2,1,2,1,1,3,1.0,-5,Hill_Station,1.188,83.0,196.0
BMW,i7,xDrive60,94.7,101.7,400,2720,0.25,2.7,0.0105,94,625,36.5,11.7,0,2,2,0,2,2.3,-5,Hill_Station,1.5152,62.5,196.0
BMW,i7,xDrive60,99.3,101.7,400,2720,0.25,2.7,0.0105,94,625,28.9,6.2,0,2,0,1,1,0.8,-5,Hill_Station,0.9457,105.0,196.0
BMW,i7,xDrive60,90.1,101.7,400,2720,0.25,2.7,0.0102,94,625,20.2,7.2,0,2,0,2,1,3.8,-2,Hill_Station,1.0816,83.3,196.0
BMW,i7,xDrive60,91.0,101.7,400,2720,0.25,2.7,0.01,94,625,20.7,28.1,0,2,1,1,2,3.5,0,Hill_Station,1.1534,78.9,196.0
BMW,i7,xDrive60,91.3,101.7,400,2720,0.25,2.7,0.0105,94,625,35.9,39.1,1,0,0,1,3,3.4,-5,Rural_Road,0.192,475.6,196.0
BMW,i7,xDrive60,96.2,101.7,400,2720,0.25,2.7,0.01,94,625,45.5,39.8,0,0,1,1,2,1.8,0,Rural_Road,0.162,593.75,196.0
BMW,i7,xDrive60,98.3,101.7,400,2720,0.25,2.7,0.0105,94,625,45.8,34.6,0,0,0,1,1,1.1,-5,Rural_Road,0.1656,593.75,196.0
BMW,i7,xDrive60,99.0,101.7,400,2720,0.25,2.7,0.01,94,625,32.4,20.4,0,0,0,0,3,0.9,0,Rural_Road,0.1667,593.75,196.0
BMW,i7,xDrive60,95.0,101.7,400,2720,0.25,2.7,0.0102,94,625,37.1,30.6,0,0,0,1,1,2.2,-2,Rural_Road,0.16,593.75,196.0
BMW,i7,xDrive60,86.8,101.7,400,2720,0.25,2.7,0.0105,94,625,40.5,35.7,1,0,0,1,1,4.9,-5,Rural_Road,0.173,501.8,196.0
BMW,i7,xDrive60,90.1,101.7,400,2720,0.25,2.7,0.0105,94,625,31.5,20.0,0,0,0,1,1,3.8,-5,Rural_Road,0.1517,593.75,196.0
BMW,i7,xDrive60,96.5,101.7,400,2720,0.25,2.7,0.0102,94,625,31.5,16.0,0,0,0,1,2,1.7,-2,Rural_Road,0.1625,593.75,196.0
BMW,i7,xDrive60,99.3,101.7,400,2720,0.25,2.7,0.0102,94,625,53.0,21.1,0,0,1,2,3,0.8,-2,Rural_Road,0.2144,463.1,196.0
BMW,i7,xDrive60,89.2,101.7,400,2720,0.25,2.7,0.01,94,625,37.3,40.7,1,0,0,1,2,4.1,0,Rural_Road,0.2059,433.3,196.0
BMW,i7,xDrive60,99.6,101.7,400,2720,0.25,2.7,0.01,94,625,58.5,44.4,1,0,1,1,1,0.7,0,Rural_Road,0.2635,378.0,196.0
BMW,i7,xDrive60,90.1,101.7,400,2720,0.25,2.7,0.01,94,625,34.1,26.7,0,2,1,2,4,3.8,0,Ghat_Road,1.2853,70.1,196.0
BMW,i7,xDrive60,87.1,101.7,400,2720,0.25,2.7,0.0105,94,625,25.6,24.8,0,2,0,1,4,4.8,-5,Ghat_Road,0.8399,103.7,196.0
BMW,i7,xDrive60,99.6,101.7,400,2720,0.25,2.7,0.0102,94,625,27.4,32.0,0,2,1,1,2,0.7,-2,Ghat_Road,1.0584,94.1,196.0
BMW,i7,xDrive60,98.6,101.7,400,2720,0.25,2.7,0.01,94,625,16.9,15.8,0,2,0,1,1,1.0,0,Ghat_Road,0.8265,119.3,196.0
BMW,i7,xDrive60,92.9,101.7,400,2720,0.25,2.7,0.01,94,625,33.7,19.2,0,2,1,0,4,2.9,0,Ghat_Road,0.9637,96.4,196.0
BMW,i7,xDrive60,88.6,101.7,400,2720,0.25,2.7,0.0108,94,625,30.5,25.7,0,2,0,1,4,4.3,-8,Ghat_Road,0.8544,103.7,196.0
BMW,i7,xDrive60,98.6,101.7,400,2720,0.25,2.7,0.0102,94,625,31.4,21.0,0,2,2,2,2,1.0,-2,Ghat_Road,1.5776,62.5,196.0
BMW,i7,xDrive60,97.7,101.7,400,2720,0.25,2.7,0.0105,94,625,15.2,26.8,0,2,0,0,4,1.3,-5,Ghat_Road,0.7669,127.4,196.0
BMW,i7,xDrive60,89.5,101.7,400,2720,0.25,2.7,0.0105,94,625,22.8,31.5,0,2,2,0,5,4.0,-5,Ghat_Road,1.432,62.5,196.0
Mercedes,EQS,580 4MATIC,92.3,107.8,385,2710,0.2,2.51,0.009,95,857,23.3,15.3,0,0,2,0,5,4.8,0,Delhi,0.2937,314.3,165.0
Mercedes,EQS,580 4MATIC,103.6,107.8,385,2710,0.2,2.51,0.0092,95,857,22.5,23.5,0,0,2,1,1,1.3,-2,Delhi,0.2726,380.1,165.0
Mercedes,EQS,580 4MATIC,103.6,107.8,385,2710,0.2,2.51,0.0097,95,857,25.3,17.0,0,0,2,1,1,1.3,-8,Delhi,0.2784,372.1,165.0
Mercedes,EQS,580 4MATIC,106.8,107.8,385,2710,0.2,2.51,0.0097,95,857,21.0,17.4,0,0,2,1,3,0.3,-8,Delhi,0.3116,342.8,165.0
Mercedes,EQS,580 4MATIC,104.6,107.8,385,2710,0.2,2.51,0.009,95,857,19.4,11.0,0,0,2,1,1,1.0,0,Delhi,0.2843,367.9,165.0
Mercedes,EQS,580 4MATIC,100.7,107.8,385,2710,0.2,2.51,0.009,95,857,24.2,28.2,0,0,1,1,1,2.2,0,Delhi,0.1654,609.0,165.0
Mercedes,EQS,580 4MATIC,106.8,107.8,385,2710,0.2,2.51,0.009,95,857,30.9,33.8,0,0,2,1,2,0.3,0,Delhi,0.2936,363.7,165.0
Mercedes,EQS,580 4MATIC,101.7,107.8,385,2710,0.2,2.51,0.009,95,857,21.1,31.1,0,0,2,1,3,1.9,0,Delhi,0.2792,364.2,165.0
Mercedes,EQS,580 4MATIC,95.2,107.8,385,2710,0.2,2.51,0.009,95,857,26.5,25.3,0,0,2,1,3,3.9,0,Delhi,0.2866,332.2,165.0
Mercedes,EQS,580 4MATIC,102.0,107.8,385,2710,0.2,2.51,0.0097,95,857,21.5,38.1,0,0,1,2,2,1.8,-8,Delhi,0.1966,518.9,165.0
Mercedes,EQS,580 4MATIC,98.4,107.8,385,2710,0.2,2.51,0.009,95,857,15.4,31.2,0,0,2,0,1,2.9,0,Delhi,0.2446,402.3,165.0
Mercedes,EQS,580 4MATIC,100.4,107.8,385,2710,0.2,2.51,0.0092,95,857,12.7,35.7,1,0,2,0,4,2.3,-2,Mumbai,0.6698,149.9,165.0
Mercedes,EQS,580 4MATIC,93.9,107.8,385,2710,0.2,2.51,0.0094,95,857,14.5,34.9,0,0,2,1,2,4.3,-5,Mumbai,0.3001,312.9,165.0
Mercedes,EQS,580 4MATIC,100.0,107.8,385,2710,0.2,2.51,0.009,95,857,14.0,25.1,0,0,1,1,1,2.4,0,Mumbai,0.1589,629.4,165.0
Mercedes,EQS,580 4MATIC,99.1,107.8,385,2710,0.2,2.51,0.0097,95,857,19.3,30.0,0,0,1,2,1,2.7,-8,Mumbai,0.2053,482.7,165.0
Mercedes,EQS,580 4MATIC,100.7,107.8,385,2710,0.2,2.51,0.0094,95,857,12.8,32.3,0,0,2,1,2,2.2,-5,Mumbai,0.3291,306.0,165.0
Mercedes,EQS,580 4MATIC,96.5,107.8,385,2710,0.2,2.51,0.0092,95,857,13.3,18.6,0,0,0,0,1,3.5,2,Mumbai,0.1185,814.15,165.0
Mercedes,EQS,580 4MATIC,105.5,107.8,385,2710,0.2,2.51,0.0092,95,857,23.3,35.1,0,0,2,1,2,0.7,-2,Mumbai,0.2641,399.4,165.0
Mercedes,EQS,580 4MATIC,104.9,107.8,385,2710,0.2,2.51,0.009,95,857,17.2,22.7,0,0,2,1,3,0.9,0,Mumbai,0.2989,350.9,165.0
Mercedes,EQS,580 4MATIC,98.1,107.8,385,2710,0.2,2.51,0.009,95,857,12.3,20.4,0,0,1,1,1,3.0,0,Mumbai,0.1639,598.5,165.0
Mercedes,EQS,580 4MATIC,93.2,107.8,385,2710,0.2,2.51,0.0092,95,857,23.5,23.1,0,0,1,0,3,4.5,-2,Mumbai,0.1526,610.7,165.0
Mercedes,EQS,580 4MATIC,92.6,107.8,385,2710,0.2,2.51,0.0094,95,857,23.8,22.2,0,0,1,1,3,4.7,-5,Mumbai,0.1845,502.0,165.0
Mercedes,EQS,580 4MATIC,102.3,107.8,385,2710,0.2,2.51,0.0092,95,857,28.0,27.4,0,1,2,0,1,1.7,-2,Bangalore,0.864,118.4,165.0
Mercedes,EQS,580 4MATIC,93.6,107.8,385,2710,0.2,2.51,0.0092,95,857,34.1,25.7,0,1,1,1,2,4.4,-2,Bangalore,0.5843,160.2,165.0
Mercedes,EQS,580 4MATIC,95.5,107.8,385,2710,0.2,2.51,0.0092,95,857,32.7,33.9,0,1,1,1,2,3.8,-2,Bangalore,0.576,165.8,165.0
Mercedes,EQS,580 4MATIC,105.2,107.8,385,2710,0.2,2.51,0.0097,95,857,18.1,27.4,1,1,2,1,1,0.8,-8,Bangalore,1.1573,90.9,165.0
Mercedes,EQS,580 4MATIC,99.7,107.8,385,2710,0.2,2.51,0.009,95,857,33.3,26.0,0,1,1,1,2,2.5,0,Bangalore,0.6495,153.5,165.0
Mercedes,EQS,580 4MATIC,100.4,107.8,385,2710,0.2,2.51,0.0094,95,857,19.7,26.4,1,1,1,1,2,2.3,-5,Bangalore,0.7166,140.1,165.0
Mercedes,EQS,580 4MATIC,96.5,107.8,385,2710,0.2,2.51,0.009,95,857,19.0,20.5,0,1,2,2,4,3.5,0,Bangalore,1.0892,88.6,165.0
Mercedes,EQS,580 4MATIC,102.3,107.8,385,2710,0.2,2.51,0.0097,95,857,18.2,24.1,0,1,1,2,1,1.7,-8,Bangalore,0.6587,155.3,165.0
Mercedes,EQS,580 4MATIC,105.9,107.8,385,2710,0.2,2.51,0.0094,95,857,32.6,33.0,0,1,0,0,2,0.6,-5,Bangalore,0.3921,270.1,165.0
Mercedes,EQS,580 4MATIC,107.2,107.8,385,2710,0.2,2.51,0.0094,95,857,32.0,15.6,0,1,2,1,1,0.2,-5,Bangalore,0.9981,107.4,165.0
Mercedes,EQS,580 4MATIC,101.7,107.8,385,2710,0.2,2.51,0.0092,95,857,31.5,23.6,0,1,2,1,1,1.9,-2,Bangalore,0.9305,109.3,165.0
Mercedes,EQS,580 4MATIC,93.2,107.8,385,2710,0.2,2.51,0.0092,95,857,19.3,25.9,1,0,1,0,5,4.5,-2,Chennai,0.2516,370.4,165.0
Mercedes,EQS,580 4MATIC,104.6,107.8,385,2710,0.2,2.51,0.0094,95,857,19.8,31.3,1,0,0,0,4,1.0,-5,Chennai,0.2084,501.8,165.0
Mercedes,EQS,580 4MATIC,91.6,107.8,385,2710,0.2,2.51,0.0092,95,857,33.2,23.4,0,0,2,1,3,5.0,2,Chennai,0.2993,306.0,165.0
Mercedes,EQS,580 4MATIC,100.7,107.8,385,2710,0.2,2.51,0.0092,95,857,34.8,40.1,1,0,0,0,1,2.2,-2,Chennai,0.2243,449.0,165.0
Mercedes,EQS,580 4MATIC,102.3,107.8,385,2710,0.2,2.51,0.009,95,857,24.7,27.6,0,0,1,2,1,1.7,0,Chennai,0.1774,576.7,165.0
Mercedes,EQS,580 4MATIC,94.2,107.8,385,2710,0.2,2.51,0.0092,95,857,20.9,40.0,1,0,2,1,1,4.2,-2,Chennai,0.6243,150.9,165.0
Mercedes,EQS,580 4MATIC,99.1,107.8,385,2710,0.2,2.51,0.0094,95,857,20.9,33.3,0,0,2,0,3,2.7,-5,Chennai,0.2744,361.2,165.0
Mercedes,EQS,580 4MATIC,97.5,107.8,385,2710,0.2,2.51,0.009,95,857,31.1,40.1,1,0,0,2,2,3.2,0,Chennai,0.2857,341.3,165.0
Mercedes,EQS,580 4MATIC,101.3,107.8,385,2710,0.2,2.51,0.0092,95,857,17.3,28.5,1,0,2,1,2,2.0,-2,Chennai,0.4246,238.6,165.0
Mercedes,EQS,580 4MATIC,103.3,107.8,385,2710,0.2,2.51,0.009,95,857,20.9,25.1,0,0,1,1,3,1.4,0,Chennai,0.1715,602.4,165.0
Mercedes,EQS,580 4MATIC,99.4,107.8,385,2710,0.2,2.51,0.009,95,857,16.2,25.9,0,0,1,1,4,2.6,0,Chennai,0.1794,554.2,165.0
Mercedes,EQS,580 4MATIC,104.9,107.8,385,2710,0.2,2.51,0.0092,95,857,25.1,30.2,0,1,2,1,4,0.9,2,Pune,1.0366,101.2,165.0
Mercedes,EQS,580 4MATIC,103.3,107.8,385,2710,0.2,2.51,0.009,95,857,38.3,33.8,1,1,0,1,4,1.4,0,Pune,0.4713,219.2,165.0
Mercedes,EQS,580 4MATIC,93.6,107.8,385,2710,0.2,2.51,0.009,95,857,32.5,17.2,1,1,2,2,1,4.4,0,Pune,1.0922,85.7,165.0
Mercedes,EQS,580 4MATIC,105.9,107.8,385,2710,0.2,2.51,0.0094,95,857,39.4,37.8,0,1,2,0,2,0.6,-5,Pune,0.8645,122.5,165.0
Mercedes,EQS,580 4MATIC,102.0,107.8,385,2710,0.2,2.51,0.009,95,857,25.2,24.2,0,1,2,0,5,1.8,0,Pune,1.0079,101.2,165.0
Mercedes,EQS,580 4MATIC,99.1,107.8,385,2710,0.2,2.51,0.009,95,857,31.6,20.2,1,1,1,1,2,2.7,0,Pune,0.626,158.3,165.0
Mercedes,EQS,580 4MATIC,103.9,107.8,385,2710,0.2,2.51,0.0092,95,857,39.4,24.8,0,1,2,0,3,1.2,-2,Pune,0.931,111.6,165.0
Mercedes,EQS,580 4MATIC,94.2,107.8,385,2710,0.2,2.51,0.0092,95,857,19.5,39.1,1,1,0,1,2,4.2,-2,Pune,0.5688,165.6,165.0
Mercedes,EQS,580 4MATIC,106.5,107.8,385,2710,0.2,2.51,0.0092,95,857,29.3,26.6,0,1,1,1,2,0.4,2,Pune,0.6145,173.3,165.0
Mercedes,EQS,580 4MATIC,103.9,107.8,385,2710,0.2,2.51,0.009,95,857,37.2,26.5,1,1,1,1,4,1.2,0,Pune,0.6703,155.0,165.0
Mercedes,EQS,580 4MATIC,98.7,107.8,385,2710,0.2,2.51,0.0092,95,857,25.5,24.4,0,0,2,1,5,2.8,-2,Hyderabad,0.3043,324.4,165.0
Mercedes,EQS,580 4MATIC,99.7,107.8,385,2710,0.2,2.51,0.0092,95,857,22.3,25.0,1,0,1,1,4,2.5,-2,Hyderabad,0.268,372.0,165.0
Mercedes,EQS,580 4MATIC,105.5,107.8,385,2710,0.2,2.51,0.0092,95,857,23.4,28.3,0,0,2,0,1,0.7,-2,Hyderabad,0.2378,443.6,165.0
Mercedes,EQS,580 4MATIC,99.4,107.8,385,2710,0.2,2.51,0.0094,95,857,15.1,21.9,1,0,2,0,1,2.6,-5,Hyderabad,0.3078,322.9,165.0
Mercedes,EQS,580 4MATIC,95.8,107.8,385,2710,0.2,2.51,0.0094,95,857,16.2,41.6,0,0,0,1,3,3.7,-5,Hyderabad,0.144,665.1,165.0
Mercedes,EQS,580 4MATIC,100.4,107.8,385,2710,0.2,2.51,0.0092,95,857,34.9,28.5,1,0,1,1,2,2.3,-2,Hyderabad,0.2156,465.7,165.0
Mercedes,EQS,580 4MATIC,101.0,107.8,385,2710,0.2,2.51,0.009,95,857,32.4,26.1,0,0,2,1,1,2.1,0,Hyderabad,0.2619,385.6,165.0
Mercedes,EQS,580 4MATIC,99.7,107.8,385,2710,0.2,2.51,0.009,95,857,34.5,38.5,0,0,2,1,1,2.5,0,Hyderabad,0.2705,368.6,165.0
Mercedes,EQS,580 4MATIC,92.9,107.8,385,2710,0.2,2.51,0.0092,95,857,21.3,19.8,1,0,2,0,4,4.6,-2,Hyderabad,0.311,298.7,165.0
Mercedes,EQS,580 4MATIC,98.4,107.8,385,2710,0.2,2.51,0.0092,95,857,21.1,41.3,1,0,2,0,4,2.9,-2,Hyderabad,0.6185,159.1,165.0
Mercedes,EQS,580 4MATIC,96.8,107.8,385,2710,0.2,2.51,0.009,95,857,34.5,39.5,0,0,1,1,2,3.4,0,Hyderabad,0.1689,573.1,165.0
Mercedes,EQS,580 4MATIC,93.9,107.8,385,2710,0.2,2.51,0.0094,95,857,29.4,19.7,0,0,2,0,3,4.3,-5,Hyderabad,0.2578,364.2,165.0
Mercedes,EQS,580 4MATIC,99.1,107.8,385,2710,0.2,2.51,0.009,95,857,22.8,32.4,1,0,2,1,2,2.7,0,Kolkata,0.4579,216.4,165.0
Mercedes,EQS,580 4MATIC,92.6,107.8,385,2710,0.2,2.51,0.0092,95,857,21.4,17.1,0,0,1,1,2,4.7,-2,Kolkata,0.1682,550.5,165.0
Mercedes,EQS,580 4MATIC,94.9,107.8,385,2710,0.2,2.51,0.009,95,857,27.7,36.2,1,0,1,1,2,4.0,0,Kolkata,0.3099,306.2,165.0
Mercedes,EQS,580 4MATIC,99.4,107.8,385,2710,0.2,2.51,0.009,95,857,14.1,20.8,0,0,1,1,5,2.6,0,Kolkata,0.1895,524.6,165.0
Mercedes,EQS,580 4MATIC,100.7,107.8,385,2710,0.2,2.51,0.009,95,857,12.2,26.4,1,0,0,1,2,2.2,0,Kolkata,0.2315,435.0,165.0
Mercedes,EQS,580 4MATIC,100.7,107.8,385,2710,0.2,2.51,0.0094,95,857,15.4,39.7,1,0,1,1,2,2.2,-5,Kolkata,0.4064,247.8,165.0
Mercedes,EQS,580 4MATIC,95.5,107.8,385,2710,0.2,2.51,0.0097,95,857,16.9,27.3,0,0,0,0,1,3.8,-8,Kolkata,0.1239,771.0,165.0
Mercedes,EQS,580 4MATIC,92.0,107.8,385,2710,0.2,2.51,0.009,95,857,14.4,16.8,0,0,2,0,1,4.9,0,Kolkata,0.2609,352.6,165.0
Mercedes,EQS,580 4MATIC,98.4,107.8,385,2710,0.2,2.51,0.0092,95,857,22.3,15.3,0,0,1,2,5,2.9,2,Kolkata,0.2071,475.1,165.0
Mercedes,EQS,580 4MATIC,105.5,107.8,385,2710,0.2,2.51,0.009,95,857,21.6,37.3,1,0,2,0,1,0.7,0,Kolkata,0.5097,207.0,165.0
Mercedes,EQS,580 4MATIC,95.5,107.8,385,2710,0.2,2.51,0.009,95,857,20.7,40.9,1,0,2,1,1,3.8,0,Kolkata,0.7318,130.5,165.0
Mercedes,EQS,580 4MATIC,106.8,107.8,385,2710,0.2,2.51,0.009,95,857,22.0,19.4,0,0,2,1,1,0.3,0,Kolkata,0.2668,400.3,165.0
Mercedes,EQS,580 4MATIC,94.2,107.8,385,2710,0.2,2.51,0.0097,95,857,75.4,18.2,0,0,0,1,2,4.2,-8,Highway_NH,0.1755,536.8,165.0
Mercedes,EQS,580 4MATIC,97.1,107.8,385,2710,0.2,2.51,0.009,95,857,91.0,19.5,0,0,0,2,5,3.3,0,Highway_NH,0.23,422.2,165.0
Mercedes,EQS,580 4MATIC,97.8,107.8,385,2710,0.2,2.51,0.0094,95,857,84.2,42.8,1,0,1,2,1,3.1,-5,Highway_NH,0.376,260.1,165.0
Mercedes,EQS,580 4MATIC,102.0,107.8,385,2710,0.2,2.51,0.009,95,857,80.0,31.4,0,0,2,0,4,1.8,0,Highway_NH,0.3482,292.9,165.0
Mercedes,EQS,580 4MATIC,100.4,107.8,385,2710,0.2,2.51,0.009,95,857,76.4,44.0,1,0,2,2,3,2.3,0,Highway_NH,0.5763,174.2,165.0
Mercedes,EQS,580 4MATIC,96.2,107.8,385,2710,0.2,2.51,0.0097,95,857,88.5,29.4,1,0,1,2,3,3.6,-8,Highway_NH,0.3146,305.8,165.0
Mercedes,EQS,580 4MATIC,105.2,107.8,385,2710,0.2,2.51,0.009,95,857,93.7,38.6,1,0,2,2,3,0.8,0,Highway_NH,0.588,178.9,165.0
Mercedes,EQS,580 4MATIC,103.6,107.8,385,2710,0.2,2.51,0.009,95,857,92.4,27.6,0,0,0,1,4,1.3,0,Highway_NH,0.1981,522.9,165.0
Mercedes,EQS,580 4MATIC,104.2,107.8,385,2710,0.2,2.51,0.009,95,857,82.8,18.9,0,0,2,1,1,1.1,0,Highway_NH,0.3453,301.8,165.0
Mercedes,EQS,580 4MATIC,103.9,107.8,385,2710,0.2,2.51,0.0092,95,857,108.6,21.0,0,0,1,2,3,1.2,-2,Expressway,0.3428,303.1,165.0
Mercedes,EQS,580 4MATIC,105.9,107.8,385,2710,0.2,2.51,0.009,95,857,113.4,15.5,0,0,0,1,3,0.6,0,Expressway,0.2468,429.1,165.0
Mercedes,EQS,580 4MATIC,100.0,107.8,385,2710,0.2,2.51,0.0092,95,857,90.3,17.9,0,0,1,1,4,2.4,2,Expressway,0.2725,367.0,165.0
Mercedes,EQS,580 4MATIC,104.6,107.8,385,2710,0.2,2.51,0.0092,95,857,93.2,29.5,0,0,0,1,2,1.0,2,Expressway,0.1974,529.8,165.0
Mercedes,EQS,580 4MATIC,92.9,107.8,385,2710,0.2,2.51,0.0092,95,857,118.2,19.1,0,0,0,1,3,4.6,-2,Expressway,0.2575,360.8,165.0
Mercedes,EQS,580 4MATIC,95.5,107.8,385,2710,0.2,2.51,0.0097,95,857,93.9,39.5,1,0,0,0,3,3.8,-8,Expressway,0.2027,471.1,165.0
Mercedes,EQS,580 4MATIC,99.7,107.8,385,2710,0.2,2.51,0.0097,95,857,103.8,39.5,1,0,1,0,1,2.5,-8,Expressway,0.2828,352.6,165.0
Mercedes,EQS,580 4MATIC,96.2,107.8,385,2710,0.2,2.51,0.0092,95,857,117.5,16.8,0,0,1,0,1,3.6,-2,Expressway,0.2733,352.0,165.0
Mercedes,EQS,580 4MATIC,97.5,107.8,385,2710,0.2,2.51,0.0092,95,857,119.4,16.0,0,0,0,1,1,3.2,-2,Expressway,0.2546,383.0,165.0
Mercedes,EQS,580 4MATIC,93.9,107.8,385,2710,0.2,2.51,0.0092,95,857,88.0,42.6,1,0,1,0,3,4.3,-2,Expressway,0.2883,325.7,165.0
Mercedes,EQS,580 4MATIC,105.2,107.8,385,2710,0.2,2.51,0.0097,95,857,110.9,27.4,0,0,0,0,2,0.8,-8,Expressway,0.2065,509.5,165.0
Mercedes,EQS,580 4MATIC,98.1,107.8,385,2710,0.2,2.51,0.009,95,857,27.2,18.8,1,2,0,2,1,3.0,0,Hill_Station,1.1022,89.0,165.0
Mercedes,EQS,580 4MATIC,94.2,107.8,385,2710,0.2,2.51,0.009,95,857,30.8,12.5,0,2,1,1,1,4.2,0,Hill_Station,1.0992,85.7,165.0
Mercedes,EQS,580 4MATIC,102.0,107.8,385,2710,0.2,2.51,0.0097,95,857,26.7,19.6,0,2,1,1,2,1.8,-8,Hill_Station,1.1902,85.7,165.0
Mercedes,EQS,580 4MATIC,93.9,107.8,385,2710,0.2,2.51,0.0092,95,857,24.1,24.9,0,2,0,1,1,4.3,-2,Hill_Station,0.9791,95.9,165.0
Mercedes,EQS,580 4MATIC,107.2,107.8,385,2710,0.2,2.51,0.009,95,857,21.9,14.1,1,2,2,0,3,0.2,0,Hill_Station,1.2509,85.7,165.0
Mercedes,EQS,580 4MATIC,99.1,107.8,385,2710,0.2,2.51,0.0092,95,857,25.0,15.5,0,2,1,1,5,2.7,-2,Hill_Station,1.1564,85.7,165.0
Mercedes,EQS,580 4MATIC,98.7,107.8,385,2710,0.2,2.51,0.009,95,857,28.2,22.6,1,2,1,1,5,2.8,0,Hill_Station,1.1517,85.7,165.0
Mercedes,EQS,580 4MATIC,97.1,107.8,385,2710,0.2,2.51,0.0092,95,857,23.3,15.1,1,2,1,1,2,3.3,-2,Hill_Station,1.133,85.7,165.0
Mercedes,EQS,580 4MATIC,104.2,107.8,385,2710,0.2,2.51,0.009,95,857,36.1,13.2,0,0,0,1,2,1.1,0,Rural_Road,0.137,760.7,165.0
Mercedes,EQS,580 4MATIC,95.5,107.8,385,2710,0.2,2.51,0.0094,95,857,57.7,10.2,1,0,0,0,2,3.8,-5,Rural_Road,0.1526,625.8,165.0
Mercedes,EQS,580 4MATIC,102.3,107.8,385,2710,0.2,2.51,0.0097,95,857,36.5,22.4,0,0,2,1,1,1.7,-8,Rural_Road,0.3037,336.9,165.0
Mercedes,EQS,580 4MATIC,92.0,107.8,385,2710,0.2,2.51,0.0094,95,857,40.4,28.6,1,0,0,0,1,4.9,-5,Rural_Road,0.1387,663.5,165.0
Mercedes,EQS,580 4MATIC,93.9,107.8,385,2710,0.2,2.51,0.0092,95,857,45.5,42.6,1,0,1,1,4,4.3,-2,Rural_Road,0.3167,296.5,165.0
Mercedes,EQS,580 4MATIC,105.5,107.8,385,2710,0.2,2.51,0.0097,95,857,31.4,34.8,0,0,1,1,4,0.7,-8,Rural_Road,0.1819,580.0,165.0
Mercedes,EQS,580 4MATIC,92.3,107.8,385,2710,0.2,2.51,0.009,95,857,38.6,32.5,0,0,1,1,1,4.8,0,Rural_Road,0.1575,586.2,165.0
Mercedes,EQS,580 4MATIC,105.2,107.8,385,2710,0.2,2.51,0.009,95,857,54.9,31.5,1,0,0,1,3,0.8,0,Rural_Road,0.1677,627.3,165.0
Mercedes,EQS,580 4MATIC,99.7,107.8,385,2710,0.2,2.51,0.009,95,857,37.7,37.1,0,0,0,1,3,2.5,0,Rural_Road,0.1433,695.7,165.0
Mercedes,EQS,580 4MATIC,104.9,107.8,385,2710,0.2,2.51,0.0092,95,857,27.8,26.6,0,2,2,1,2,0.9,-2,Ghat_Road,1.224,85.7,165.0
Mercedes,EQS,580 4MATIC,101.7,107.8,385,2710,0.2,2.51,0.0094,95,857,20.4,20.2,0,2,0,1,2,1.9,-5,Ghat_Road,1.0683,95.2,165.0
Mercedes,EQS,580 4MATIC,107.5,107.8,385,2710,0.2,2.51,0.009,95,857,20.2,21.3,0,2,1,1,2,0.1,0,Ghat_Road,1.2544,85.7,165.0
Mercedes,EQS,580 4MATIC,94.5,107.8,385,2710,0.2,2.51,0.0092,95,857,20.1,11.3,0,2,2,0,2,4.1,-2,Ghat_Road,1.1027,85.7,165.0
Mercedes,EQS,580 4MATIC,105.2,107.8,385,2710,0.2,2.51,0.009,95,857,17.5,20.6,0,2,0,1,1,0.8,0,Ghat_Road,0.9172,114.7,165.0
Mercedes,EQS,580 4MATIC,106.5,107.8,385,2710,0.2,2.51,0.0097,95,857,26.2,31.4,0,2,1,1,1,0.4,-8,Ghat_Road,1.2398,85.9,165.0
Mercedes,EQS,580 4MATIC,100.7,107.8,385,2710,0.2,2.51,0.0097,95,857,32.0,19.1,0,2,2,1,1,2.2,-8,Ghat_Road,1.175,85.7,165.0
Mercedes,EQS,580 4MATIC,92.0,107.8,385,2710,0.2,2.51,0.0097,95,857,18.3,17.6,0,2,2,0,2,4.9,-8,Ghat_Road,1.0735,85.7,165.0
Mercedes,EQS SUV,580 4MATIC,97.1,107.8,400,2880,0.26,2.85,0.011,94,660,17.2,35.9,0,0,2,2,2,3.3,0,Delhi,0.4218,230.2,175.0
Mercedes,EQS SUV,580 4MATIC,96.5,107.8,400,2880,0.26,2.85,0.0112,94,660,16.5,10.5,0,0,2,1,2,3.5,2,Delhi,0.3993,241.7,175.0
Mercedes,EQS SUV,580 4MATIC,95.5,107.8,400,2880,0.26,2.85,0.0112,94,660,30.3,26.1,0,0,2,1,1,3.8,-2,Delhi,0.4159,229.6,175.0
Mercedes,EQS SUV,580 4MATIC,93.6,107.8,400,2880,0.26,2.85,0.0112,94,660,24.2,35.9,1,0,2,1,2,4.4,-2,Delhi,0.5857,159.8,175.0
Mercedes,EQS SUV,580 4MATIC,104.9,107.8,400,2880,0.26,2.85,0.011,94,660,23.3,43.8,1,0,2,1,3,0.9,0,Delhi,0.8088,129.7,175.0
Mercedes,EQS SUV,580 4MATIC,100.4,107.8,400,2880,0.26,2.85,0.011,94,660,29.6,17.5,0,0,1,1,2,2.3,0,Delhi,0.2311,434.4,175.0
Mercedes,EQS SUV,580 4MATIC,106.5,107.8,400,2880,0.26,2.85,0.0116,94,660,31.7,16.9,0,0,2,1,2,0.4,-5,Delhi,0.4303,247.5,175.0
Mercedes,EQS SUV,580 4MATIC,97.5,107.8,400,2880,0.26,2.85,0.0112,94,660,26.3,32.3,1,0,2,1,3,3.2,-2,Delhi,0.5649,172.6,175.0
Mercedes,EQS SUV,580 4MATIC,99.4,107.8,400,2880,0.26,2.85,0.0112,94,660,19.9,27.0,0,0,2,2,4,2.6,-2,Delhi,0.4286,231.9,175.0
Mercedes,EQS SUV,580 4MATIC,94.9,107.8,400,2880,0.26,2.85,0.011,94,660,34.9,36.1,1,0,1,1,2,4.0,0,Delhi,0.3352,283.1,175.0
Mercedes,EQS SUV,580 4MATIC,103.3,107.8,400,2880,0.26,2.85,0.0112,94,660,14.1,21.0,0,0,2,1,1,1.4,-2,Mumbai,0.3663,282.0,175.0
Mercedes,EQS SUV,580 4MATIC,92.9,107.8,400,2880,0.26,2.85,0.011,94,660,26.2,26.0,0,0,2,1,4,4.6,0,Mumbai,0.3587,259.0,175.0
Mercedes,EQS SUV,580 4MATIC,105.2,107.8,400,2880,0.26,2.85,0.0116,94,660,23.2,37.3,1,0,2,2,3,0.8,-5,Mumbai,0.6953,151.3,175.0
Mercedes,EQS SUV,580 4MATIC,93.9,107.8,400,2880,0.26,2.85,0.011,94,660,27.6,31.1,1,0,2,0,2,4.3,0,Mumbai,0.456,205.9,175.0
Mercedes,EQS SUV,580 4MATIC,101.7,107.8,400,2880,0.26,2.85,0.0116,94,660,28.5,31.1,0,0,2,0,1,1.9,-5,Mumbai,0.3144,323.5,175.0
Mercedes,EQS SUV,580 4MATIC,101.7,107.8,400,2880,0.26,2.85,0.011,94,660,16.4,37.0,0,0,2,0,1,1.9,0,Mumbai,0.3381,300.8,175.0
Mercedes,EQS SUV,580 4MATIC,103.3,107.8,400,2880,0.26,2.85,0.011,94,660,27.4,19.0,0,0,0,1,1,1.4,0,Mumbai,0.1704,606.2,175.0
Mercedes,EQS SUV,580 4MATIC,98.7,107.8,400,2880,0.26,2.85,0.011,94,660,24.8,36.9,1,0,1,1,2,2.8,0,Mumbai,0.342,288.6,175.0
Mercedes,EQS SUV,580 4MATIC,105.9,107.8,400,2880,0.26,2.85,0.011,94,660,19.8,32.6,1,1,2,0,1,0.6,0,Bangalore,1.1676,90.7,175.0
Mercedes,EQS SUV,580 4MATIC,103.9,107.8,400,2880,0.26,2.85,0.0112,94,660,25.0,21.5,0,1,2,0,4,1.2,-2,Bangalore,1.1077,93.8,175.0
Mercedes,EQS SUV,580 4MATIC,95.2,107.8,400,2880,0.26,2.85,0.0112,94,660,31.4,30.1,0,1,0,1,3,3.9,-2,Bangalore,0.5369,177.3,175.0
Mercedes,EQS SUV,580 4MATIC,96.8,107.8,400,2880,0.26,2.85,0.0112,94,660,18.1,25.6,0,1,2,1,1,3.4,-2,Bangalore,1.1388,85.0,175.0
Mercedes,EQS SUV,580 4MATIC,93.9,107.8,400,2880,0.26,2.85,0.011,94,660,26.3,23.6,0,1,2,1,1,4.3,0,Bangalore,1.0307,91.1,175.0
Mercedes,EQS SUV,580 4MATIC,93.2,107.8,400,2880,0.26,2.85,0.011,94,660,20.0,26.5,0,1,2,2,1,4.5,0,Bangalore,1.2578,74.1,175.0
Mercedes,EQS SUV,580 4MATIC,96.2,107.8,400,2880,0.26,2.85,0.0112,94,660,24.9,17.7,0,1,0,1,2,3.6,-2,Bangalore,0.5277,182.3,175.0
Mercedes,EQS SUV,580 4MATIC,100.4,107.8,400,2880,0.26,2.85,0.011,94,660,22.3,19.4,1,1,1,1,5,2.3,0,Bangalore,0.7151,140.4,175.0
Mercedes,EQS SUV,580 4MATIC,104.6,107.8,400,2880,0.26,2.85,0.011,94,660,23.6,17.7,0,1,0,1,5,1.0,0,Bangalore,0.506,206.7,175.0
Mercedes,EQS SUV,580 4MATIC,92.3,107.8,400,2880,0.26,2.85,0.011,94,660,19.3,16.0,0,1,0,2,2,4.8,0,Bangalore,0.5395,171.1,175.0
Mercedes,EQS SUV,580 4MATIC,97.8,107.8,400,2880,0.26,2.85,0.011,94,660,31.1,32.9,0,1,1,0,2,3.1,0,Bangalore,0.6763,144.6,175.0
Mercedes,EQS SUV,580 4MATIC,101.3,107.8,400,2880,0.26,2.85,0.0112,94,660,33.5,31.3,0,0,0,1,3,2.0,2,Chennai,0.1671,606.4,175.0
Mercedes,EQS SUV,580 4MATIC,105.2,107.8,400,2880,0.26,2.85,0.0116,94,660,18.1,29.0,0,0,1,1,5,0.8,-5,Chennai,0.24,438.4,175.0
Mercedes,EQS SUV,580 4MATIC,92.0,107.8,400,2880,0.26,2.85,0.011,94,660,15.1,30.1,0,0,1,1,1,4.9,0,Chennai,0.2219,414.6,175.0
Mercedes,EQS SUV,580 4MATIC,95.8,107.8,400,2880,0.26,2.85,0.0119,94,660,26.6,31.7,1,0,0,1,2,3.7,-8,Chennai,0.2423,395.3,175.0
Mercedes,EQS SUV,580 4MATIC,102.6,107.8,400,2880,0.26,2.85,0.0119,94,660,29.0,31.8,0,0,1,1,2,1.6,-8,Chennai,0.2412,425.4,175.0
Mercedes,EQS SUV,580 4MATIC,98.1,107.8,400,2880,0.26,2.85,0.0112,94,660,27.5,22.3,0,0,2,0,3,3.0,-2,Chennai,0.3371,291.0,175.0
Mercedes,EQS SUV,580 4MATIC,96.2,107.8,400,2880,0.26,2.85,0.0112,94,660,34.2,37.9,0,0,1,1,4,3.6,-2,Chennai,0.2276,422.6,175.0
Mercedes,EQS SUV,580 4MATIC,96.5,107.8,400,2880,0.26,2.85,0.0112,94,660,23.2,24.0,0,0,2,1,1,3.5,2,Chennai,0.3517,274.4,175.0
Mercedes,EQS SUV,580 4MATIC,97.5,107.8,400,2880,0.26,2.85,0.011,94,660,32.1,29.3,0,0,2,1,3,3.2,0,Chennai,0.3759,259.4,175.0
Mercedes,EQS SUV,580 4MATIC,100.0,107.8,400,2880,0.26,2.85,0.011,94,660,26.1,22.1,0,0,2,2,2,2.4,0,Chennai,0.3854,259.5,175.0
Mercedes,EQS SUV,580 4MATIC,100.7,107.8,400,2880,0.26,2.85,0.011,94,660,22.5,40.3,1,0,2,1,2,2.2,0,Chennai,0.764,131.8,175.0
Mercedes,EQS SUV,580 4MATIC,92.9,107.8,400,2880,0.26,2.85,0.0119,94,660,32.8,31.9,0,0,1,1,5,4.6,-8,Chennai,0.242,383.9,175.0
Mercedes,EQS SUV,580 4MATIC,102.9,107.8,400,2880,0.26,2.85,0.011,94,660,32.6,21.7,0,1,1,1,1,1.5,0,Pune,0.6846,150.3,175.0
Mercedes,EQS SUV,580 4MATIC,95.5,107.8,400,2880,0.26,2.85,0.011,94,660,22.1,27.9,0,1,2,1,2,3.8,0,Pune,1.0369,92.1,175.0
Mercedes,EQS SUV,580 4MATIC,91.6,107.8,400,2880,0.26,2.85,0.0116,94,660,30.2,17.8,0,1,2,0,2,5.0,-5,Pune,0.916,100.0,175.0
Mercedes,EQS SUV,580 4MATIC,102.3,107.8,400,2880,0.26,2.85,0.011,94,660,18.8,32.1,0,1,2,0,2,1.7,0,Pune,0.9724,105.2,175.0
Mercedes,EQS SUV,580 4MATIC,100.7,107.8,400,2880,0.26,2.85,0.0119,94,660,39.9,16.3,0,1,1,1,3,2.2,-8,Pune,0.7213,139.6,175.0
Mercedes,EQS SUV,580 4MATIC,98.1,107.8,400,2880,0.26,2.85,0.0116,94,660,22.8,25.8,0,1,2,0,2,3.0,-5,Pune,0.9589,102.3,175.0
Mercedes,EQS SUV,580 4MATIC,98.1,107.8,400,2880,0.26,2.85,0.0112,94,660,23.6,16.1,0,1,1,0,5,3.0,2,Pune,0.6742,145.5,175.0
Mercedes,EQS SUV,580 4MATIC,101.0,107.8,400,2880,0.26,2.85,0.0116,94,660,25.8,31.5,0,1,2,1,3,2.1,-5,Pune,1.2169,83.0,175.0
Mercedes,EQS SUV,580 4MATIC,105.9,107.8,400,2880,0.26,2.85,0.0112,94,660,31.1,20.8,0,1,2,2,1,0.6,-2,Pune,1.2089,87.6,175.0
Mercedes,EQS SUV,580 4MATIC,106.2,107.8,400,2880,0.26,2.85,0.0116,94,660,35.1,20.4,0,1,2,1,2,0.5,-5,Pune,1.0422,101.9,175.0
Mercedes,EQS SUV,580 4MATIC,107.8,107.8,400,2880,0.26,2.85,0.0112,94,660,26.7,38.1,0,1,0,1,4,0.0,-2,Pune,0.5287,203.9,175.0
Mercedes,EQS SUV,580 4MATIC,98.1,107.8,400,2880,0.26,2.85,0.011,94,660,18.1,19.2,0,0,2,1,2,3.0,0,Hyderabad,0.3648,268.9,175.0
Mercedes,EQS SUV,580 4MATIC,96.2,107.8,400,2880,0.26,2.85,0.0112,94,660,31.9,23.0,0,0,0,2,3,3.6,-2,Hyderabad,0.1996,481.9,175.0
Mercedes,EQS SUV,580 4MATIC,93.6,107.8,400,2880,0.26,2.85,0.0116,94,660,16.0,26.0,0,0,1,1,4,4.4,-5,Hyderabad,0.2411,388.3,175.0
Mercedes,EQS SUV,580 4MATIC,99.1,107.8,400,2880,0.26,2.85,0.0112,94,660,17.5,24.9,0,0,2,1,4,2.7,-2,Hyderabad,0.4203,235.8,175.0
Mercedes,EQS SUV,580 4MATIC,93.6,107.8,400,2880,0.26,2.85,0.0116,94,660,24.4,22.7,0,0,2,1,2,4.4,-5,Hyderabad,0.3514,266.4,175.0
Mercedes,EQS SUV,580 4MATIC,92.6,107.8,400,2880,0.26,2.85,0.0116,94,660,24.8,25.1,0,0,2,1,1,4.7,-5,Hyderabad,0.37,250.3,175.0
Mercedes,EQS SUV,580 4MATIC,97.8,107.8,400,2880,0.26,2.85,0.0112,94,660,31.4,19.9,1,0,2,1,1,3.1,-2,Hyderabad,0.4002,244.4,175.0
Mercedes,EQS SUV,580 4MATIC,106.2,107.8,400,2880,0.26,2.85,0.0119,94,660,20.9,17.8,0,0,2,2,4,0.5,-8,Hyderabad,0.4472,237.5,175.0
Mercedes,EQS SUV,580 4MATIC,99.4,107.8,400,2880,0.26,2.85,0.0112,94,660,33.3,23.1,0,0,1,1,2,2.6,-2,Hyderabad,0.2276,436.8,175.0
Mercedes,EQS SUV,580 4MATIC,91.6,107.8,400,2880,0.26,2.85,0.0112,94,660,22.9,36.3,1,0,1,0,4,5.0,-2,Hyderabad,0.3174,288.6,175.0
Mercedes,EQS SUV,580 4MATIC,96.5,107.8,400,2880,0.26,2.85,0.011,94,660,22.7,15.2,0,0,2,0,3,3.5,0,Kolkata,0.3586,269.1,175.0
Mercedes,EQS SUV,580 4MATIC,102.9,107.8,400,2880,0.26,2.85,0.011,94,660,22.8,26.6,0,0,2,1,3,1.5,0,Kolkata,0.381,270.1,175.0
Mercedes,EQS SUV,580 4MATIC,105.2,107.8,400,2880,0.26,2.85,0.0116,94,660,14.7,24.4,0,0,1,1,4,0.8,-5,Kolkata,0.2558,411.2,175.0
Mercedes,EQS SUV,580 4MATIC,96.2,107.8,400,2880,0.26,2.85,0.0112,94,660,25.7,21.9,0,0,2,1,3,3.6,2,Kolkata,0.3683,261.2,175.0
Mercedes,EQS SUV,580 4MATIC,101.7,107.8,400,2880,0.26,2.85,0.0112,94,660,18.1,20.5,0,0,1,1,2,1.9,-2,Kolkata,0.2168,469.0,175.0
Mercedes,EQS SUV,580 4MATIC,104.9,107.8,400,2880,0.26,2.85,0.0116,94,660,23.6,19.4,0,0,1,0,1,0.9,-5,Kolkata,0.1954,536.9,175.0
Mercedes,EQS SUV,580 4MATIC,102.3,107.8,400,2880,0.26,2.85,0.011,94,660,23.1,38.7,0,0,2,0,1,1.7,0,Kolkata,0.297,344.4,175.0
Mercedes,EQS SUV,580 4MATIC,106.5,107.8,400,2880,0.26,2.85,0.0116,94,660,12.6,29.5,1,0,0,1,2,0.4,-5,Kolkata,0.2538,419.6,175.0
Mercedes,EQS SUV,580 4MATIC,106.8,107.8,400,2880,0.26,2.85,0.0112,94,660,22.9,22.2,0,0,2,2,2,0.3,-2,Kolkata,0.4315,247.5,175.0
Mercedes,EQS SUV,580 4MATIC,104.2,107.8,400,2880,0.26,2.85,0.0116,94,660,97.8,31.5,1,0,1,1,4,1.1,-5,Highway_NH,0.3911,266.4,175.0
Mercedes,EQS SUV,580 4MATIC,104.2,107.8,400,2880,0.26,2.85,0.0112,94,660,93.1,15.8,0,0,0,1,1,1.1,-2,Highway_NH,0.2677,389.3,175.0
Mercedes,EQS SUV,580 4MATIC,101.7,107.8,400,2880,0.26,2.85,0.0112,94,660,73.8,43.5,1,0,1,1,2,1.9,-2,Highway_NH,0.3721,273.3,175.0
Mercedes,EQS SUV,580 4MATIC,99.1,107.8,400,2880,0.26,2.85,0.0116,94,660,84.0,40.3,0,0,2,2,2,2.7,-5,Highway_NH,0.7013,141.3,175.0
Mercedes,EQS SUV,580 4MATIC,98.4,107.8,400,2880,0.26,2.85,0.0112,94,660,98.2,16.1,1,0,2,1,2,2.9,-2,Highway_NH,0.5885,167.2,175.0
Mercedes,EQS SUV,580 4MATIC,96.8,107.8,400,2880,0.26,2.85,0.0112,94,660,84.8,44.3,1,0,1,2,2,3.4,-2,Highway_NH,0.4852,199.5,175.0
Mercedes,EQS SUV,580 4MATIC,106.8,107.8,400,2880,0.26,2.85,0.0112,94,660,95.9,43.0,0,0,0,2,2,0.3,-2,Highway_NH,0.3412,313.0,175.0
Mercedes,EQS SUV,580 4MATIC,92.6,107.8,400,2880,0.26,2.85,0.011,94,660,88.8,20.9,0,0,1,1,2,4.7,0,Highway_NH,0.3397,272.6,175.0
Mercedes,EQS SUV,580 4MATIC,106.5,107.8,400,2880,0.26,2.85,0.011,94,660,86.6,26.9,0,0,0,0,1,0.4,0,Expressway,0.219,486.2,175.0
Mercedes,EQS SUV,580 4MATIC,92.9,107.8,400,2880,0.26,2.85,0.0112,94,660,93.5,37.3,0,0,1,0,1,4.6,-2,Expressway,0.3261,284.9,175.0
Mercedes,EQS SUV,580 4MATIC,103.9,107.8,400,2880,0.26,2.85,0.0112,94,660,114.9,40.0,1,0,0,1,2,1.2,-2,Expressway,0.3625,286.6,175.0
Mercedes,EQS SUV,580 4MATIC,96.5,107.8,400,2880,0.26,2.85,0.0116,94,660,110.6,29.9,1,0,0,1,3,3.5,-5,Expressway,0.3427,281.6,175.0
Mercedes,EQS SUV,580 4MATIC,100.7,107.8,400,2880,0.26,2.85,0.0112,94,660,89.0,44.6,1,0,0,1,2,2.2,-2,Expressway,0.3083,326.6,175.0
Mercedes,EQS SUV,580 4MATIC,101.3,107.8,400,2880,0.26,2.85,0.011,94,660,87.5,25.7,0,0,1,1,2,2.0,0,Expressway,0.3419,296.3,175.0
Mercedes,EQS SUV,580 4MATIC,103.6,107.8,400,2880,0.26,2.85,0.011,94,660,103.6,22.3,0,0,0,1,1,1.3,0,Expressway,0.2891,358.4,175.0
Mercedes,EQS SUV,580 4MATIC,99.1,107.8,400,2880,0.26,2.85,0.011,94,660,87.1,39.4,1,0,0,1,3,2.7,0,Expressway,0.3107,319.0,175.0
Mercedes,EQS SUV,580 4MATIC,104.6,107.8,400,2880,0.26,2.85,0.0112,94,660,112.3,44.0,1,0,1,2,2,1.0,2,Expressway,0.69,151.6,175.0
Mercedes,EQS SUV,580 4MATIC,92.9,107.8,400,2880,0.26,2.85,0.0119,94,660,104.9,42.4,1,0,0,1,2,4.6,-8,Expressway,0.3637,255.4,175.0
Mercedes,EQS SUV,580 4MATIC,100.7,107.8,400,2880,0.26,2.85,0.0119,94,660,92.9,16.0,0,0,0,1,3,2.2,-8,Expressway,0.2719,370.3,175.0
Mercedes,EQS SUV,580 4MATIC,100.4,107.8,400,2880,0.26,2.85,0.0116,94,660,28.3,17.7,0,2,1,0,1,2.3,-5,Hill_Station,1.309,76.7,175.0
Mercedes,EQS SUV,580 4MATIC,101.3,107.8,400,2880,0.26,2.85,0.0112,94,660,26.9,6.3,0,2,1,0,1,2.0,-2,Hill_Station,1.4228,71.2,175.0
Mercedes,EQS SUV,580 4MATIC,92.0,107.8,400,2880,0.26,2.85,0.0112,94,660,24.4,19.6,0,2,2,1,3,4.9,-2,Hill_Station,1.3939,66.0,175.0
Mercedes,EQS SUV,580 4MATIC,99.7,107.8,400,2880,0.26,2.85,0.0119,94,660,38.6,20.3,0,2,0,1,3,2.5,-8,Hill_Station,1.0732,92.9,175.0
Mercedes,EQS SUV,580 4MATIC,101.0,107.8,400,2880,0.26,2.85,0.011,94,660,31.4,12.6,0,2,0,1,3,2.1,0,Hill_Station,1.1111,90.9,175.0
Mercedes,EQS SUV,580 4MATIC,102.9,107.8,400,2880,0.26,2.85,0.0112,94,660,37.6,20.0,0,2,1,1,2,1.5,2,Hill_Station,1.4331,71.8,175.0
Mercedes,EQS SUV,580 4MATIC,98.7,107.8,400,2880,0.26,2.85,0.011,94,660,28.1,24.9,0,2,1,1,2,2.8,0,Hill_Station,1.4161,69.7,175.0
Mercedes,EQS SUV,580 4MATIC,95.8,107.8,400,2880,0.26,2.85,0.0112,94,660,28.9,26.6,0,2,1,1,1,3.7,-2,Hill_Station,1.4515,66.0,175.0
Mercedes,EQS SUV,580 4MATIC,99.4,107.8,400,2880,0.26,2.85,0.0119,94,660,42.8,29.6,0,0,0,0,3,2.6,-8,Rural_Road,0.1754,566.8,175.0
Mercedes,EQS SUV,580 4MATIC,92.9,107.8,400,2880,0.26,2.85,0.0119,94,660,34.0,15.6,0,0,2,1,1,4.6,-8,Rural_Road,0.3828,242.7,175.0
Mercedes,EQS SUV,580 4MATIC,106.2,107.8,400,2880,0.26,2.85,0.011,94,660,48.8,23.6,0,0,1,1,1,0.5,0,Rural_Road,0.2259,470.1,175.0
Mercedes,EQS SUV,580 4MATIC,105.9,107.8,400,2880,0.26,2.85,0.011,94,660,34.7,29.3,0,0,1,1,3,0.6,0,Rural_Road,0.2405,440.3,175.0
Mercedes,EQS SUV,580 4MATIC,97.8,107.8,400,2880,0.26,2.85,0.0119,94,660,59.4,39.7,1,0,0,1,3,3.1,-8,Rural_Road,0.2337,418.4,175.0
Mercedes,EQS SUV,580 4MATIC,101.0,107.8,400,2880,0.26,2.85,0.0116,94,660,53.1,34.5,0,0,0,1,1,2.1,-5,Rural_Road,0.1963,514.4,175.0
Mercedes,EQS SUV,580 4MATIC,92.3,107.8,400,2880,0.26,2.85,0.011,94,660,30.4,42.8,1,0,0,1,3,4.8,0,Rural_Road,0.3369,274.0,175.0
Mercedes,EQS SUV,580 4MATIC,99.1,107.8,400,2880,0.26,2.85,0.011,94,660,44.1,43.4,1,0,1,1,3,2.7,0,Rural_Road,0.3645,271.9,175.0
Mercedes,EQS SUV,580 4MATIC,106.2,107.8,400,2880,0.26,2.85,0.011,94,660,38.5,27.2,1,0,0,1,3,0.5,0,Rural_Road,0.2023,525.0,175.0
Mercedes,EQS SUV,580 4MATIC,98.1,107.8,400,2880,0.26,2.85,0.011,94,660,18.9,29.8,0,2,1,0,2,3.0,0,Ghat_Road,1.1891,82.5,175.0
Mercedes,EQS SUV,580 4MATIC,106.8,107.8,400,2880,0.26,2.85,0.0112,94,660,18.2,30.8,0,2,2,0,4,0.3,2,Ghat_Road,1.6182,66.0,175.0
Mercedes,EQS SUV,580 4MATIC,93.2,107.8,400,2880,0.26,2.85,0.0112,94,660,18.1,14.6,0,2,0,1,2,4.5,2,Ghat_Road,1.1679,79.8,175.0
Mercedes,EQS SUV,580 4MATIC,107.5,107.8,400,2880,0.26,2.85,0.0116,94,660,19.6,22.8,0,2,1,1,2,0.1,-5,Ghat_Road,1.5184,70.8,175.0
Mercedes,EQS SUV,580 4MATIC,98.4,107.8,400,2880,0.26,2.85,0.011,94,660,22.0,18.9,0,2,1,2,2,2.9,0,Ghat_Road,1.4909,66.0,175.0
Mercedes,EQS SUV,580 4MATIC,98.4,107.8,400,2880,0.26,2.85,0.0116,94,660,24.8,16.3,0,2,1,0,1,2.9,-5,Ghat_Road,1.4492,67.9,175.0
Mercedes,EQS SUV,580 4MATIC,107.5,107.8,400,2880,0.26,2.85,0.011,94,660,22.2,19.7,0,2,1,1,2,0.1,0,Ghat_Road,1.4766,72.8,175.0
Mercedes,EQS SUV,580 4MATIC,92.6,107.8,400,2880,0.26,2.85,0.0119,94,660,32.7,12.8,0,2,1,1,2,4.7,-8,Ghat_Road,1.403,66.0,175.0
Mercedes,EQS SUV,580 4MATIC,104.6,107.8,400,2880,0.26,2.85,0.0116,94,660,29.8,23.1,0,2,1,0,1,1.0,-5,Ghat_Road,1.1927,87.7,175.0
Mercedes,EQS SUV,580 4MATIC,101.7,107.8,400,2880,0.26,2.85,0.0119,94,660,19.2,16.0,0,2,0,0,3,1.9,-8,Ghat_Road,0.933,109.0,175.0
Mercedes,EQS SUV,580 4MATIC,102.0,107.8,400,2880,0.26,2.85,0.011,94,660,16.3,32.1,0,2,0,1,2,1.8,0,Ghat_Road,0.9453,107.9,175.0
Mercedes,EQS SUV,580 4MATIC,102.3,107.8,400,2880,0.26,2.85,0.0116,94,660,28.0,32.8,0,2,0,0,1,1.7,-5,Ghat_Road,0.8927,114.6,175.0
Mercedes,EQB,350 4MATIC,59.9,66.5,215,2175,0.28,2.55,0.0112,92,423,21.7,13.3,0,0,1,1,1,3.3,-2,Delhi,0.1513,395.8,65.0
Mercedes,EQB,350 4MATIC,59.1,66.5,215,2175,0.28,2.55,0.011,92,423,17.4,47.0,1,0,2,0,2,3.7,0,Delhi,0.5597,105.6,65.0
Mercedes,EQB,350 4MATIC,57.3,66.5,215,2175,0.28,2.55,0.0112,92,423,23.1,25.7,1,0,2,1,1,4.6,-2,Delhi,0.3203,178.9,65.0
Mercedes,EQB,350 4MATIC,58.9,66.5,215,2175,0.28,2.55,0.0112,92,423,34.5,30.3,1,0,2,2,2,3.8,-2,Delhi,0.3761,156.6,65.0
Mercedes,EQB,350 4MATIC,59.7,66.5,215,2175,0.28,2.55,0.011,92,423,31.8,32.1,0,0,2,2,3,3.4,0,Delhi,0.2787,214.2,65.0
Mercedes,EQB,350 4MATIC,66.1,66.5,215,2175,0.28,2.55,0.0112,92,423,26.6,39.5,1,0,1,1,5,0.2,2,Delhi,0.2531,261.2,65.0
Mercedes,EQB,350 4MATIC,58.9,66.5,215,2175,0.28,2.55,0.011,92,423,27.7,30.4,0,0,2,0,3,3.8,0,Delhi,0.2223,265.0,65.0
Mercedes,EQB,350 4MATIC,59.1,66.5,215,2175,0.28,2.55,0.0116,92,423,24.6,15.9,0,0,2,2,1,3.7,-5,Delhi,0.2567,230.2,65.0
Mercedes,EQB,350 4MATIC,61.7,66.5,215,2175,0.28,2.55,0.0116,92,423,33.6,17.1,0,0,2,2,2,2.4,-5,Delhi,0.2585,238.7,65.0
Mercedes,EQB,350 4MATIC,63.1,66.5,215,2175,0.28,2.55,0.0116,92,423,21.8,35.5,1,0,1,1,2,1.7,-5,Delhi,0.2701,233.6,65.0
Mercedes,EQB,350 4MATIC,63.7,66.5,215,2175,0.28,2.55,0.0116,92,423,19.4,16.3,0,0,2,0,2,1.4,-5,Delhi,0.2494,255.4,65.0
Mercedes,EQB,350 4MATIC,64.5,66.5,215,2175,0.28,2.55,0.011,92,423,15.4,24.1,0,0,0,0,2,1.0,0,Mumbai,0.1605,401.85,65.0
Mercedes,EQB,350 4MATIC,62.3,66.5,215,2175,0.28,2.55,0.0112,92,423,20.0,20.2,0,0,2,1,1,2.1,-2,Mumbai,0.223,279.4,65.0
Mercedes,EQB,350 4MATIC,66.1,66.5,215,2175,0.28,2.55,0.011,92,423,29.7,35.7,0,0,2,2,2,0.2,0,Mumbai,0.2663,248.2,65.0
Mercedes,EQB,350 4MATIC,64.1,66.5,215,2175,0.28,2.55,0.011,92,423,26.3,21.5,1,0,2,1,1,1.2,0,Mumbai,0.2413,265.6,65.0
Mercedes,EQB,350 4MATIC,58.3,66.5,215,2175,0.28,2.55,0.011,92,423,12.9,30.1,1,0,1,1,3,4.1,0,Mumbai,0.2833,205.8,65.0
Mercedes,EQB,350 4MATIC,57.9,66.5,215,2175,0.28,2.55,0.011,92,423,26.2,28.3,0,0,2,1,1,4.3,0,Mumbai,0.2487,232.8,65.0
Mercedes,EQB,350 4MATIC,58.9,66.5,215,2175,0.28,2.55,0.0112,92,423,25.5,24.5,1,0,1,0,2,3.8,-2,Mumbai,0.1466,401.85,65.0
Mercedes,EQB,350 4MATIC,65.5,66.5,215,2175,0.28,2.55,0.0112,92,423,13.4,21.8,1,0,1,0,4,0.5,-2,Mumbai,0.1647,397.8,65.0
Mercedes,EQB,350 4MATIC,65.1,66.5,215,2175,0.28,2.55,0.0112,92,423,25.9,23.7,0,0,2,1,4,0.7,-2,Mumbai,0.2344,277.7,65.0
Mercedes,EQB,350 4MATIC,60.1,66.5,215,2175,0.28,2.55,0.011,92,423,25.0,30.9,1,0,2,1,3,3.2,0,Mumbai,0.3821,157.3,65.0
Mercedes,EQB,350 4MATIC,59.1,66.5,215,2175,0.28,2.55,0.011,92,423,15.3,35.4,1,0,1,0,3,3.7,0,Mumbai,0.3069,192.6,65.0
Mercedes,EQB,350 4MATIC,66.5,66.5,215,2175,0.28,2.55,0.0119,92,423,24.1,23.6,0,1,2,0,2,0.0,-8,Bangalore,0.6584,101.0,65.0
Mercedes,EQB,350 4MATIC,63.3,66.5,215,2175,0.28,2.55,0.011,92,423,29.4,37.0,0,1,1,0,1,1.6,0,Bangalore,0.3717,170.3,65.0
Mercedes,EQB,350 4MATIC,64.7,66.5,215,2175,0.28,2.55,0.0116,92,423,21.0,16.6,0,1,0,1,3,0.9,-5,Bangalore,0.3147,205.6,65.0
Mercedes,EQB,350 4MATIC,57.7,66.5,215,2175,0.28,2.55,0.011,92,423,27.2,16.8,0,1,0,1,1,4.4,0,Bangalore,0.2837,203.4,65.0
Mercedes,EQB,350 4MATIC,60.1,66.5,215,2175,0.28,2.55,0.0119,92,423,33.1,29.7,0,1,2,0,1,3.2,-8,Bangalore,0.6196,97.0,65.0
Mercedes,EQB,350 4MATIC,65.5,66.5,215,2175,0.28,2.55,0.011,92,423,26.4,28.5,0,1,2,1,1,0.5,0,Bangalore,0.6746,97.1,65.0
Mercedes,EQB,350 4MATIC,58.3,66.5,215,2175,0.28,2.55,0.0116,92,423,18.3,23.0,0,1,1,0,2,4.1,-5,Bangalore,0.3805,153.2,65.0
Mercedes,EQB,350 4MATIC,66.1,66.5,215,2175,0.28,2.55,0.011,92,423,24.3,15.2,0,1,0,0,2,0.2,0,Bangalore,0.2774,238.3,65.0
Mercedes,EQB,350 4MATIC,60.7,66.5,215,2175,0.28,2.55,0.0116,92,423,24.2,37.0,1,1,2,1,3,2.9,-5,Bangalore,0.8966,67.7,65.0
Mercedes,EQB,350 4MATIC,58.9,66.5,215,2175,0.28,2.55,0.011,92,423,26.9,35.7,1,0,2,1,3,3.8,0,Chennai,0.3961,148.7,65.0
Mercedes,EQB,350 4MATIC,60.3,66.5,215,2175,0.28,2.55,0.0112,92,423,33.5,31.2,0,0,2,2,3,3.1,-2,Chennai,0.2732,220.7,65.0
Mercedes,EQB,350 4MATIC,56.9,66.5,215,2175,0.28,2.55,0.0112,92,423,35.0,24.9,1,0,2,1,1,4.8,-2,Chennai,0.2829,201.1,65.0
Mercedes,EQB,350 4MATIC,61.9,66.5,215,2175,0.28,2.55,0.011,92,423,33.1,37.0,1,0,2,2,3,2.3,0,Chennai,0.4375,141.5,65.0
Mercedes,EQB,350 4MATIC,59.1,66.5,215,2175,0.28,2.55,0.0116,92,423,29.7,39.2,0,0,2,2,4,3.7,-5,Chennai,0.2804,210.8,65.0
Mercedes,EQB,350 4MATIC,57.5,66.5,215,2175,0.28,2.55,0.0116,92,423,28.2,40.8,1,0,2,0,2,4.5,-5,Chennai,0.4272,134.6,65.0
Mercedes,EQB,350 4MATIC,62.3,66.5,215,2175,0.28,2.55,0.011,92,423,20.4,23.9,0,0,1,0,3,2.1,0,Chennai,0.155,401.85,65.0
Mercedes,EQB,350 4MATIC,59.3,66.5,215,2175,0.28,2.55,0.0112,92,423,33.1,31.9,0,0,2,1,1,3.6,-2,Chennai,0.2363,250.9,65.0
Mercedes,EQB,350 4MATIC,57.1,66.5,215,2175,0.28,2.55,0.0116,92,423,26.9,35.4,0,0,1,1,4,4.7,-5,Chennai,0.1478,386.3,65.0
Mercedes,EQB,350 4MATIC,62.9,66.5,215,2175,0.28,2.55,0.0112,92,423,26.4,13.1,0,1,1,1,3,1.8,-2,Pune,0.4887,128.7,65.0
Mercedes,EQB,350 4MATIC,60.7,66.5,215,2175,0.28,2.55,0.0116,92,423,38.1,39.6,0,1,2,1,1,2.9,-5,Pune,0.631,96.2,65.0
Mercedes,EQB,350 4MATIC,63.3,66.5,215,2175,0.28,2.55,0.0116,92,423,23.5,20.1,0,1,0,2,4,1.6,-5,Pune,0.3678,172.1,65.0
Mercedes,EQB,350 4MATIC,57.9,66.5,215,2175,0.28,2.55,0.0112,92,423,27.6,33.5,1,1,2,2,1,4.3,2,Pune,0.943,61.4,65.0
Mercedes,EQB,350 4MATIC,60.7,66.5,215,2175,0.28,2.55,0.0116,92,423,30.1,24.3,1,1,2,2,2,2.9,-5,Pune,0.8061,75.3,65.0
Mercedes,EQB,350 4MATIC,58.9,66.5,215,2175,0.28,2.55,0.011,92,423,28.8,33.4,1,1,0,1,4,3.8,0,Pune,0.3649,161.4,65.0
Mercedes,EQB,350 4MATIC,59.5,66.5,215,2175,0.28,2.55,0.011,92,423,25.7,24.2,0,1,1,1,3,3.5,0,Pune,0.4353,136.7,65.0
Mercedes,EQB,350 4MATIC,57.1,66.5,215,2175,0.28,2.55,0.0112,92,423,23.4,34.7,0,1,1,0,4,4.7,2,Pune,0.401,142.4,65.0
Mercedes,EQB,350 4MATIC,59.5,66.5,215,2175,0.28,2.55,0.0112,92,423,22.7,21.3,0,0,0,1,2,3.5,-2,Hyderabad,0.1481,401.85,65.0
Mercedes,EQB,350 4MATIC,57.5,66.5,215,2175,0.28,2.55,0.0116,92,423,31.1,35.2,0,0,2,0,2,4.5,-5,Hyderabad,0.2126,270.5,65.0
Mercedes,EQB,350 4MATIC,58.5,66.5,215,2175,0.28,2.55,0.0112,92,423,21.6,33.2,1,0,0,1,2,4.0,-2,Hyderabad,0.1665,351.4,65.0
Mercedes,EQB,350 4MATIC,64.7,66.5,215,2175,0.28,2.55,0.0112,92,423,25.6,16.4,0,0,1,0,2,0.9,-2,Hyderabad,0.161,401.85,65.0
Mercedes,EQB,350 4MATIC,58.3,66.5,215,2175,0.28,2.55,0.0119,92,423,33.7,41.3,0,0,2,1,2,4.1,-8,Hyderabad,0.2742,212.6,65.0
Mercedes,EQB,350 4MATIC,62.3,66.5,215,2175,0.28,2.55,0.0119,92,423,26.8,36.3,0,0,2,1,4,2.1,-8,Hyderabad,0.2708,230.1,65.0
Mercedes,EQB,350 4MATIC,63.9,66.5,215,2175,0.28,2.55,0.0116,92,423,25.8,37.3,0,0,0,2,2,1.3,-5,Hyderabad,0.159,401.85,65.0
Mercedes,EQB,350 4MATIC,63.3,66.5,215,2175,0.28,2.55,0.011,92,423,23.0,26.6,0,0,2,1,4,1.6,0,Hyderabad,0.2306,274.5,65.0
Mercedes,EQB,350 4MATIC,62.7,66.5,215,2175,0.28,2.55,0.0116,92,423,15.9,41.6,1,0,1,1,2,1.9,-5,Kolkata,0.4191,149.6,65.0
Mercedes,EQB,350 4MATIC,57.1,66.5,215,2175,0.28,2.55,0.011,92,423,15.2,29.5,0,0,1,0,1,4.7,0,Kolkata,0.1421,401.85,65.0
Mercedes,EQB,350 4MATIC,59.9,66.5,215,2175,0.28,2.55,0.0116,92,423,27.7,17.0,0,0,1,1,4,3.3,-5,Kolkata,0.1598,374.9,65.0
Mercedes,EQB,350 4MATIC,66.3,66.5,215,2175,0.28,2.55,0.0112,92,423,24.8,23.3,0,0,2,0,2,0.1,2,Kolkata,0.226,293.3,65.0
Mercedes,EQB,350 4MATIC,60.9,66.5,215,2175,0.28,2.55,0.0112,92,423,24.3,25.5,0,0,2,1,1,2.8,-2,Kolkata,0.2522,241.5,65.0
Mercedes,EQB,350 4MATIC,62.9,66.5,215,2175,0.28,2.55,0.0112,92,423,23.6,21.7,0,0,2,0,2,1.8,2,Kolkata,0.2253,279.2,65.0
Mercedes,EQB,350 4MATIC,59.3,66.5,215,2175,0.28,2.55,0.0112,92,423,22.3,39.8,1,0,2,0,3,3.6,-2,Kolkata,0.3695,160.5,65.0
Mercedes,EQB,350 4MATIC,63.1,66.5,215,2175,0.28,2.55,0.0119,92,423,24.5,26.0,1,0,1,1,2,1.7,-8,Kolkata,0.2047,308.3,65.0
Mercedes,EQB,350 4MATIC,60.5,66.5,215,2175,0.28,2.55,0.0112,92,423,23.3,24.8,0,0,2,2,1,3.0,-2,Kolkata,0.2581,234.4,65.0
Mercedes,EQB,350 4MATIC,61.5,66.5,215,2175,0.28,2.55,0.0116,92,423,26.8,23.9,0,0,2,1,1,2.5,-5,Kolkata,0.2487,247.3,65.0
Mercedes,EQB,350 4MATIC,64.9,66.5,215,2175,0.28,2.55,0.0112,92,423,12.2,23.9,1,0,2,1,4,0.8,2,Kolkata,0.3332,194.8,65.0
Mercedes,EQB,350 4MATIC,63.1,66.5,215,2175,0.28,2.55,0.0112,92,423,18.6,32.5,1,0,2,2,3,1.7,-2,Kolkata,0.5012,125.9,65.0
Mercedes,EQB,350 4MATIC,65.9,66.5,215,2175,0.28,2.55,0.0116,92,423,95.5,23.9,0,0,0,2,1,0.3,-5,Highway_NH,0.2084,316.2,65.0
Mercedes,EQB,350 4MATIC,62.9,66.5,215,2175,0.28,2.55,0.011,92,423,98.1,16.5,0,0,0,0,2,1.8,0,Highway_NH,0.1869,336.6,65.0
Mercedes,EQB,350 4MATIC,60.1,66.5,215,2175,0.28,2.55,0.011,92,423,99.8,33.7,1,0,0,1,1,3.2,0,Highway_NH,0.2231,269.4,65.0
Mercedes,EQB,350 4MATIC,60.5,66.5,215,2175,0.28,2.55,0.011,92,423,71.1,29.6,0,0,2,1,4,3.0,0,Highway_NH,0.3194,189.4,65.0
Mercedes,EQB,350 4MATIC,62.7,66.5,215,2175,0.28,2.55,0.011,92,423,78.4,43.1,1,0,1,1,1,1.9,0,Highway_NH,0.2919,214.8,65.0
Mercedes,EQB,350 4MATIC,62.9,66.5,215,2175,0.28,2.55,0.011,92,423,78.4,39.2,1,0,0,0,5,1.8,0,Highway_NH,0.1907,329.8,65.0
Mercedes,EQB,350 4MATIC,57.1,66.5,215,2175,0.28,2.55,0.0119,92,423,87.9,23.0,0,0,1,1,3,4.7,-8,Highway_NH,0.2702,211.3,65.0
Mercedes,EQB,350 4MATIC,65.5,66.5,215,2175,0.28,2.55,0.0112,92,423,86.1,36.6,0,0,1,1,1,0.5,2,Highway_NH,0.2497,262.3,65.0
Mercedes,EQB,350 4MATIC,62.1,66.5,215,2175,0.28,2.55,0.0116,92,423,70.2,32.5,0,0,1,1,2,2.2,-5,Highway_NH,0.1985,312.9,65.0
Mercedes,EQB,350 4MATIC,59.1,66.5,215,2175,0.28,2.55,0.0112,92,423,112.5,33.2,0,0,0,1,1,3.7,-2,Expressway,0.2174,271.9,65.0
Mercedes,EQB,350 4MATIC,57.3,66.5,215,2175,0.28,2.55,0.0112,92,423,107.1,15.8,0,0,1,2,4,4.6,-2,Expressway,0.3579,160.1,65.0
Mercedes,EQB,350 4MATIC,59.7,66.5,215,2175,0.28,2.55,0.011,92,423,101.5,32.3,0,0,0,1,2,3.4,0,Expressway,0.1999,298.6,65.0
Mercedes,EQB,350 4MATIC,59.5,66.5,215,2175,0.28,2.55,0.0119,92,423,89.8,30.7,0,0,0,1,1,3.5,-8,Expressway,0.1672,355.8,65.0
Mercedes,EQB,350 4MATIC,62.9,66.5,215,2175,0.28,2.55,0.011,92,423,111.8,28.2,0,0,1,1,4,1.8,0,Expressway,0.3339,188.4,65.0
Mercedes,EQB,350 4MATIC,59.3,66.5,215,2175,0.28,2.55,0.0116,92,423,98.0,22.1,1,0,0,0,1,3.6,-5,Expressway,0.1849,320.7,65.0
Mercedes,EQB,350 4MATIC,59.9,66.5,215,2175,0.28,2.55,0.0112,92,423,82.8,39.6,1,0,1,0,2,3.3,-2,Expressway,0.2259,265.2,65.0
Mercedes,EQB,350 4MATIC,63.1,66.5,215,2175,0.28,2.55,0.0112,92,423,117.8,19.2,1,0,0,0,3,1.7,2,Expressway,0.2181,289.3,65.0
Mercedes,EQB,350 4MATIC,57.3,66.5,215,2175,0.28,2.55,0.0116,92,423,24.8,17.1,0,2,1,1,2,4.6,-5,Hill_Station,0.9153,62.6,65.0
Mercedes,EQB,350 4MATIC,60.7,66.5,215,2175,0.28,2.55,0.011,92,423,23.1,11.8,0,2,1,1,4,2.9,0,Hill_Station,1.1855,51.2,65.0
Mercedes,EQB,350 4MATIC,57.7,66.5,215,2175,0.28,2.55,0.0116,92,423,21.0,18.2,1,2,0,0,2,4.4,-5,Hill_Station,0.5741,100.5,65.0
Mercedes,EQB,350 4MATIC,59.5,66.5,215,2175,0.28,2.55,0.011,92,423,20.4,16.4,0,2,1,2,2,3.5,0,Hill_Station,1.0799,55.1,65.0
Mercedes,EQB,350 4MATIC,60.1,66.5,215,2175,0.28,2.55,0.0119,92,423,33.0,6.5,0,2,1,2,1,3.2,-8,Hill_Station,1.1877,50.6,65.0
Mercedes,EQB,350 4MATIC,61.7,66.5,215,2175,0.28,2.55,0.0116,92,423,29.2,13.0,0,2,1,0,1,2.4,-5,Hill_Station,0.9292,66.4,65.0
Mercedes,EQB,350 4MATIC,63.9,66.5,215,2175,0.28,2.55,0.011,92,423,39.3,15.6,0,2,1,1,1,1.3,0,Hill_Station,0.852,75.0,65.0
Mercedes,EQB,350 4MATIC,63.9,66.5,215,2175,0.28,2.55,0.011,92,423,37.7,6.6,0,2,1,1,1,1.3,0,Hill_Station,1.1017,58.0,65.0
Mercedes,EQB,350 4MATIC,62.9,66.5,215,2175,0.28,2.55,0.011,92,423,33.0,27.9,0,2,1,1,1,1.8,0,Hill_Station,0.8106,77.6,65.0
Mercedes,EQB,350 4MATIC,60.3,66.5,215,2175,0.28,2.55,0.0116,92,423,34.0,23.1,0,2,1,0,4,3.1,-5,Hill_Station,0.8149,74.0,65.0
Mercedes,EQB,350 4MATIC,66.3,66.5,215,2175,0.28,2.55,0.011,92,423,23.9,27.1,0,2,1,2,3,0.1,0,Hill_Station,0.9431,70.3,65.0
Mercedes,EQB,350 4MATIC,57.5,66.5,215,2175,0.28,2.55,0.0119,92,423,30.8,7.3,0,2,0,0,4,4.5,-8,Hill_Station,0.8261,69.6,65.0
Mercedes,EQB,350 4MATIC,56.9,66.5,215,2175,0.28,2.55,0.0112,92,423,45.6,24.1,1,0,2,1,2,4.8,-2,Rural_Road,0.2429,234.3,65.0
Mercedes,EQB,350 4MATIC,59.9,66.5,215,2175,0.28,2.55,0.0116,92,423,42.2,13.6,0,0,0,1,1,3.3,-5,Rural_Road,0.1491,401.85,65.0
Mercedes,EQB,350 4MATIC,60.7,66.5,215,2175,0.28,2.55,0.0112,92,423,49.0,14.7,0,0,0,1,1,2.9,-2,Rural_Road,0.1511,401.85,65.0
Mercedes,EQB,350 4MATIC,65.3,66.5,215,2175,0.28,2.55,0.0116,92,423,30.5,33.5,0,0,0,2,2,0.6,-5,Rural_Road,0.1625,401.85,65.0
Mercedes,EQB,350 4MATIC,64.1,66.5,215,2175,0.28,2.55,0.0116,92,423,30.4,23.5,0,0,0,0,2,1.2,-5,Rural_Road,0.1595,401.85,65.0
Mercedes,EQB,350 4MATIC,60.3,66.5,215,2175,0.28,2.55,0.0119,92,423,50.4,32.8,0,0,0,1,1,3.1,-8,Rural_Road,0.1501,401.85,65.0
Mercedes,EQB,350 4MATIC,64.3,66.5,215,2175,0.28,2.55,0.011,92,423,58.1,43.6,0,0,0,1,1,1.1,0,Rural_Road,0.16,401.85,65.0
Mercedes,EQB,350 4MATIC,65.3,66.5,215,2175,0.28,2.55,0.0112,92,423,31.7,23.0,1,0,1,1,3,0.6,-2,Rural_Road,0.1625,401.85,65.0
Mercedes,EQB,350 4MATIC,56.9,66.5,215,2175,0.28,2.55,0.0116,92,423,19.9,21.4,0,2,0,0,2,4.8,-5,Ghat_Road,0.583,97.6,65.0
Mercedes,EQB,350 4MATIC,57.5,66.5,215,2175,0.28,2.55,0.0116,92,423,29.0,16.0,0,2,2,1,3,4.5,-5,Ghat_Road,1.3593,42.3,65.0
Mercedes,EQB,350 4MATIC,60.9,66.5,215,2175,0.28,2.55,0.011,92,423,18.6,14.7,0,2,1,1,2,2.8,0,Ghat_Road,0.9298,65.5,65.0
Mercedes,EQB,350 4MATIC,59.5,66.5,215,2175,0.28,2.55,0.011,92,423,31.6,18.3,0,2,1,0,4,3.5,0,Ghat_Road,0.8561,69.5,65.0
Mercedes,EQB,350 4MATIC,64.3,66.5,215,2175,0.28,2.55,0.0112,92,423,19.2,19.9,0,2,1,1,3,1.1,2,Ghat_Road,0.9954,64.6,65.0
Mercedes,EQB,350 4MATIC,59.5,66.5,215,2175,0.28,2.55,0.011,92,423,23.3,10.1,0,2,2,1,2,3.5,0,Ghat_Road,1.4066,42.3,65.0
Mercedes,EQB,350 4MATIC,61.3,66.5,215,2175,0.28,2.55,0.0112,92,423,28.0,17.7,0,2,0,1,1,2.6,-2,Ghat_Road,0.6217,98.6,65.0
Mercedes,EQB,350 4MATIC,62.7,66.5,215,2175,0.28,2.55,0.0116,92,423,15.1,34.5,1,2,0,1,3,1.9,-5,Ghat_Road,0.742,84.5,65.0
Mercedes,EQB,350 4MATIC,57.3,66.5,215,2175,0.28,2.55,0.0112,92,423,20.2,18.8,0,2,1,1,1,4.6,-2,Ghat_Road,0.8802,65.1,65.0
Mercedes,EQB,350 4MATIC,60.7,66.5,215,2175,0.28,2.55,0.011,92,423,27.4,32.0,1,2,0,1,1,2.9,0,Ghat_Road,0.7017,86.5,65.0
Mercedes,EQA,250+,59.9,66.5,140,1960,0.28,2.42,0.011,92,528,22.6,20.6,0,0,0,2,4,3.3,0,Delhi,0.1194,501.6,55.0
Mercedes,EQA,250+,66.1,66.5,140,1960,0.28,2.42,0.0112,92,528,23.2,32.3,0,0,2,2,4,0.2,-2,Delhi,0.1435,460.7,55.0
Mercedes,EQA,250+,58.9,66.5,140,1960,0.28,2.42,0.0116,92,528,22.5,13.9,0,0,2,2,5,3.8,-5,Delhi,0.1815,324.6,55.0
Mercedes,EQA,250+,63.9,66.5,140,1960,0.28,2.42,0.0112,92,528,32.4,37.7,1,0,2,1,3,1.3,-2,Delhi,0.2215,288.5,55.0
Mercedes,EQA,250+,59.3,66.5,140,1960,0.28,2.42,0.0116,92,528,34.4,35.1,1,0,1,2,4,3.6,-5,Delhi,0.1458,406.6,55.0
Mercedes,EQA,250+,57.1,66.5,140,1960,0.28,2.42,0.011,92,528,15.1,36.5,0,0,1,1,2,4.7,0,Delhi,0.1138,501.6,55.0
Mercedes,EQA,250+,59.9,66.5,140,1960,0.28,2.42,0.0112,92,528,21.7,32.7,0,0,2,1,2,3.3,-2,Delhi,0.12,499.3,55.0
Mercedes,EQA,250+,60.7,66.5,140,1960,0.28,2.42,0.011,92,528,29.7,37.3,1,0,2,0,2,2.9,0,Delhi,0.2023,300.1,55.0
Mercedes,EQA,250+,61.7,66.5,140,1960,0.28,2.42,0.011,92,528,28.9,32.2,0,0,1,0,4,2.4,0,Mumbai,0.123,501.6,55.0
Mercedes,EQA,250+,56.7,66.5,140,1960,0.28,2.42,0.0116,92,528,16.1,36.0,0,0,2,1,2,4.9,-5,Mumbai,0.1224,463.3,55.0
Mercedes,EQA,250+,65.1,66.5,140,1960,0.28,2.42,0.011,92,528,13.2,25.6,0,0,2,2,2,0.7,0,Mumbai,0.151,431.0,55.0
Mercedes,EQA,250+,61.9,66.5,140,1960,0.28,2.42,0.0112,92,528,27.5,18.4,0,0,2,0,1,2.3,-2,Mumbai,0.1234,501.6,55.0
Mercedes,EQA,250+,57.5,66.5,140,1960,0.28,2.42,0.0112,92,528,29.7,24.2,0,0,2,2,1,4.5,-2,Mumbai,0.156,368.6,55.0
Mercedes,EQA,250+,63.9,66.5,140,1960,0.28,2.42,0.0116,92,528,27.6,20.7,0,0,1,1,4,1.3,-5,Mumbai,0.1274,501.6,55.0
Mercedes,EQA,250+,66.1,66.5,140,1960,0.28,2.42,0.0119,92,528,12.3,26.8,1,0,2,1,4,0.2,-8,Mumbai,0.2405,274.9,55.0
Mercedes,EQA,250+,59.3,66.5,140,1960,0.28,2.42,0.0116,92,528,21.1,33.5,0,0,1,0,2,3.6,-5,Mumbai,0.1182,501.6,55.0
Mercedes,EQA,250+,63.1,66.5,140,1960,0.28,2.42,0.0112,92,528,19.6,19.2,0,0,2,2,4,1.7,-2,Mumbai,0.1493,422.6,55.0
Mercedes,EQA,250+,62.5,66.5,140,1960,0.28,2.42,0.011,92,528,21.5,37.6,1,0,2,2,2,2.0,0,Mumbai,0.2709,230.7,55.0
Mercedes,EQA,250+,58.7,66.5,140,1960,0.28,2.42,0.0112,92,528,29.1,18.1,0,0,1,1,1,3.9,-2,Mumbai,0.117,501.6,55.0
Mercedes,EQA,250+,57.9,66.5,140,1960,0.28,2.42,0.011,92,528,28.8,32.3,0,0,1,1,3,4.3,0,Mumbai,0.1154,501.6,55.0
Mercedes,EQA,250+,57.7,66.5,140,1960,0.28,2.42,0.011,92,528,30.6,22.5,0,1,2,2,2,4.4,0,Bangalore,0.4151,139.0,55.0
Mercedes,EQA,250+,65.9,66.5,140,1960,0.28,2.42,0.0112,92,528,27.7,26.6,0,1,2,2,4,0.3,-2,Bangalore,0.4751,138.7,55.0
Mercedes,EQA,250+,64.1,66.5,140,1960,0.28,2.42,0.0116,92,528,16.8,36.5,0,1,2,2,2,1.2,-5,Bangalore,0.4433,144.6,55.0
Mercedes,EQA,250+,62.9,66.5,140,1960,0.28,2.42,0.0116,92,528,21.3,16.5,1,1,2,2,5,1.8,-5,Bangalore,0.4903,128.3,55.0
Mercedes,EQA,250+,56.9,66.5,140,1960,0.28,2.42,0.011,92,528,34.1,22.1,0,1,0,1,4,4.8,0,Bangalore,0.1886,301.7,55.0
Mercedes,EQA,250+,57.5,66.5,140,1960,0.28,2.42,0.011,92,528,17.6,16.6,0,1,1,0,4,4.5,0,Bangalore,0.2033,282.9,55.0
Mercedes,EQA,250+,59.7,66.5,140,1960,0.28,2.42,0.0112,92,528,22.0,26.0,0,1,1,2,2,3.4,2,Bangalore,0.2638,226.3,55.0
Mercedes,EQA,250+,58.1,66.5,140,1960,0.28,2.42,0.011,92,528,28.0,21.4,0,1,2,0,1,4.2,0,Bangalore,0.3253,178.6,55.0
Mercedes,EQA,250+,63.9,66.5,140,1960,0.28,2.42,0.0112,92,528,25.5,22.1,0,1,2,1,1,1.3,-2,Bangalore,0.3482,183.5,55.0
Mercedes,EQA,250+,56.9,66.5,140,1960,0.28,2.42,0.0112,92,528,28.8,33.8,1,1,1,0,1,4.8,-2,Bangalore,0.2309,246.4,55.0
Mercedes,EQA,250+,57.7,66.5,140,1960,0.28,2.42,0.0116,92,528,32.5,21.6,0,1,1,1,2,4.4,-5,Bangalore,0.2434,237.1,55.0
Mercedes,EQA,250+,57.9,66.5,140,1960,0.28,2.42,0.0116,92,528,16.7,33.4,0,0,1,2,1,4.3,-5,Chennai,0.1154,501.6,55.0
Mercedes,EQA,250+,57.3,66.5,140,1960,0.28,2.42,0.0119,92,528,27.1,40.0,1,0,2,2,2,4.6,-8,Chennai,0.3005,190.7,55.0
Mercedes,EQA,250+,62.3,66.5,140,1960,0.28,2.42,0.0112,92,528,27.1,39.2,1,0,2,0,5,2.1,-2,Chennai,0.218,285.8,55.0
Mercedes,EQA,250+,61.7,66.5,140,1960,0.28,2.42,0.011,92,528,17.0,35.0,0,0,2,0,2,2.4,0,Chennai,0.123,501.6,55.0
Mercedes,EQA,250+,60.9,66.5,140,1960,0.28,2.42,0.011,92,528,24.1,26.7,0,0,1,0,2,2.8,0,Chennai,0.1214,501.6,55.0
Mercedes,EQA,250+,65.3,66.5,140,1960,0.28,2.42,0.011,92,528,15.3,33.1,1,0,2,2,5,0.6,0,Chennai,0.3359,194.4,55.0
Mercedes,EQA,250+,63.3,66.5,140,1960,0.28,2.42,0.0116,92,528,33.8,25.6,0,0,1,1,1,1.6,-5,Chennai,0.1262,501.6,55.0
Mercedes,EQA,250+,59.1,66.5,140,1960,0.28,2.42,0.011,92,528,32.6,41.2,1,0,2,0,1,3.7,0,Chennai,0.2124,278.2,55.0
Mercedes,EQA,250+,59.3,66.5,140,1960,0.28,2.42,0.0116,92,528,23.2,41.2,0,0,2,1,4,3.6,-5,Chennai,0.1537,385.8,55.0
Mercedes,EQA,250+,59.3,66.5,140,1960,0.28,2.42,0.011,92,528,28.2,39.8,1,0,0,1,2,3.6,0,Chennai,0.1182,501.6,55.0
Mercedes,EQA,250+,64.1,66.5,140,1960,0.28,2.42,0.0116,92,528,25.1,16.9,0,1,2,1,1,1.2,-5,Pune,0.3501,183.1,55.0
Mercedes,EQA,250+,63.1,66.5,140,1960,0.28,2.42,0.011,92,528,25.3,15.1,0,1,2,1,1,1.7,0,Pune,0.3688,171.1,55.0
Mercedes,EQA,250+,57.3,66.5,140,1960,0.28,2.42,0.0112,92,528,20.8,35.3,1,1,0,1,3,4.6,-2,Pune,0.2397,239.0,55.0
Mercedes,EQA,250+,65.9,66.5,140,1960,0.28,2.42,0.0112,92,528,24.8,21.4,0,1,0,0,3,0.3,-2,Pune,0.1605,410.7,55.0
Mercedes,EQA,250+,58.7,66.5,140,1960,0.28,2.42,0.011,92,528,27.4,14.9,0,1,1,1,3,3.9,0,Pune,0.2605,225.3,55.0
Mercedes,EQA,250+,65.3,66.5,140,1960,0.28,2.42,0.0116,92,528,39.1,30.7,0,1,2,2,3,0.6,-5,Pune,0.4442,147.0,55.0
Mercedes,EQA,250+,56.9,66.5,140,1960,0.28,2.42,0.011,92,528,18.5,29.6,0,1,1,0,4,4.8,0,Pune,0.2188,260.1,55.0
Mercedes,EQA,250+,63.5,66.5,140,1960,0.28,2.42,0.011,92,528,21.5,12.2,0,1,1,1,3,1.5,0,Pune,0.271,234.3,55.0
Mercedes,EQA,250+,63.7,66.5,140,1960,0.28,2.42,0.0116,92,528,24.8,17.0,0,1,1,1,2,1.4,-5,Pune,0.2299,277.1,55.0
Mercedes,EQA,250+,56.7,66.5,140,1960,0.28,2.42,0.0112,92,528,33.3,25.5,0,1,1,0,2,4.9,-2,Pune,0.2168,261.5,55.0
Mercedes,EQA,250+,60.9,66.5,140,1960,0.28,2.42,0.011,92,528,19.9,23.1,0,1,2,2,4,2.8,0,Pune,0.5075,120.0,55.0
Mercedes,EQA,250+,62.7,66.5,140,1960,0.28,2.42,0.0116,92,528,30.4,30.2,0,1,1,1,2,1.9,-5,Pune,0.2299,272.7,55.0
Mercedes,EQA,250+,59.5,66.5,140,1960,0.28,2.42,0.0112,92,528,16.1,26.2,0,0,1,1,2,3.5,-2,Hyderabad,0.1186,501.6,55.0
Mercedes,EQA,250+,60.5,66.5,140,1960,0.28,2.42,0.0119,92,528,24.7,18.7,0,0,2,2,2,3.0,-8,Hyderabad,0.1458,415.0,55.0
Mercedes,EQA,250+,57.7,66.5,140,1960,0.28,2.42,0.0112,92,528,27.7,42.1,0,0,2,1,4,4.4,-2,Hyderabad,0.1524,378.7,55.0
Mercedes,EQA,250+,62.9,66.5,140,1960,0.28,2.42,0.011,92,528,21.9,25.9,0,0,1,2,5,1.8,0,Hyderabad,0.1254,501.6,55.0
Mercedes,EQA,250+,62.7,66.5,140,1960,0.28,2.42,0.0112,92,528,21.8,34.9,0,0,2,2,3,1.9,-2,Hyderabad,0.1534,408.8,55.0
Mercedes,EQA,250+,61.1,66.5,140,1960,0.28,2.42,0.0116,92,528,17.4,40.2,1,0,0,1,2,2.7,-5,Hyderabad,0.1628,375.2,55.0
Mercedes,EQA,250+,56.7,66.5,140,1960,0.28,2.42,0.0116,92,528,24.3,19.3,0,0,0,1,1,4.9,-5,Hyderabad,0.113,501.6,55.0
Mercedes,EQA,250+,63.7,66.5,140,1960,0.28,2.42,0.011,92,528,24.6,32.5,0,0,0,1,3,1.4,0,Hyderabad,0.127,501.6,55.0
Mercedes,EQA,250+,62.9,66.5,140,1960,0.28,2.42,0.011,92,528,20.5,31.1,0,0,1,1,1,1.8,0,Hyderabad,0.1254,501.6,55.0
Mercedes,EQA,250+,65.7,66.5,140,1960,0.28,2.42,0.0116,92,528,29.6,38.5,1,0,0,2,1,0.4,-5,Hyderabad,0.131,501.6,55.0
Mercedes,EQA,250+,65.9,66.5,140,1960,0.28,2.42,0.011,92,528,19.5,29.9,1,0,2,1,1,0.3,0,Hyderabad,0.1761,374.2,55.0
Mercedes,EQA,250+,57.5,66.5,140,1960,0.28,2.42,0.0112,92,528,21.2,19.4,0,0,2,1,1,4.5,-2,Kolkata,0.1184,485.6,55.0
Mercedes,EQA,250+,59.3,66.5,140,1960,0.28,2.42,0.0119,92,528,19.2,18.3,0,0,2,1,1,3.6,-8,Kolkata,0.1182,501.6,55.0
Mercedes,EQA,250+,59.1,66.5,140,1960,0.28,2.42,0.0112,92,528,13.3,24.7,0,0,1,1,2,3.7,-2,Kolkata,0.1178,501.6,55.0
Mercedes,EQA,250+,60.9,66.5,140,1960,0.28,2.42,0.0112,92,528,15.0,26.0,0,0,2,2,1,2.8,-2,Kolkata,0.1537,396.3,55.0
Mercedes,EQA,250+,58.7,66.5,140,1960,0.28,2.42,0.0119,92,528,23.8,40.0,1,0,2,1,3,3.9,-8,Kolkata,0.2755,213.1,55.0
Mercedes,EQA,250+,65.5,66.5,140,1960,0.28,2.42,0.0112,92,528,25.2,15.3,1,0,2,2,3,0.5,2,Kolkata,0.1771,369.8,55.0
Mercedes,EQA,250+,59.3,66.5,140,1960,0.28,2.42,0.0119,92,528,18.6,34.3,0,0,2,1,3,3.6,-8,Kolkata,0.1258,471.2,55.0
Mercedes,EQA,250+,66.3,66.5,140,1960,0.28,2.42,0.0112,92,528,24.6,20.8,0,0,2,1,3,0.1,-2,Kolkata,0.1322,501.6,55.0
Mercedes,EQA,250+,64.9,66.5,140,1960,0.28,2.42,0.0116,92,528,17.3,37.6,0,0,2,2,2,0.8,-5,Kolkata,0.1589,408.5,55.0
Mercedes,EQA,250+,63.3,66.5,140,1960,0.28,2.42,0.0116,92,528,23.0,41.3,0,0,1,2,2,1.6,-5,Kolkata,0.1262,501.6,55.0
Mercedes,EQA,250+,65.7,66.5,140,1960,0.28,2.42,0.0119,92,528,19.3,15.9,0,0,2,1,1,0.4,-8,Kolkata,0.1399,469.5,55.0
Mercedes,EQA,250+,62.3,66.5,140,1960,0.28,2.42,0.011,92,528,25.2,37.4,0,0,1,0,2,2.1,0,Kolkata,0.1242,501.6,55.0
Mercedes,EQA,250+,63.7,66.5,140,1960,0.28,2.42,0.011,92,528,100.0,26.2,0,0,2,2,1,1.4,0,Highway_NH,0.2817,226.1,55.0
Mercedes,EQA,250+,58.5,66.5,140,1960,0.28,2.42,0.0112,92,528,88.0,44.4,1,0,2,0,4,4.0,-2,Highway_NH,0.2547,229.7,55.0
Mercedes,EQA,250+,57.7,66.5,140,1960,0.28,2.42,0.011,92,528,84.2,32.6,1,0,0,1,2,4.4,0,Highway_NH,0.115,501.6,55.0
Mercedes,EQA,250+,61.5,66.5,140,1960,0.28,2.42,0.0112,92,528,72.5,24.6,0,0,1,1,1,2.5,-2,Highway_NH,0.1226,501.6,55.0
Mercedes,EQA,250+,59.5,66.5,140,1960,0.28,2.42,0.011,92,528,78.3,39.8,1,0,1,1,3,3.5,0,Highway_NH,0.1511,393.7,55.0
Mercedes,EQA,250+,58.3,66.5,140,1960,0.28,2.42,0.0116,92,528,73.4,35.6,1,0,0,1,3,4.1,-5,Highway_NH,0.1162,501.6,55.0
Mercedes,EQA,250+,62.1,66.5,140,1960,0.28,2.42,0.0116,92,528,82.2,25.7,0,0,1,1,2,2.2,-5,Highway_NH,0.1238,501.6,55.0
Mercedes,EQA,250+,57.5,66.5,140,1960,0.28,2.42,0.0119,92,528,74.3,22.1,0,0,1,0,4,4.5,-8,Highway_NH,0.1146,501.6,55.0
Mercedes,EQA,250+,62.5,66.5,140,1960,0.28,2.42,0.0116,92,528,82.1,23.9,0,0,0,0,3,2.0,-5,Highway_NH,0.1246,501.6,55.0
Mercedes,EQA,250+,66.1,66.5,140,1960,0.28,2.42,0.0116,92,528,73.6,28.1,0,0,0,1,1,0.2,-5,Highway_NH,0.1318,501.6,55.0
Mercedes,EQA,250+,60.9,66.5,140,1960,0.28,2.42,0.011,92,528,82.3,28.8,0,0,0,1,3,2.8,0,Highway_NH,0.1214,501.6,55.0
Mercedes,EQA,250+,65.3,66.5,140,1960,0.28,2.42,0.0112,92,528,85.4,24.7,0,0,0,1,3,0.6,-2,Highway_NH,0.1302,501.6,55.0
Mercedes,EQA,250+,64.3,66.5,140,1960,0.28,2.42,0.0112,92,528,110.0,43.5,0,0,1,1,3,1.1,-2,Expressway,0.1696,379.2,55.0
Mercedes,EQA,250+,56.5,66.5,140,1960,0.28,2.42,0.0112,92,528,109.6,28.8,0,0,0,1,4,5.0,-2,Expressway,0.1418,398.4,55.0
Mercedes,EQA,250+,65.1,66.5,140,1960,0.28,2.42,0.0116,92,528,94.3,23.4,0,0,1,1,3,0.7,-5,Expressway,0.1631,399.1,55.0
Mercedes,EQA,250+,65.3,66.5,140,1960,0.28,2.42,0.011,92,528,110.9,39.9,1,0,1,1,2,0.6,0,Expressway,0.1809,360.9,55.0
Mercedes,EQA,250+,63.9,66.5,140,1960,0.28,2.42,0.011,92,528,89.0,30.4,0,0,0,0,2,1.3,0,Expressway,0.1274,501.6,55.0
Mercedes,EQA,250+,63.1,66.5,140,1960,0.28,2.42,0.011,92,528,101.0,41.8,1,0,1,1,1,1.7,0,Expressway,0.1957,322.4,55.0
Mercedes,EQA,250+,65.5,66.5,140,1960,0.28,2.42,0.0112,92,528,86.9,24.9,0,0,1,2,2,0.5,-2,Expressway,0.1644,398.4,55.0
Mercedes,EQA,250+,59.9,66.5,140,1960,0.28,2.42,0.0119,92,528,109.7,28.9,0,0,0,0,1,3.3,-8,Expressway,0.1194,501.6,55.0
Mercedes,EQA,250+,61.7,66.5,140,1960,0.28,2.42,0.0112,92,528,91.8,31.8,0,0,0,2,4,2.4,-2,Expressway,0.123,501.6,55.0
Mercedes,EQA,250+,60.7,66.5,140,1960,0.28,2.42,0.0116,92,528,111.0,15.5,0,0,1,1,1,2.9,-5,Expressway,0.176,344.8,55.0
Mercedes,EQA,250+,58.1,66.5,140,1960,0.28,2.42,0.0119,92,528,96.6,21.0,0,0,0,1,1,4.2,-8,Expressway,0.1158,501.6,55.0
Mercedes,EQA,250+,57.9,66.5,140,1960,0.28,2.42,0.0119,92,528,87.2,28.2,0,0,0,2,2,4.3,-8,Expressway,0.1154,501.6,55.0
Mercedes,EQA,250+,64.9,66.5,140,1960,0.28,2.42,0.011,92,528,32.3,9.1,1,2,0,1,1,0.8,0,Hill_Station,0.4034,160.9,55.0
Mercedes,EQA,250+,63.9,66.5,140,1960,0.28,2.42,0.0112,92,528,35.0,12.2,0,2,2,1,3,1.3,-2,Hill_Station,0.9103,70.2,55.0
Mercedes,EQA,250+,58.3,66.5,140,1960,0.28,2.42,0.0116,92,528,34.5,7.4,0,2,2,2,4,4.1,-5,Hill_Station,1.1042,52.8,55.0
Mercedes,EQA,250+,59.5,66.5,140,1960,0.28,2.42,0.011,92,528,32.3,21.3,0,2,2,1,3,3.5,0,Hill_Station,0.7532,79.0,55.0
Mercedes,EQA,250+,56.7,66.5,140,1960,0.28,2.42,0.0116,92,528,34.6,13.3,0,2,0,1,1,4.9,-5,Hill_Station,0.3703,153.1,55.0
Mercedes,EQA,250+,63.7,66.5,140,1960,0.28,2.42,0.0112,92,528,29.7,24.7,0,2,0,1,4,1.4,-2,Hill_Station,0.3751,169.8,55.0
Mercedes,EQA,250+,61.5,66.5,140,1960,0.28,2.42,0.0112,92,528,36.0,6.2,0,2,2,1,4,2.5,-2,Hill_Station,0.9685,63.5,55.0
Mercedes,EQA,250+,56.9,66.5,140,1960,0.28,2.42,0.011,92,528,36.3,20.1,0,2,1,2,5,4.8,0,Hill_Station,0.604,94.2,55.0
Mercedes,EQA,250+,63.9,66.5,140,1960,0.28,2.42,0.0112,92,528,27.0,26.5,0,2,0,0,5,1.3,-2,Hill_Station,0.3354,190.5,55.0
Mercedes,EQA,250+,57.3,66.5,140,1960,0.28,2.42,0.0112,92,528,49.2,15.4,0,0,0,1,4,4.6,-2,Rural_Road,0.1142,501.6,55.0
Mercedes,EQA,250+,59.3,66.5,140,1960,0.28,2.42,0.011,92,528,32.3,41.8,1,0,0,1,4,3.6,0,Rural_Road,0.1225,484.2,55.0
Mercedes,EQA,250+,58.1,66.5,140,1960,0.28,2.42,0.011,92,528,47.6,39.0,1,0,0,2,4,4.2,0,Rural_Road,0.1158,501.6,55.0
Mercedes,EQA,250+,59.9,66.5,140,1960,0.28,2.42,0.0119,92,528,36.1,14.7,0,0,0,1,2,3.3,-8,Rural_Road,0.1194,501.6,55.0
Mercedes,EQA,250+,62.1,66.5,140,1960,0.28,2.42,0.0112,92,528,31.4,28.9,0,0,2,1,1,2.2,-2,Rural_Road,0.1274,487.5,55.0
Mercedes,EQA,250+,60.3,66.5,140,1960,0.28,2.42,0.011,92,528,39.9,25.5,0,0,0,1,2,3.1,0,Rural_Road,0.1202,501.6,55.0
Mercedes,EQA,250+,59.9,66.5,140,1960,0.28,2.42,0.0112,92,528,35.8,35.5,0,0,1,1,1,3.3,-2,Rural_Road,0.1194,501.6,55.0
Mercedes,EQA,250+,61.9,66.5,140,1960,0.28,2.42,0.011,92,528,30.9,31.2,1,0,0,0,1,2.3,0,Rural_Road,0.1234,501.6,55.0
Mercedes,EQA,250+,58.5,66.5,140,1960,0.28,2.42,0.0112,92,528,34.3,28.9,1,2,0,1,5,4.0,2,Ghat_Road,0.3993,146.5,55.0
Mercedes,EQA,250+,65.9,66.5,140,1960,0.28,2.42,0.011,92,528,28.0,27.0,0,2,0,0,3,0.3,0,Ghat_Road,0.3258,202.3,55.0
Mercedes,EQA,250+,64.1,66.5,140,1960,0.28,2.42,0.011,92,528,16.4,29.3,0,2,0,0,3,1.2,0,Ghat_Road,0.3246,197.5,55.0
Mercedes,EQA,250+,60.7,66.5,140,1960,0.28,2.42,0.0116,92,528,19.7,13.1,1,2,0,2,1,2.9,-5,Ghat_Road,0.4746,127.9,55.0
Mercedes,EQA,250+,57.1,66.5,140,1960,0.28,2.42,0.0112,92,528,32.6,20.3,0,2,0,1,4,4.7,-2,Ghat_Road,0.3737,152.8,55.0
Mercedes,EQA,250+,57.5,66.5,140,1960,0.28,2.42,0.011,92,528,18.1,20.6,0,2,0,0,2,4.5,0,Ghat_Road,0.3216,178.8,55.0
Mercedes,EQA,250+,60.7,66.5,140,1960,0.28,2.42,0.011,92,528,26.5,16.4,1,2,2,0,1,2.9,0,Ghat_Road,0.6707,90.5,55.0
Mercedes,EQA,250+,66.3,66.5,140,1960,0.28,2.42,0.011,92,528,29.4,31.3,1,2,0,1,2,0.1,0,Ghat_Road,0.4199,157.9,55.0
Mercedes,EQA,250+,59.3,66.5,140,1960,0.28,2.42,0.0112,92,528,20.0,28.8,0,2,1,1,2,3.6,-2,Ghat_Road,0.4516,131.3,55.0
Mercedes,EQA,250+,63.7,66.5,140,1960,0.28,2.42,0.0112,92,528,16.6,18.4,0,2,1,1,3,1.4,-2,Ghat_Road,0.4949,128.7,55.0
Mercedes,EQA,250+,58.1,66.5,140,1960,0.28,2.42,0.011,92,528,16.0,15.9,1,2,1,1,2,4.2,0,Ghat_Road,0.4936,117.7,55.0
Mercedes,EQA,250+,64.3,66.5,140,1960,0.28,2.42,0.011,92,528,18.6,32.1,0,2,0,1,3,1.1,0,Ghat_Road,0.3706,173.5,55.0
Audi,e-tron,55 quattro,81.1,86.5,300,2595,0.28,2.65,0.0112,92,484,21.8,41.7,1,0,2,1,2,2.1,-2,Delhi,0.8683,93.4,105.0
Audi,e-tron,55 quattro,76.4,86.5,300,2595,0.28,2.65,0.0112,92,484,30.1,39.5,0,0,0,1,3,3.9,-2,Delhi,0.1811,421.8,105.0
Audi,e-tron,55 quattro,80.5,86.5,300,2595,0.28,2.65,0.0116,92,484,31.4,24.9,0,0,2,1,3,2.3,-5,Delhi,0.416,193.5,105.0
Audi,e-tron,55 quattro,79.8,86.5,300,2595,0.28,2.65,0.011,92,484,30.7,19.8,0,0,2,1,3,2.6,0,Delhi,0.3984,200.3,105.0
Audi,e-tron,55 quattro,76.4,86.5,300,2595,0.28,2.65,0.0112,92,484,17.1,39.0,0,0,2,2,2,3.9,-2,Delhi,0.458,166.8,105.0
Audi,e-tron,55 quattro,80.8,86.5,300,2595,0.28,2.65,0.011,92,484,17.6,10.8,0,0,2,2,2,2.2,0,Delhi,0.517,156.3,105.0
Audi,e-tron,55 quattro,82.6,86.5,300,2595,0.28,2.65,0.0116,92,484,26.1,22.7,0,0,2,2,3,1.5,-5,Delhi,0.4475,184.6,105.0
Audi,e-tron,55 quattro,80.8,86.5,300,2595,0.28,2.65,0.0119,92,484,27.9,32.2,0,0,2,0,1,2.2,-8,Delhi,0.3703,218.2,105.0
Audi,e-tron,55 quattro,77.7,86.5,300,2595,0.28,2.65,0.011,92,484,29.2,31.8,0,0,0,1,3,3.4,0,Delhi,0.1975,393.4,105.0
Audi,e-tron,55 quattro,79.0,86.5,300,2595,0.28,2.65,0.0112,92,484,16.7,30.2,1,0,2,2,2,2.9,-2,Mumbai,0.7845,100.7,105.0
Audi,e-tron,55 quattro,75.3,86.5,300,2595,0.28,2.65,0.0112,92,484,28.2,19.3,0,0,2,1,1,4.3,-2,Mumbai,0.3904,192.9,105.0
Audi,e-tron,55 quattro,78.7,86.5,300,2595,0.28,2.65,0.0119,92,484,19.9,27.5,1,0,2,0,2,3.0,-8,Mumbai,0.512,153.7,105.0
Audi,e-tron,55 quattro,76.6,86.5,300,2595,0.28,2.65,0.0112,92,484,25.2,23.8,1,0,2,1,1,3.8,-2,Mumbai,0.4223,181.4,105.0
Audi,e-tron,55 quattro,86.0,86.5,300,2595,0.28,2.65,0.0112,92,484,16.9,24.3,0,0,1,0,1,0.2,-2,Mumbai,0.2159,398.3,105.0
Audi,e-tron,55 quattro,76.6,86.5,300,2595,0.28,2.65,0.0112,92,484,15.2,32.4,1,0,2,2,3,3.8,-2,Mumbai,0.7913,96.8,105.0
Audi,e-tron,55 quattro,86.5,86.5,300,2595,0.28,2.65,0.0116,92,484,29.5,31.6,0,0,2,2,2,0.0,-5,Mumbai,0.4766,181.5,105.0
Audi,e-tron,55 quattro,85.2,86.5,300,2595,0.28,2.65,0.011,92,484,23.7,25.5,0,0,1,2,4,0.5,0,Mumbai,0.2747,310.2,105.0
Audi,e-tron,55 quattro,84.4,86.5,300,2595,0.28,2.65,0.011,92,484,18.0,37.2,0,0,1,1,1,0.8,0,Mumbai,0.2201,383.5,105.0
Audi,e-tron,55 quattro,83.6,86.5,300,2595,0.28,2.65,0.011,92,484,16.3,29.1,0,0,2,0,2,1.1,0,Mumbai,0.3771,221.7,105.0
Audi,e-tron,55 quattro,86.2,86.5,300,2595,0.28,2.65,0.011,92,484,12.2,23.7,0,0,2,0,5,0.1,0,Mumbai,0.3427,251.5,105.0
Audi,e-tron,55 quattro,84.7,86.5,300,2595,0.28,2.65,0.0112,92,484,24.2,34.5,0,0,2,1,2,0.7,-2,Mumbai,0.3819,221.8,105.0
Audi,e-tron,55 quattro,81.1,86.5,300,2595,0.28,2.65,0.011,92,484,22.9,19.4,0,1,1,0,1,2.1,0,Bangalore,0.689,117.7,105.0
Audi,e-tron,55 quattro,84.4,86.5,300,2595,0.28,2.65,0.0112,92,484,33.4,37.3,0,1,1,0,4,0.8,-2,Bangalore,0.6834,123.5,105.0
Audi,e-tron,55 quattro,74.8,86.5,300,2595,0.28,2.65,0.011,92,484,30.8,32.1,0,1,2,2,2,4.5,0,Bangalore,1.3453,55.6,105.0
Audi,e-tron,55 quattro,76.4,86.5,300,2595,0.28,2.65,0.011,92,484,17.5,28.5,0,1,1,1,1,3.9,0,Bangalore,0.6761,113.0,105.0
Audi,e-tron,55 quattro,75.1,86.5,300,2595,0.28,2.65,0.011,92,484,15.5,31.6,0,1,2,1,5,4.4,0,Bangalore,1.2413,60.5,105.0
Audi,e-tron,55 quattro,79.2,86.5,300,2595,0.28,2.65,0.011,92,484,26.6,30.9,0,1,1,1,4,2.8,0,Bangalore,0.7881,100.5,105.0
Audi,e-tron,55 quattro,86.2,86.5,300,2595,0.28,2.65,0.011,92,484,28.7,34.8,1,1,1,1,3,0.1,0,Bangalore,0.8402,102.6,105.0
Audi,e-tron,55 quattro,76.9,86.5,300,2595,0.28,2.65,0.0112,92,484,29.5,37.7,1,1,2,1,4,3.7,-2,Bangalore,1.5888,48.400000000000006,105.0
Audi,e-tron,55 quattro,80.0,86.5,300,2595,0.28,2.65,0.011,92,484,17.9,34.8,1,1,0,1,3,2.5,0,Bangalore,0.5988,133.6,105.0
Audi,e-tron,55 quattro,74.3,86.5,300,2595,0.28,2.65,0.0116,92,484,23.6,28.7,0,1,2,2,3,4.7,-5,Bangalore,1.3992,53.1,105.0
Audi,e-tron,55 quattro,84.4,86.5,300,2595,0.28,2.65,0.0112,92,484,21.0,32.9,1,0,2,1,1,0.8,2,Chennai,0.5837,144.6,105.0
Audi,e-tron,55 quattro,84.7,86.5,300,2595,0.28,2.65,0.0112,92,484,23.9,31.7,1,0,1,1,1,0.7,-2,Chennai,0.3354,252.5,105.0
Audi,e-tron,55 quattro,83.6,86.5,300,2595,0.28,2.65,0.0116,92,484,33.4,31.5,1,0,2,2,1,1.1,-5,Chennai,0.6125,136.5,105.0
Audi,e-tron,55 quattro,74.6,86.5,300,2595,0.28,2.65,0.0112,92,484,32.6,24.2,0,0,2,1,1,4.6,-2,Chennai,0.4172,178.8,105.0
Audi,e-tron,55 quattro,81.1,86.5,300,2595,0.28,2.65,0.0112,92,484,16.0,22.3,0,0,0,1,1,2.1,-2,Chennai,0.1846,439.3,105.0
Audi,e-tron,55 quattro,81.8,86.5,300,2595,0.28,2.65,0.0116,92,484,25.1,40.0,0,0,2,1,2,1.8,-5,Chennai,0.3683,222.1,105.0
Audi,e-tron,55 quattro,81.6,86.5,300,2595,0.28,2.65,0.0116,92,484,26.1,31.6,0,0,0,0,1,1.9,-5,Chennai,0.1775,459.8,105.0
Audi,e-tron,55 quattro,77.2,86.5,300,2595,0.28,2.65,0.0116,92,484,34.7,41.3,1,0,1,2,1,3.6,-5,Chennai,0.4631,166.7,105.0
Audi,e-tron,55 quattro,81.1,86.5,300,2595,0.28,2.65,0.0116,92,484,23.5,31.8,0,0,2,0,2,2.1,-5,Chennai,0.327,248.0,105.0
Audi,e-tron,55 quattro,79.2,86.5,300,2595,0.28,2.65,0.0112,92,484,38.4,14.4,1,1,2,1,2,2.8,-2,Pune,1.3378,59.2,105.0
Audi,e-tron,55 quattro,84.7,86.5,300,2595,0.28,2.65,0.0119,92,484,23.9,24.3,1,1,1,1,3,0.7,-8,Pune,0.7771,109.0,105.0
Audi,e-tron,55 quattro,78.7,86.5,300,2595,0.28,2.65,0.011,92,484,29.9,17.3,0,1,2,0,4,3.0,0,Pune,1.0825,72.7,105.0
Audi,e-tron,55 quattro,80.8,86.5,300,2595,0.28,2.65,0.0116,92,484,23.4,28.5,1,1,1,1,2,2.2,-5,Pune,0.8296,97.4,105.0
Audi,e-tron,55 quattro,76.6,86.5,300,2595,0.28,2.65,0.0112,92,484,28.9,39.2,1,1,0,1,3,3.8,2,Pune,0.6749,113.5,105.0
Audi,e-tron,55 quattro,86.0,86.5,300,2595,0.28,2.65,0.0116,92,484,31.5,39.7,0,1,2,1,1,0.2,-5,Pune,1.2573,68.4,105.0
Audi,e-tron,55 quattro,74.3,86.5,300,2595,0.28,2.65,0.0119,92,484,26.9,26.5,0,1,2,1,4,4.7,-8,Pune,1.2487,59.5,105.0
Audi,e-tron,55 quattro,82.6,86.5,300,2595,0.28,2.65,0.011,92,484,37.3,27.2,0,1,2,1,1,1.5,0,Pune,1.1456,72.1,105.0
Audi,e-tron,55 quattro,85.7,86.5,300,2595,0.28,2.65,0.011,92,484,31.6,14.6,0,1,0,1,5,0.3,0,Pune,0.6201,138.2,105.0
Audi,e-tron,55 quattro,76.1,86.5,300,2595,0.28,2.65,0.0116,92,484,23.1,20.2,0,1,1,0,4,4.0,-5,Pune,0.6248,121.8,105.0
Audi,e-tron,55 quattro,76.9,86.5,300,2595,0.28,2.65,0.0119,92,484,24.6,29.4,1,0,2,1,3,3.7,-8,Hyderabad,0.5888,130.6,105.0
Audi,e-tron,55 quattro,78.7,86.5,300,2595,0.28,2.65,0.0116,92,484,18.0,29.2,0,0,2,2,3,3.0,-5,Hyderabad,0.4526,173.9,105.0
Audi,e-tron,55 quattro,78.7,86.5,300,2595,0.28,2.65,0.011,92,484,25.1,38.6,1,0,1,2,2,3.0,0,Hyderabad,0.4331,181.7,105.0
Audi,e-tron,55 quattro,78.5,86.5,300,2595,0.28,2.65,0.011,92,484,17.6,40.0,1,0,2,0,1,3.1,0,Hyderabad,0.7585,103.5,105.0
Audi,e-tron,55 quattro,75.3,86.5,300,2595,0.28,2.65,0.011,92,484,19.7,36.4,0,0,1,1,1,4.3,0,Hyderabad,0.2381,316.3,105.0
Audi,e-tron,55 quattro,79.8,86.5,300,2595,0.28,2.65,0.0112,92,484,23.5,19.3,0,0,2,1,3,2.6,-2,Hyderabad,0.403,198.0,105.0
Audi,e-tron,55 quattro,85.5,86.5,300,2595,0.28,2.65,0.011,92,484,34.2,35.4,1,0,1,0,2,0.4,0,Hyderabad,0.3161,270.5,105.0
Audi,e-tron,55 quattro,79.5,86.5,300,2595,0.28,2.65,0.011,92,484,24.2,25.8,0,0,2,0,1,2.7,0,Hyderabad,0.3491,227.7,105.0
Audi,e-tron,55 quattro,85.2,86.5,300,2595,0.28,2.65,0.011,92,484,21.7,40.2,0,0,2,0,2,0.5,0,Hyderabad,0.3983,213.9,105.0
Audi,e-tron,55 quattro,79.8,86.5,300,2595,0.28,2.65,0.0112,92,484,33.7,43.0,1,0,1,1,4,2.6,-2,Hyderabad,0.4557,175.1,105.0
Audi,e-tron,55 quattro,82.6,86.5,300,2595,0.28,2.65,0.0112,92,484,18.9,38.8,1,0,2,0,2,1.5,2,Kolkata,0.7066,116.9,105.0
Audi,e-tron,55 quattro,74.6,86.5,300,2595,0.28,2.65,0.011,92,484,17.5,23.4,0,0,2,2,2,4.6,0,Kolkata,0.4494,166.0,105.0
Audi,e-tron,55 quattro,81.8,86.5,300,2595,0.28,2.65,0.0116,92,484,18.9,22.0,0,0,0,0,3,1.8,-5,Kolkata,0.1779,459.8,105.0
Audi,e-tron,55 quattro,77.2,86.5,300,2595,0.28,2.65,0.011,92,484,14.3,22.3,0,0,2,0,2,3.6,0,Kolkata,0.3661,210.9,105.0
Audi,e-tron,55 quattro,76.4,86.5,300,2595,0.28,2.65,0.0116,92,484,27.8,23.6,0,0,2,0,1,3.9,-5,Kolkata,0.3501,218.2,105.0
Audi,e-tron,55 quattro,75.6,86.5,300,2595,0.28,2.65,0.011,92,484,13.7,41.6,1,0,0,1,2,4.2,0,Kolkata,0.5153,146.7,105.0
Audi,e-tron,55 quattro,84.4,86.5,300,2595,0.28,2.65,0.0119,92,484,27.8,26.0,0,0,1,1,1,0.8,-8,Kolkata,0.2198,384.0,105.0
Audi,e-tron,55 quattro,76.4,86.5,300,2595,0.28,2.65,0.0112,92,484,15.7,31.3,1,0,2,1,2,3.9,-2,Kolkata,0.6678,114.4,105.0
Audi,e-tron,55 quattro,81.1,86.5,300,2595,0.28,2.65,0.011,92,484,85.9,21.1,0,0,0,0,2,2.1,0,Highway_NH,0.219,370.3,105.0
Audi,e-tron,55 quattro,74.3,86.5,300,2595,0.28,2.65,0.011,92,484,82.4,29.8,1,0,0,1,3,4.7,0,Highway_NH,0.2901,256.1,105.0
Audi,e-tron,55 quattro,80.5,86.5,300,2595,0.28,2.65,0.0112,92,484,82.8,23.2,0,0,0,0,1,2.3,-2,Highway_NH,0.2237,359.9,105.0
Audi,e-tron,55 quattro,83.1,86.5,300,2595,0.28,2.65,0.011,92,484,72.0,36.2,1,0,0,2,1,1.3,0,Highway_NH,0.3074,270.3,105.0
Audi,e-tron,55 quattro,77.9,86.5,300,2595,0.28,2.65,0.0112,92,484,89.9,32.5,0,0,1,0,1,3.3,-2,Highway_NH,0.3907,199.4,105.0
Audi,e-tron,55 quattro,86.0,86.5,300,2595,0.28,2.65,0.0112,92,484,93.5,23.6,0,0,0,1,3,0.2,2,Highway_NH,0.3081,279.1,105.0
Audi,e-tron,55 quattro,82.1,86.5,300,2595,0.28,2.65,0.0116,92,484,71.7,38.8,1,0,0,0,3,1.7,-5,Highway_NH,0.2583,317.8,105.0
Audi,e-tron,55 quattro,83.1,86.5,300,2595,0.28,2.65,0.0116,92,484,98.9,32.2,0,0,2,0,3,1.3,-5,Highway_NH,0.6851,121.3,105.0
Audi,e-tron,55 quattro,79.0,86.5,300,2595,0.28,2.65,0.0116,92,484,111.2,19.1,0,0,0,1,4,2.9,-5,Expressway,0.3499,225.8,105.0
Audi,e-tron,55 quattro,75.1,86.5,300,2595,0.28,2.65,0.011,92,484,108.9,27.5,0,0,0,0,5,4.4,0,Expressway,0.3348,224.3,105.0
Audi,e-tron,55 quattro,74.8,86.5,300,2595,0.28,2.65,0.011,92,484,96.3,29.9,0,0,0,1,4,4.5,0,Expressway,0.3118,239.9,105.0
Audi,e-tron,55 quattro,85.2,86.5,300,2595,0.28,2.65,0.0112,92,484,116.8,24.1,0,0,1,2,1,0.5,-2,Expressway,0.5808,146.7,105.0
Audi,e-tron,55 quattro,77.2,86.5,300,2595,0.28,2.65,0.0112,92,484,104.2,41.5,1,0,1,1,3,3.6,-2,Expressway,0.5178,149.1,105.0
Audi,e-tron,55 quattro,78.2,86.5,300,2595,0.28,2.65,0.0116,92,484,92.7,25.0,0,0,0,1,2,3.2,-5,Expressway,0.2997,260.9,105.0
Audi,e-tron,55 quattro,81.3,86.5,300,2595,0.28,2.65,0.0116,92,484,87.7,28.5,0,0,0,1,1,2.0,-5,Expressway,0.2992,271.7,105.0
Audi,e-tron,55 quattro,86.0,86.5,300,2595,0.28,2.65,0.0112,92,484,102.3,44.5,1,0,0,1,5,0.2,-2,Expressway,0.4115,209.0,105.0
Audi,e-tron,55 quattro,79.5,86.5,300,2595,0.28,2.65,0.0119,92,484,86.7,43.2,1,0,1,1,1,2.7,-8,Expressway,0.4655,170.8,105.0
Audi,e-tron,55 quattro,77.9,86.5,300,2595,0.28,2.65,0.0116,92,484,98.7,38.3,1,0,0,1,1,3.3,-5,Expressway,0.334,233.2,105.0
Audi,e-tron,55 quattro,79.5,86.5,300,2595,0.28,2.65,0.0112,92,484,86.1,40.7,1,0,0,2,3,2.7,2,Expressway,0.4094,194.2,105.0
Audi,e-tron,55 quattro,75.6,86.5,300,2595,0.28,2.65,0.0116,92,484,109.0,37.2,1,0,0,1,3,4.2,-5,Expressway,0.4086,185.0,105.0
Audi,e-tron,55 quattro,83.6,86.5,300,2595,0.28,2.65,0.0119,92,484,23.8,22.5,0,2,2,0,3,1.1,-8,Hill_Station,1.7273,48.400000000000006,105.0
Audi,e-tron,55 quattro,81.6,86.5,300,2595,0.28,2.65,0.0116,92,484,34.3,9.4,0,2,0,2,4,1.9,-5,Hill_Station,1.5111,54.0,105.0
Audi,e-tron,55 quattro,77.7,86.5,300,2595,0.28,2.65,0.0116,92,484,24.4,24.2,1,2,1,2,2,3.4,-5,Hill_Station,1.6054,48.400000000000006,105.0
Audi,e-tron,55 quattro,81.3,86.5,300,2595,0.28,2.65,0.011,92,484,21.0,20.0,0,2,2,2,1,2.0,0,Hill_Station,1.6798,48.400000000000006,105.0
Audi,e-tron,55 quattro,81.1,86.5,300,2595,0.28,2.65,0.0116,92,484,37.0,11.4,0,2,0,1,2,2.1,-5,Hill_Station,1.2832,63.2,105.0
Audi,e-tron,55 quattro,83.1,86.5,300,2595,0.28,2.65,0.011,92,484,29.8,12.3,0,2,2,1,1,1.3,0,Hill_Station,1.7169,48.400000000000006,105.0
Audi,e-tron,55 quattro,75.3,86.5,300,2595,0.28,2.65,0.0119,92,484,20.1,18.9,0,2,0,1,1,4.3,-8,Hill_Station,1.0757,70.0,105.0
Audi,e-tron,55 quattro,78.7,86.5,300,2595,0.28,2.65,0.011,92,484,34.8,28.5,0,2,1,1,2,3.0,0,Hill_Station,1.626,48.400000000000006,105.0
Audi,e-tron,55 quattro,85.5,86.5,300,2595,0.28,2.65,0.011,92,484,37.2,20.7,0,2,0,1,2,0.4,0,Hill_Station,1.1461,74.6,105.0
Audi,e-tron,55 quattro,82.6,86.5,300,2595,0.28,2.65,0.011,92,484,35.8,5.2,0,2,0,0,4,1.5,0,Hill_Station,1.2767,64.7,105.0
Audi,e-tron,55 quattro,77.9,86.5,300,2595,0.28,2.65,0.0112,92,484,28.1,6.4,0,2,1,1,3,3.3,-2,Hill_Station,1.6095,48.400000000000006,105.0
Audi,e-tron,55 quattro,76.1,86.5,300,2595,0.28,2.65,0.0116,92,484,32.7,22.0,0,0,0,2,4,4.0,-5,Rural_Road,0.21,362.3,105.0
Audi,e-tron,55 quattro,80.8,86.5,300,2595,0.28,2.65,0.0112,92,484,49.3,13.7,1,0,0,0,3,2.2,-2,Rural_Road,0.219,368.9,105.0
Audi,e-tron,55 quattro,78.2,86.5,300,2595,0.28,2.65,0.011,92,484,46.0,14.0,0,0,1,1,4,3.2,0,Rural_Road,0.2673,292.6,105.0
Audi,e-tron,55 quattro,86.2,86.5,300,2595,0.28,2.65,0.011,92,484,44.9,23.5,0,0,0,0,2,0.1,0,Rural_Road,0.1875,459.8,105.0
Audi,e-tron,55 quattro,77.9,86.5,300,2595,0.28,2.65,0.0116,92,484,39.6,40.0,0,0,1,1,2,3.3,-5,Rural_Road,0.2435,319.9,105.0
Audi,e-tron,55 quattro,80.0,86.5,300,2595,0.28,2.65,0.0116,92,484,59.2,20.8,1,0,0,0,2,2.5,-5,Rural_Road,0.2029,394.2,105.0
Audi,e-tron,55 quattro,74.6,86.5,300,2595,0.28,2.65,0.011,92,484,38.0,37.8,1,0,2,1,2,4.6,0,Rural_Road,0.5902,126.4,105.0
Audi,e-tron,55 quattro,85.7,86.5,300,2595,0.28,2.65,0.011,92,484,40.1,20.3,0,0,1,2,4,0.3,0,Rural_Road,0.321,267.0,105.0
Audi,e-tron,55 quattro,86.2,86.5,300,2595,0.28,2.65,0.011,92,484,22.2,19.4,0,2,1,1,3,0.1,0,Ghat_Road,1.4415,59.8,105.0
Audi,e-tron,55 quattro,75.6,86.5,300,2595,0.28,2.65,0.0112,92,484,30.5,12.4,0,2,1,1,1,4.2,-2,Ghat_Road,1.562,48.400000000000006,105.0
Audi,e-tron,55 quattro,80.8,86.5,300,2595,0.28,2.65,0.0112,92,484,26.3,32.8,0,2,1,0,1,2.2,-2,Ghat_Road,1.3444,60.1,105.0
Audi,e-tron,55 quattro,81.1,86.5,300,2595,0.28,2.65,0.0112,92,484,34.7,17.0,0,2,0,1,2,2.1,-2,Ghat_Road,1.1586,70.0,105.0
Audi,e-tron,55 quattro,86.5,86.5,300,2595,0.28,2.65,0.0112,92,484,27.4,23.1,0,2,2,2,1,0.0,-2,Ghat_Road,1.7872,48.400000000000006,105.0
Audi,e-tron,55 quattro,81.8,86.5,300,2595,0.28,2.65,0.011,92,484,16.4,28.8,1,2,1,2,1,1.8,0,Ghat_Road,1.6901,48.400000000000006,105.0
Audi,e-tron,55 quattro,75.1,86.5,300,2595,0.28,2.65,0.011,92,484,29.2,15.3,0,2,0,2,2,4.4,0,Ghat_Road,1.179,63.7,105.0
Audi,e-tron,55 quattro,81.1,86.5,300,2595,0.28,2.65,0.011,92,484,26.9,10.1,0,2,2,1,1,2.1,0,Ghat_Road,1.6756,48.400000000000006,105.0
Audi,e-tron,55 quattro,76.4,86.5,300,2595,0.28,2.65,0.0112,92,484,22.3,10.8,0,2,1,0,2,3.9,-2,Ghat_Road,1.5624,48.9,105.0
Audi,e-tron,55 quattro,74.0,86.5,300,2595,0.28,2.65,0.0116,92,484,24.6,28.7,0,2,2,0,1,4.8,-5,Ghat_Road,1.5289,48.400000000000006,105.0
Audi,e-tron,55 quattro,84.9,86.5,300,2595,0.28,2.65,0.0119,92,484,18.2,21.5,0,2,2,2,4,0.6,-8,Ghat_Road,1.7541,48.400000000000006,105.0
Audi,e-tron,55 quattro,79.2,86.5,300,2595,0.28,2.65,0.011,92,484,18.8,15.1,1,2,1,1,1,2.8,0,Ghat_Road,1.464,54.1,105.0
Audi,e-tron GT,RS,80.7,84.0,440,2420,0.24,2.35,0.01,94,481,22.3,46.3,1,0,0,0,2,1.3,0,Delhi,0.3099,260.4,195.0
Audi,e-tron GT,RS,82.0,84.0,440,2420,0.24,2.35,0.0102,94,481,31.4,26.2,0,0,2,2,2,0.8,-2,Delhi,0.3751,218.6,195.0
Audi,e-tron GT,RS,78.5,84.0,440,2420,0.24,2.35,0.0105,94,481,24.8,26.9,0,0,2,1,4,2.2,-5,Delhi,0.3343,234.8,195.0
Audi,e-tron GT,RS,71.4,84.0,440,2420,0.24,2.35,0.01,94,481,33.9,43.6,0,0,2,0,2,5.0,0,Delhi,0.3394,210.4,195.0
Audi,e-tron GT,RS,80.7,84.0,440,2420,0.24,2.35,0.0102,94,481,18.2,26.0,0,0,2,0,1,1.3,-2,Delhi,0.2791,289.1,195.0
Audi,e-tron GT,RS,74.2,84.0,440,2420,0.24,2.35,0.01,94,481,23.5,11.5,0,0,2,2,1,3.9,0,Delhi,0.3664,202.5,195.0
Audi,e-tron GT,RS,79.2,84.0,440,2420,0.24,2.35,0.0102,94,481,32.0,24.8,0,0,2,1,3,1.9,-2,Delhi,0.3375,234.7,195.0
Audi,e-tron GT,RS,78.0,84.0,440,2420,0.24,2.35,0.01,94,481,23.7,11.7,0,0,1,0,1,2.4,0,Delhi,0.1921,406.1,195.0
Audi,e-tron GT,RS,71.9,84.0,440,2420,0.24,2.35,0.0102,94,481,20.7,26.8,0,0,2,0,1,4.8,-2,Mumbai,0.3058,235.1,195.0
Audi,e-tron GT,RS,73.7,84.0,440,2420,0.24,2.35,0.0102,94,481,21.9,32.9,0,0,2,0,2,4.1,-2,Mumbai,0.2581,285.6,195.0
Audi,e-tron GT,RS,79.7,84.0,440,2420,0.24,2.35,0.01,94,481,20.7,19.7,0,0,2,0,1,1.7,0,Mumbai,0.2898,275.0,195.0
Audi,e-tron GT,RS,73.4,84.0,440,2420,0.24,2.35,0.01,94,481,25.1,28.2,0,0,2,1,2,4.2,0,Mumbai,0.3271,224.4,195.0
Audi,e-tron GT,RS,79.2,84.0,440,2420,0.24,2.35,0.01,94,481,14.8,27.5,1,0,1,1,3,1.9,0,Mumbai,0.3362,235.6,195.0
Audi,e-tron GT,RS,72.7,84.0,440,2420,0.24,2.35,0.01,94,481,25.9,37.7,0,0,1,1,3,4.5,0,Mumbai,0.1917,379.2,195.0
Audi,e-tron GT,RS,72.7,84.0,440,2420,0.24,2.35,0.01,94,481,22.3,20.6,0,0,2,0,2,4.5,0,Mumbai,0.2503,290.5,195.0
Audi,e-tron GT,RS,79.7,84.0,440,2420,0.24,2.35,0.0105,94,481,12.1,19.1,0,0,0,1,4,1.7,-5,Mumbai,0.1744,456.95,195.0
Audi,e-tron GT,RS,74.4,84.0,440,2420,0.24,2.35,0.01,94,481,12.8,24.6,1,0,2,1,1,3.8,0,Mumbai,0.3829,194.3,195.0
Audi,e-tron GT,RS,82.5,84.0,440,2420,0.24,2.35,0.0108,94,481,12.2,36.4,1,0,2,2,4,0.6,-8,Mumbai,1.0942,75.4,195.0
Audi,e-tron GT,RS,72.4,84.0,440,2420,0.24,2.35,0.0105,94,481,26.2,22.5,0,1,2,0,2,4.6,-5,Bangalore,0.9476,76.4,195.0
Audi,e-tron GT,RS,82.5,84.0,440,2420,0.24,2.35,0.01,94,481,31.1,18.9,0,1,2,1,3,0.6,0,Bangalore,1.1317,72.9,195.0
Audi,e-tron GT,RS,81.0,84.0,440,2420,0.24,2.35,0.0102,94,481,25.9,29.3,0,1,2,0,4,1.2,-2,Bangalore,0.9419,86.0,195.0
Audi,e-tron GT,RS,73.7,84.0,440,2420,0.24,2.35,0.01,94,481,24.8,30.7,0,1,2,1,1,4.1,0,Bangalore,1.0236,72.0,195.0
Audi,e-tron GT,RS,82.5,84.0,440,2420,0.24,2.35,0.0102,94,481,27.6,17.2,0,1,2,2,3,0.6,-2,Bangalore,1.2259,67.3,195.0
Audi,e-tron GT,RS,79.2,84.0,440,2420,0.24,2.35,0.01,94,481,23.9,34.4,1,1,2,0,1,1.9,0,Bangalore,1.097,72.2,195.0
Audi,e-tron GT,RS,74.4,84.0,440,2420,0.24,2.35,0.0102,94,481,20.5,21.5,0,1,2,0,5,3.8,-2,Bangalore,0.9802,75.9,195.0
Audi,e-tron GT,RS,75.2,84.0,440,2420,0.24,2.35,0.0102,94,481,31.2,24.1,0,1,1,2,1,3.5,-2,Bangalore,0.6868,109.5,195.0
Audi,e-tron GT,RS,76.2,84.0,440,2420,0.24,2.35,0.0102,94,481,30.2,28.4,0,0,0,2,2,3.1,2,Chennai,0.173,440.4,195.0
Audi,e-tron GT,RS,71.4,84.0,440,2420,0.24,2.35,0.0102,94,481,24.0,38.9,0,0,2,1,1,5.0,-2,Chennai,0.2937,243.1,195.0
Audi,e-tron GT,RS,80.5,84.0,440,2420,0.24,2.35,0.0105,94,481,18.7,34.9,1,0,2,1,2,1.4,-5,Chennai,0.5575,144.4,195.0
Audi,e-tron GT,RS,77.7,84.0,440,2420,0.24,2.35,0.01,94,481,31.4,23.5,0,0,1,1,3,2.5,0,Chennai,0.1896,409.8,195.0
Audi,e-tron GT,RS,83.0,84.0,440,2420,0.24,2.35,0.0108,94,481,28.3,23.3,0,0,2,2,3,0.4,-8,Chennai,0.4194,197.9,195.0
Audi,e-tron GT,RS,81.2,84.0,440,2420,0.24,2.35,0.0105,94,481,23.2,23.4,0,0,2,1,3,1.1,-5,Chennai,0.3227,251.6,195.0
Audi,e-tron GT,RS,77.7,84.0,440,2420,0.24,2.35,0.01,94,481,22.3,24.4,0,0,1,1,3,2.5,0,Chennai,0.1866,416.4,195.0
Audi,e-tron GT,RS,78.0,84.0,440,2420,0.24,2.35,0.0108,94,481,26.3,37.5,1,0,2,0,4,2.4,-8,Chennai,0.5405,144.3,195.0
Audi,e-tron GT,RS,80.2,84.0,440,2420,0.24,2.35,0.01,94,481,18.8,32.0,1,0,2,0,3,1.5,0,Chennai,0.4757,168.6,195.0
Audi,e-tron GT,RS,78.5,84.0,440,2420,0.24,2.35,0.0102,94,481,18.3,19.4,0,1,1,2,2,2.2,-2,Pune,0.7323,107.2,195.0
Audi,e-tron GT,RS,76.4,84.0,440,2420,0.24,2.35,0.0108,94,481,21.0,31.5,1,1,2,2,2,3.0,-8,Pune,1.5528,49.2,195.0
Audi,e-tron GT,RS,74.4,84.0,440,2420,0.24,2.35,0.0108,94,481,32.5,20.7,0,1,1,1,2,3.8,-8,Pune,0.6442,115.5,195.0
Audi,e-tron GT,RS,79.2,84.0,440,2420,0.24,2.35,0.01,94,481,28.8,13.8,0,1,2,1,3,1.9,0,Pune,1.1699,67.7,195.0
Audi,e-tron GT,RS,75.4,84.0,440,2420,0.24,2.35,0.01,94,481,34.9,35.4,0,1,2,2,2,3.4,0,Pune,1.1949,63.1,195.0
Audi,e-tron GT,RS,82.5,84.0,440,2420,0.24,2.35,0.0105,94,481,26.1,34.2,1,1,1,1,2,0.6,-5,Pune,0.695,118.7,195.0
Audi,e-tron GT,RS,72.7,84.0,440,2420,0.24,2.35,0.0102,94,481,39.8,36.0,1,1,2,0,2,4.5,-2,Pune,0.9668,75.2,195.0
Audi,e-tron GT,RS,76.9,84.0,440,2420,0.24,2.35,0.01,94,481,33.7,33.6,0,1,2,1,2,2.8,0,Pune,0.9771,78.7,195.0
Audi,e-tron GT,RS,81.2,84.0,440,2420,0.24,2.35,0.0102,94,481,24.1,37.0,0,0,1,2,1,1.1,-2,Hyderabad,0.221,367.5,195.0
Audi,e-tron GT,RS,80.2,84.0,440,2420,0.24,2.35,0.01,94,481,25.3,19.8,0,0,2,2,4,1.5,0,Hyderabad,0.3886,206.4,195.0
Audi,e-tron GT,RS,81.7,84.0,440,2420,0.24,2.35,0.01,94,481,31.7,21.3,0,0,2,0,1,0.9,0,Hyderabad,0.2652,308.1,195.0
Audi,e-tron GT,RS,84.0,84.0,440,2420,0.24,2.35,0.0105,94,481,15.2,38.0,0,0,2,1,2,0.0,-5,Hyderabad,0.3531,237.9,195.0
Audi,e-tron GT,RS,78.7,84.0,440,2420,0.24,2.35,0.01,94,481,29.2,17.0,0,0,1,1,1,2.1,0,Hyderabad,0.1815,433.5,195.0
Audi,e-tron GT,RS,80.7,84.0,440,2420,0.24,2.35,0.0105,94,481,31.6,38.1,1,0,2,1,1,1.3,-5,Hyderabad,0.555,145.4,195.0
Audi,e-tron GT,RS,74.2,84.0,440,2420,0.24,2.35,0.0102,94,481,25.5,36.5,0,0,2,0,1,3.9,2,Hyderabad,0.277,267.9,195.0
Audi,e-tron GT,RS,74.9,84.0,440,2420,0.24,2.35,0.0102,94,481,20.0,29.8,0,0,1,1,3,3.6,-2,Hyderabad,0.196,382.1,195.0
Audi,e-tron GT,RS,74.7,84.0,440,2420,0.24,2.35,0.01,94,481,20.4,14.0,0,0,2,1,2,3.7,0,Kolkata,0.3351,222.9,195.0
Audi,e-tron GT,RS,77.4,84.0,440,2420,0.24,2.35,0.0105,94,481,14.9,33.3,0,0,2,1,3,2.6,-5,Kolkata,0.3472,222.9,195.0
Audi,e-tron GT,RS,72.9,84.0,440,2420,0.24,2.35,0.0102,94,481,26.0,12.1,0,0,2,1,4,4.4,2,Kolkata,0.346,210.7,195.0
Audi,e-tron GT,RS,73.4,84.0,440,2420,0.24,2.35,0.0102,94,481,21.3,34.7,0,0,1,0,2,4.2,2,Kolkata,0.1911,384.1,195.0
Audi,e-tron GT,RS,73.2,84.0,440,2420,0.24,2.35,0.0105,94,481,17.0,38.5,0,0,1,1,2,4.3,-5,Kolkata,0.1883,388.8,195.0
Audi,e-tron GT,RS,83.0,84.0,440,2420,0.24,2.35,0.01,94,481,17.2,24.3,0,0,2,1,3,0.4,0,Kolkata,0.3017,275.1,195.0
Audi,e-tron GT,RS,78.0,84.0,440,2420,0.24,2.35,0.0108,94,481,27.6,17.9,0,0,0,1,2,2.4,-8,Kolkata,0.1707,456.95,195.0
Audi,e-tron GT,RS,75.2,84.0,440,2420,0.24,2.35,0.0102,94,481,27.1,30.7,0,0,1,0,3,3.5,-2,Kolkata,0.1828,411.3,195.0
Audi,e-tron GT,RS,72.2,84.0,440,2420,0.24,2.35,0.01,94,481,13.8,25.4,0,0,2,0,4,4.7,0,Kolkata,0.2981,242.2,195.0
Audi,e-tron GT,RS,72.4,84.0,440,2420,0.24,2.35,0.0102,94,481,90.9,34.1,1,0,1,1,1,4.6,-2,Highway_NH,0.3353,215.9,195.0
Audi,e-tron GT,RS,76.2,84.0,440,2420,0.24,2.35,0.0102,94,481,79.4,24.9,0,0,0,1,3,3.1,-2,Highway_NH,0.2091,364.4,195.0
Audi,e-tron GT,RS,72.7,84.0,440,2420,0.24,2.35,0.0102,94,481,87.0,41.6,0,0,2,1,2,4.5,-2,Highway_NH,0.5365,135.5,195.0
Audi,e-tron GT,RS,76.4,84.0,440,2420,0.24,2.35,0.0102,94,481,79.7,31.0,0,0,0,2,1,3.0,-2,Highway_NH,0.2626,290.9,195.0
Audi,e-tron GT,RS,74.2,84.0,440,2420,0.24,2.35,0.01,94,481,90.9,41.0,1,0,0,1,4,3.9,0,Highway_NH,0.293,253.2,195.0
Audi,e-tron GT,RS,82.2,84.0,440,2420,0.24,2.35,0.0102,94,481,88.7,36.9,1,0,0,1,4,0.7,-2,Highway_NH,0.2682,306.5,195.0
Audi,e-tron GT,RS,74.9,84.0,440,2420,0.24,2.35,0.0102,94,481,88.3,39.7,1,0,0,2,1,3.6,-2,Highway_NH,0.2991,250.4,195.0
Audi,e-tron GT,RS,74.9,84.0,440,2420,0.24,2.35,0.0105,94,481,97.4,41.6,1,0,0,0,4,3.6,-5,Highway_NH,0.2963,252.8,195.0
Audi,e-tron GT,RS,77.2,84.0,440,2420,0.24,2.35,0.0105,94,481,75.3,39.4,1,0,0,2,3,2.7,-5,Highway_NH,0.255,302.7,195.0
Audi,e-tron GT,RS,72.2,84.0,440,2420,0.24,2.35,0.01,94,481,89.1,29.4,1,0,1,1,1,4.7,0,Highway_NH,0.2889,249.9,195.0
Audi,e-tron GT,RS,74.4,84.0,440,2420,0.24,2.35,0.0105,94,481,94.0,39.9,0,0,1,2,1,3.8,-5,Highway_NH,0.3435,216.6,195.0
Audi,e-tron GT,RS,84.0,84.0,440,2420,0.24,2.35,0.0102,94,481,104.6,42.4,1,0,1,0,3,0.0,-2,Expressway,0.407,206.4,195.0
Audi,e-tron GT,RS,72.2,84.0,440,2420,0.24,2.35,0.01,94,481,80.8,26.7,0,0,1,0,2,4.7,0,Expressway,0.2599,277.8,195.0
Audi,e-tron GT,RS,78.5,84.0,440,2420,0.24,2.35,0.01,94,481,87.2,31.4,0,0,0,1,2,2.2,0,Expressway,0.2451,320.3,195.0
Audi,e-tron GT,RS,74.2,84.0,440,2420,0.24,2.35,0.0105,94,481,114.1,33.0,0,0,0,0,1,3.9,-5,Expressway,0.2454,302.4,195.0
Audi,e-tron GT,RS,71.7,84.0,440,2420,0.24,2.35,0.0105,94,481,111.7,38.7,1,0,0,1,1,4.9,-5,Expressway,0.3326,215.6,195.0
Audi,e-tron GT,RS,79.0,84.0,440,2420,0.24,2.35,0.0108,94,481,116.8,42.9,1,0,0,1,3,2.0,-8,Expressway,0.3594,219.8,195.0
Audi,e-tron GT,RS,73.7,84.0,440,2420,0.24,2.35,0.01,94,481,92.9,19.4,0,0,1,1,2,4.1,0,Expressway,0.3148,234.1,195.0
Audi,e-tron GT,RS,81.7,84.0,440,2420,0.24,2.35,0.0102,94,481,101.9,28.4,1,0,1,2,4,0.9,2,Expressway,0.4302,189.9,195.0
Audi,e-tron GT,RS,76.7,84.0,440,2420,0.24,2.35,0.0105,94,481,99.9,34.8,1,0,1,1,4,2.9,-5,Expressway,0.3827,200.4,195.0
Audi,e-tron GT,RS,81.7,84.0,440,2420,0.24,2.35,0.01,94,481,93.2,36.5,0,0,0,1,2,0.9,0,Expressway,0.2397,340.9,195.0
Audi,e-tron GT,RS,81.2,84.0,440,2420,0.24,2.35,0.0105,94,481,114.9,44.2,1,0,0,1,2,1.1,-5,Expressway,0.3723,218.1,195.0
Audi,e-tron GT,RS,80.0,84.0,440,2420,0.24,2.35,0.01,94,481,95.6,16.3,0,0,0,2,4,1.6,0,Expressway,0.286,279.7,195.0
Audi,e-tron GT,RS,73.2,84.0,440,2420,0.24,2.35,0.0102,94,481,36.0,10.5,0,2,2,2,1,4.3,-2,Hill_Station,1.5218,48.1,195.0
Audi,e-tron GT,RS,80.7,84.0,440,2420,0.24,2.35,0.01,94,481,38.5,9.1,0,2,1,0,3,1.3,0,Hill_Station,1.4208,56.8,195.0
Audi,e-tron GT,RS,74.7,84.0,440,2420,0.24,2.35,0.01,94,481,23.0,25.3,0,2,1,1,2,3.7,0,Hill_Station,1.3656,54.7,195.0
Audi,e-tron GT,RS,77.4,84.0,440,2420,0.24,2.35,0.01,94,481,25.1,17.0,0,2,0,1,2,2.6,0,Hill_Station,0.9949,77.8,195.0
Audi,e-tron GT,RS,78.0,84.0,440,2420,0.24,2.35,0.0105,94,481,31.7,14.8,0,2,2,1,1,2.4,-5,Hill_Station,1.6216,48.1,195.0
Audi,e-tron GT,RS,79.7,84.0,440,2420,0.24,2.35,0.0108,94,481,26.4,22.7,0,2,1,1,2,1.7,-8,Hill_Station,1.2793,62.3,195.0
Audi,e-tron GT,RS,76.2,84.0,440,2420,0.24,2.35,0.0102,94,481,23.1,20.5,0,2,0,1,3,3.1,-2,Hill_Station,0.9214,82.7,195.0
Audi,e-tron GT,RS,76.4,84.0,440,2420,0.24,2.35,0.01,94,481,34.9,28.5,0,2,1,1,4,3.0,0,Hill_Station,1.4442,52.9,195.0
Audi,e-tron GT,RS,83.7,84.0,440,2420,0.24,2.35,0.01,94,481,25.1,25.1,0,2,1,1,4,0.1,0,Hill_Station,1.484,56.4,195.0
Audi,e-tron GT,RS,84.0,84.0,440,2420,0.24,2.35,0.01,94,481,29.9,14.4,0,2,2,1,2,0.0,0,Hill_Station,1.7464,48.1,195.0
Audi,e-tron GT,RS,79.2,84.0,440,2420,0.24,2.35,0.0102,94,481,31.2,25.7,0,2,1,0,2,1.9,2,Hill_Station,1.1596,68.3,195.0
Audi,e-tron GT,RS,83.5,84.0,440,2420,0.24,2.35,0.0105,94,481,55.8,10.3,0,0,1,1,2,0.2,-5,Rural_Road,0.2523,330.9,195.0
Audi,e-tron GT,RS,79.2,84.0,440,2420,0.24,2.35,0.01,94,481,57.8,42.9,1,0,0,1,5,1.9,0,Rural_Road,0.248,319.3,195.0
Audi,e-tron GT,RS,80.7,84.0,440,2420,0.24,2.35,0.0108,94,481,41.6,27.3,1,0,0,1,3,1.3,-8,Rural_Road,0.1951,413.6,195.0
Audi,e-tron GT,RS,83.0,84.0,440,2420,0.24,2.35,0.0105,94,481,39.4,14.8,0,0,1,1,2,0.4,-5,Rural_Road,0.2249,369.1,195.0
Audi,e-tron GT,RS,71.7,84.0,440,2420,0.24,2.35,0.01,94,481,48.5,15.6,0,0,2,1,1,4.9,0,Rural_Road,0.3413,210.1,195.0
Audi,e-tron GT,RS,77.7,84.0,440,2420,0.24,2.35,0.0102,94,481,37.7,16.3,0,0,0,1,4,2.5,-2,Rural_Road,0.17,456.95,195.0
Audi,e-tron GT,RS,75.7,84.0,440,2420,0.24,2.35,0.0105,94,481,55.2,39.4,1,0,0,0,1,3.3,-5,Rural_Road,0.1967,384.9,195.0
Audi,e-tron GT,RS,77.7,84.0,440,2420,0.24,2.35,0.01,94,481,49.6,17.3,0,0,0,1,1,2.5,0,Rural_Road,0.17,456.95,195.0
Audi,e-tron GT,RS,82.5,84.0,440,2420,0.24,2.35,0.0102,94,481,44.4,12.1,1,0,0,1,1,0.6,-2,Rural_Road,0.1805,456.95,195.0
Audi,e-tron GT,RS,73.9,84.0,440,2420,0.24,2.35,0.0108,94,481,30.1,43.2,1,0,0,1,3,4.0,-8,Rural_Road,0.2791,264.8,195.0
Audi,e-tron GT,RS,72.9,84.0,440,2420,0.24,2.35,0.0105,94,481,35.3,24.7,0,0,2,1,4,4.4,-5,Rural_Road,0.3358,217.1,195.0
Audi,e-tron GT,RS,73.4,84.0,440,2420,0.24,2.35,0.0102,94,481,23.5,34.0,1,2,2,1,2,4.2,-2,Ghat_Road,1.526,48.1,195.0
Audi,e-tron GT,RS,76.4,84.0,440,2420,0.24,2.35,0.01,94,481,28.8,16.0,0,2,0,1,4,3.0,0,Ghat_Road,1.0437,73.2,195.0
Audi,e-tron GT,RS,80.7,84.0,440,2420,0.24,2.35,0.0105,94,481,30.5,14.0,0,2,2,2,3,1.3,-5,Ghat_Road,1.6778,48.1,195.0
Audi,e-tron GT,RS,82.0,84.0,440,2420,0.24,2.35,0.0105,94,481,20.5,16.3,0,2,2,2,4,0.8,-5,Ghat_Road,1.7048,48.1,195.0
Audi,e-tron GT,RS,83.0,84.0,440,2420,0.24,2.35,0.01,94,481,26.5,33.6,0,2,1,0,2,0.4,0,Ghat_Road,1.1096,74.8,195.0
Audi,e-tron GT,RS,83.0,84.0,440,2420,0.24,2.35,0.0105,94,481,18.7,22.0,0,2,2,1,4,0.4,-5,Ghat_Road,1.7256,48.1,195.0
Audi,e-tron GT,RS,72.2,84.0,440,2420,0.24,2.35,0.0102,94,481,23.1,34.3,0,2,2,2,2,4.7,2,Ghat_Road,1.501,48.1,195.0
Audi,e-tron GT,RS,78.2,84.0,440,2420,0.24,2.35,0.0108,94,481,27.8,17.9,0,2,0,1,1,2.3,-8,Ghat_Road,0.9666,80.9,195.0
Audi,Q8 e-tron,55 quattro,91.3,95.0,300,2620,0.27,2.7,0.0119,93,582,21.0,25.2,0,0,2,1,2,1.3,-8,Delhi,0.2573,354.8,115.0
Audi,Q8 e-tron,55 quattro,89.6,95.0,300,2620,0.27,2.7,0.0112,93,582,24.9,28.6,0,0,2,0,1,1.9,-2,Delhi,0.2224,402.9,115.0
Audi,Q8 e-tron,55 quattro,92.4,95.0,300,2620,0.27,2.7,0.0116,93,582,15.0,12.8,0,0,2,0,2,0.9,-5,Delhi,0.248,372.6,115.0
Audi,Q8 e-tron,55 quattro,88.7,95.0,300,2620,0.27,2.7,0.0116,93,582,34.7,16.1,0,0,0,1,2,2.2,-5,Delhi,0.1604,552.9,115.0
Audi,Q8 e-tron,55 quattro,86.2,95.0,300,2620,0.27,2.7,0.0112,93,582,32.8,29.1,0,0,2,2,4,3.1,-2,Delhi,0.2906,296.6,115.0
Audi,Q8 e-tron,55 quattro,84.7,95.0,300,2620,0.27,2.7,0.0116,93,582,30.5,37.2,1,0,2,1,3,3.6,-5,Delhi,0.3866,219.1,115.0
Audi,Q8 e-tron,55 quattro,85.9,95.0,300,2620,0.27,2.7,0.0116,93,582,27.6,31.1,0,0,2,1,1,3.2,-5,Delhi,0.2573,333.9,115.0
Audi,Q8 e-tron,55 quattro,80.8,95.0,300,2620,0.27,2.7,0.011,93,582,26.7,16.7,0,0,1,2,1,5.0,0,Delhi,0.1771,456.3,115.0
Audi,Q8 e-tron,55 quattro,83.3,95.0,300,2620,0.27,2.7,0.0112,93,582,17.3,22.0,0,0,2,0,4,4.1,-2,Delhi,0.2331,357.4,115.0
Audi,Q8 e-tron,55 quattro,84.5,95.0,300,2620,0.27,2.7,0.011,93,582,18.0,28.3,0,0,1,0,2,3.7,0,Delhi,0.1528,552.9,115.0
Audi,Q8 e-tron,55 quattro,92.7,95.0,300,2620,0.27,2.7,0.011,93,582,18.6,16.2,0,0,2,1,3,0.8,0,Delhi,0.2561,361.9,115.0
Audi,Q8 e-tron,55 quattro,87.3,95.0,300,2620,0.27,2.7,0.011,93,582,25.5,45.0,1,0,0,1,2,2.7,0,Delhi,0.2116,412.6,115.0
Audi,Q8 e-tron,55 quattro,80.8,95.0,300,2620,0.27,2.7,0.0112,93,582,24.0,34.5,1,0,2,1,3,5.0,-2,Mumbai,0.3799,212.7,115.0
Audi,Q8 e-tron,55 quattro,91.3,95.0,300,2620,0.27,2.7,0.011,93,582,21.9,19.8,0,0,1,1,1,1.3,0,Mumbai,0.1651,552.9,115.0
Audi,Q8 e-tron,55 quattro,88.2,95.0,300,2620,0.27,2.7,0.0112,93,582,23.1,33.6,1,0,1,1,2,2.4,-2,Mumbai,0.2202,400.6,115.0
Audi,Q8 e-tron,55 quattro,92.7,95.0,300,2620,0.27,2.7,0.011,93,582,22.2,32.9,1,0,1,1,1,0.8,0,Mumbai,0.2152,430.8,115.0
Audi,Q8 e-tron,55 quattro,88.4,95.0,300,2620,0.27,2.7,0.0112,93,582,22.6,27.0,1,0,2,0,4,2.3,-2,Mumbai,0.3183,277.7,115.0
Audi,Q8 e-tron,55 quattro,91.0,95.0,300,2620,0.27,2.7,0.0112,93,582,19.0,36.1,1,0,2,1,5,1.4,2,Mumbai,0.4708,193.3,115.0
Audi,Q8 e-tron,55 quattro,85.6,95.0,300,2620,0.27,2.7,0.0116,93,582,18.4,19.0,0,0,2,1,2,3.3,-5,Mumbai,0.2657,322.2,115.0
Audi,Q8 e-tron,55 quattro,87.6,95.0,300,2620,0.27,2.7,0.0116,93,582,26.0,37.9,0,0,2,1,1,2.6,-5,Mumbai,0.2506,349.6,115.0
Audi,Q8 e-tron,55 quattro,92.1,95.0,300,2620,0.27,2.7,0.0112,93,582,23.5,17.0,0,1,0,0,3,1.0,-2,Bangalore,0.3043,302.7,115.0
Audi,Q8 e-tron,55 quattro,83.0,95.0,300,2620,0.27,2.7,0.011,93,582,31.4,17.5,0,1,2,1,2,4.2,0,Bangalore,0.7404,112.1,115.0
Audi,Q8 e-tron,55 quattro,85.6,95.0,300,2620,0.27,2.7,0.0112,93,582,16.6,37.0,1,1,2,0,2,3.3,-2,Bangalore,0.8075,106.0,115.0
Audi,Q8 e-tron,55 quattro,88.7,95.0,300,2620,0.27,2.7,0.0119,93,582,16.0,24.9,0,1,2,0,3,2.2,-8,Bangalore,0.6951,127.6,115.0
Audi,Q8 e-tron,55 quattro,87.0,95.0,300,2620,0.27,2.7,0.0112,93,582,17.3,25.3,1,1,1,0,1,2.8,2,Bangalore,0.4403,197.6,115.0
Audi,Q8 e-tron,55 quattro,86.2,95.0,300,2620,0.27,2.7,0.0119,93,582,17.2,19.4,1,1,2,0,1,3.1,-8,Bangalore,0.7399,116.5,115.0
Audi,Q8 e-tron,55 quattro,89.3,95.0,300,2620,0.27,2.7,0.0119,93,582,26.6,30.9,1,1,2,1,2,2.0,-8,Bangalore,0.8975,99.5,115.0
Audi,Q8 e-tron,55 quattro,92.7,95.0,300,2620,0.27,2.7,0.0112,93,582,24.2,36.6,1,1,2,0,4,0.8,-2,Bangalore,0.9142,101.4,115.0
Audi,Q8 e-tron,55 quattro,93.3,95.0,300,2620,0.27,2.7,0.0112,93,582,16.6,27.0,0,1,1,1,4,0.6,-2,Bangalore,0.5068,184.1,115.0
Audi,Q8 e-tron,55 quattro,88.7,95.0,300,2620,0.27,2.7,0.0112,93,582,28.3,35.4,1,0,2,1,1,2.2,-2,Chennai,0.3967,223.6,115.0
Audi,Q8 e-tron,55 quattro,89.9,95.0,300,2620,0.27,2.7,0.0112,93,582,22.7,35.1,1,0,1,1,2,1.8,-2,Chennai,0.2493,360.6,115.0
Audi,Q8 e-tron,55 quattro,91.3,95.0,300,2620,0.27,2.7,0.011,93,582,26.6,29.1,0,0,0,1,1,1.3,0,Chennai,0.1651,552.9,115.0
Audi,Q8 e-tron,55 quattro,91.6,95.0,300,2620,0.27,2.7,0.0119,93,582,24.6,38.3,1,0,2,1,1,1.2,-8,Chennai,0.4243,215.9,115.0
Audi,Q8 e-tron,55 quattro,91.9,95.0,300,2620,0.27,2.7,0.011,93,582,30.7,41.2,1,0,2,0,4,1.1,0,Chennai,0.3948,232.8,115.0
Audi,Q8 e-tron,55 quattro,91.6,95.0,300,2620,0.27,2.7,0.011,93,582,24.5,30.0,1,0,2,1,2,1.2,0,Chennai,0.3276,279.6,115.0
Audi,Q8 e-tron,55 quattro,83.3,95.0,300,2620,0.27,2.7,0.0119,93,582,18.7,27.1,0,0,2,1,4,4.1,-8,Chennai,0.2762,301.6,115.0
Audi,Q8 e-tron,55 quattro,84.5,95.0,300,2620,0.27,2.7,0.0112,93,582,26.6,23.1,0,0,2,0,1,3.7,-2,Chennai,0.2062,409.8,115.0
Audi,Q8 e-tron,55 quattro,84.2,95.0,300,2620,0.27,2.7,0.0112,93,582,29.7,38.8,0,0,2,1,2,3.8,-2,Chennai,0.2373,354.8,115.0
Audi,Q8 e-tron,55 quattro,92.4,95.0,300,2620,0.27,2.7,0.0119,93,582,24.5,31.2,1,0,1,1,1,0.9,-8,Chennai,0.2319,398.4,115.0
Audi,Q8 e-tron,55 quattro,89.9,95.0,300,2620,0.27,2.7,0.0119,93,582,22.5,37.4,1,0,1,1,1,1.8,-8,Chennai,0.2619,343.3,115.0
Audi,Q8 e-tron,55 quattro,81.0,95.0,300,2620,0.27,2.7,0.0116,93,582,21.6,27.5,0,0,1,1,4,4.9,-5,Chennai,0.1583,511.8,115.0
Audi,Q8 e-tron,55 quattro,94.7,95.0,300,2620,0.27,2.7,0.011,93,582,20.9,36.8,1,1,2,1,4,0.1,0,Pune,1.0395,91.1,115.0
Audi,Q8 e-tron,55 quattro,87.6,95.0,300,2620,0.27,2.7,0.0119,93,582,22.9,32.8,0,1,2,1,3,2.6,-8,Pune,0.7481,117.1,115.0
Audi,Q8 e-tron,55 quattro,85.9,95.0,300,2620,0.27,2.7,0.0116,93,582,22.9,12.5,0,1,0,2,5,3.2,-5,Pune,0.455,188.8,115.0
Audi,Q8 e-tron,55 quattro,91.6,95.0,300,2620,0.27,2.7,0.011,93,582,18.8,13.4,1,1,0,1,3,1.2,0,Pune,0.3888,235.6,115.0
Audi,Q8 e-tron,55 quattro,91.9,95.0,300,2620,0.27,2.7,0.011,93,582,27.5,16.9,1,1,0,2,1,1.1,0,Pune,0.3887,236.4,115.0
Audi,Q8 e-tron,55 quattro,88.7,95.0,300,2620,0.27,2.7,0.0116,93,582,27.8,39.9,1,1,0,1,1,2.2,-5,Pune,0.3704,239.5,115.0
Audi,Q8 e-tron,55 quattro,90.7,95.0,300,2620,0.27,2.7,0.011,93,582,31.3,31.7,0,1,2,1,1,1.5,0,Pune,0.6934,130.8,115.0
Audi,Q8 e-tron,55 quattro,85.9,95.0,300,2620,0.27,2.7,0.011,93,582,22.2,17.1,0,1,2,1,3,3.2,0,Pune,0.7816,109.9,115.0
Audi,Q8 e-tron,55 quattro,94.1,95.0,300,2620,0.27,2.7,0.0112,93,582,20.7,36.7,0,1,1,1,2,0.3,-2,Pune,0.4873,193.1,115.0
Audi,Q8 e-tron,55 quattro,81.0,95.0,300,2620,0.27,2.7,0.011,93,582,36.3,17.7,0,1,2,0,2,4.9,0,Pune,0.6279,129.0,115.0
Audi,Q8 e-tron,55 quattro,94.1,95.0,300,2620,0.27,2.7,0.011,93,582,39.0,36.2,1,1,0,0,2,0.3,0,Pune,0.3369,279.3,115.0
Audi,Q8 e-tron,55 quattro,93.3,95.0,300,2620,0.27,2.7,0.011,93,582,17.4,25.7,1,0,1,2,2,0.6,0,Hyderabad,0.2536,367.9,115.0
Audi,Q8 e-tron,55 quattro,84.5,95.0,300,2620,0.27,2.7,0.011,93,582,22.1,37.2,0,0,0,0,2,3.7,0,Hyderabad,0.1528,552.9,115.0
Audi,Q8 e-tron,55 quattro,83.6,95.0,300,2620,0.27,2.7,0.011,93,582,24.6,24.3,0,0,2,1,2,4.0,0,Hyderabad,0.2755,303.5,115.0
Audi,Q8 e-tron,55 quattro,90.7,95.0,300,2620,0.27,2.7,0.0112,93,582,32.4,39.6,1,0,1,1,4,1.5,-2,Hyderabad,0.2499,362.9,115.0
Audi,Q8 e-tron,55 quattro,81.0,95.0,300,2620,0.27,2.7,0.0112,93,582,29.3,41.7,1,0,2,0,1,4.9,-2,Hyderabad,0.4058,199.6,115.0
Audi,Q8 e-tron,55 quattro,85.6,95.0,300,2620,0.27,2.7,0.011,93,582,28.6,32.6,1,0,0,1,2,3.3,0,Hyderabad,0.1633,524.2,115.0
Audi,Q8 e-tron,55 quattro,88.7,95.0,300,2620,0.27,2.7,0.011,93,582,21.5,22.1,0,0,0,1,5,2.2,0,Hyderabad,0.1604,552.9,115.0
Audi,Q8 e-tron,55 quattro,86.5,95.0,300,2620,0.27,2.7,0.0119,93,582,20.0,19.7,0,0,2,0,2,3.0,-8,Hyderabad,0.2549,339.3,115.0
Audi,Q8 e-tron,55 quattro,87.0,95.0,300,2620,0.27,2.7,0.0116,93,582,23.5,21.9,0,0,1,1,5,2.8,-5,Kolkata,0.1751,496.8,115.0
Audi,Q8 e-tron,55 quattro,82.5,95.0,300,2620,0.27,2.7,0.011,93,582,13.6,30.9,0,0,2,1,2,4.4,0,Kolkata,0.2515,328.0,115.0
Audi,Q8 e-tron,55 quattro,93.3,95.0,300,2620,0.27,2.7,0.011,93,582,27.9,14.6,0,0,1,1,4,0.6,0,Kolkata,0.1729,539.6,115.0
Audi,Q8 e-tron,55 quattro,90.4,95.0,300,2620,0.27,2.7,0.0119,93,582,26.7,34.1,0,0,2,0,4,1.6,-8,Kolkata,0.2687,336.4,115.0
Audi,Q8 e-tron,55 quattro,91.3,95.0,300,2620,0.27,2.7,0.0112,93,582,14.6,19.7,0,0,2,1,1,1.3,2,Kolkata,0.2583,353.5,115.0
Audi,Q8 e-tron,55 quattro,90.2,95.0,300,2620,0.27,2.7,0.0112,93,582,15.4,32.4,0,0,2,1,1,1.7,2,Kolkata,0.2568,351.2,115.0
Audi,Q8 e-tron,55 quattro,90.7,95.0,300,2620,0.27,2.7,0.0119,93,582,20.2,21.3,0,0,2,0,3,1.5,-8,Kolkata,0.2394,378.9,115.0
Audi,Q8 e-tron,55 quattro,82.7,95.0,300,2620,0.27,2.7,0.0116,93,582,21.6,32.0,1,0,2,1,2,4.3,-5,Kolkata,0.3769,219.4,115.0
Audi,Q8 e-tron,55 quattro,84.2,95.0,300,2620,0.27,2.7,0.0112,93,582,22.0,39.0,1,0,2,2,2,3.8,-2,Kolkata,0.4956,169.9,115.0
Audi,Q8 e-tron,55 quattro,85.9,95.0,300,2620,0.27,2.7,0.0116,93,582,88.9,29.6,0,0,0,1,1,3.2,-5,Highway_NH,0.1832,469.0,115.0
Audi,Q8 e-tron,55 quattro,83.9,95.0,300,2620,0.27,2.7,0.0116,93,582,86.3,30.9,1,0,2,1,2,3.9,-5,Highway_NH,0.4265,196.7,115.0
Audi,Q8 e-tron,55 quattro,88.2,95.0,300,2620,0.27,2.7,0.0112,93,582,93.6,19.1,0,0,1,1,4,2.4,-2,Highway_NH,0.2953,298.7,115.0
Audi,Q8 e-tron,55 quattro,93.9,95.0,300,2620,0.27,2.7,0.011,93,582,88.5,41.0,1,0,1,1,2,0.4,0,Highway_NH,0.2972,315.9,115.0
Audi,Q8 e-tron,55 quattro,85.6,95.0,300,2620,0.27,2.7,0.011,93,582,79.7,39.9,1,0,2,2,4,3.3,0,Highway_NH,0.4798,178.4,115.0
Audi,Q8 e-tron,55 quattro,85.3,95.0,300,2620,0.27,2.7,0.011,93,582,81.4,33.8,0,0,0,1,2,3.4,0,Highway_NH,0.1654,515.6,115.0
Audi,Q8 e-tron,55 quattro,87.0,95.0,300,2620,0.27,2.7,0.011,93,582,83.6,21.5,0,0,0,2,2,2.8,0,Highway_NH,0.2042,426.0,115.0
Audi,Q8 e-tron,55 quattro,81.9,95.0,300,2620,0.27,2.7,0.011,93,582,89.1,18.4,0,0,1,0,1,4.6,0,Highway_NH,0.208,393.8,115.0
Audi,Q8 e-tron,55 quattro,85.6,95.0,300,2620,0.27,2.7,0.0112,93,582,93.5,21.2,0,0,1,1,2,3.3,-2,Highway_NH,0.2622,326.5,115.0
Audi,Q8 e-tron,55 quattro,92.1,95.0,300,2620,0.27,2.7,0.0116,93,582,81.2,27.8,0,0,0,1,3,1.0,-5,Highway_NH,0.1666,552.9,115.0
Audi,Q8 e-tron,55 quattro,91.0,95.0,300,2620,0.27,2.7,0.0119,93,582,72.0,38.8,1,0,1,1,4,1.4,-8,Highway_NH,0.2561,355.3,115.0
Audi,Q8 e-tron,55 quattro,83.6,95.0,300,2620,0.27,2.7,0.0116,93,582,86.5,43.2,0,0,0,2,1,4.0,-5,Expressway,0.2138,391.1,115.0
Audi,Q8 e-tron,55 quattro,85.0,95.0,300,2620,0.27,2.7,0.011,93,582,99.2,42.2,1,0,0,0,3,3.5,0,Expressway,0.2057,413.3,115.0
Audi,Q8 e-tron,55 quattro,86.7,95.0,300,2620,0.27,2.7,0.011,93,582,102.9,30.0,0,0,1,1,1,2.9,0,Expressway,0.2892,299.8,115.0
Audi,Q8 e-tron,55 quattro,89.9,95.0,300,2620,0.27,2.7,0.0112,93,582,115.3,29.2,1,0,0,0,2,1.8,2,Expressway,0.213,422.0,115.0
Audi,Q8 e-tron,55 quattro,83.0,95.0,300,2620,0.27,2.7,0.0119,93,582,93.1,38.5,1,0,0,2,1,4.2,-8,Expressway,0.2538,327.0,115.0
Audi,Q8 e-tron,55 quattro,90.7,95.0,300,2620,0.27,2.7,0.0116,93,582,112.8,26.1,0,0,0,0,1,1.5,-5,Expressway,0.2028,447.3,115.0
Audi,Q8 e-tron,55 quattro,82.2,95.0,300,2620,0.27,2.7,0.0112,93,582,109.6,38.6,1,0,0,1,1,4.5,-2,Expressway,0.2329,352.9,115.0
Audi,Q8 e-tron,55 quattro,93.0,95.0,300,2620,0.27,2.7,0.0112,93,582,104.7,23.4,0,0,1,1,1,0.7,2,Expressway,0.295,315.3,115.0
Audi,Q8 e-tron,55 quattro,94.4,95.0,300,2620,0.27,2.7,0.011,93,582,107.3,16.7,0,0,0,1,2,0.2,0,Expressway,0.2266,416.6,115.0
Audi,Q8 e-tron,55 quattro,91.0,95.0,300,2620,0.27,2.7,0.011,93,582,110.4,25.6,0,0,0,0,4,1.4,0,Expressway,0.2108,431.7,115.0
Audi,Q8 e-tron,55 quattro,93.0,95.0,300,2620,0.27,2.7,0.011,93,582,23.7,16.2,0,2,1,0,4,0.7,0,Hill_Station,0.9915,93.8,115.0
Audi,Q8 e-tron,55 quattro,84.7,95.0,300,2620,0.27,2.7,0.0112,93,582,21.7,29.1,0,2,2,1,2,3.6,2,Hill_Station,1.4553,58.2,115.0
Audi,Q8 e-tron,55 quattro,88.4,95.0,300,2620,0.27,2.7,0.0119,93,582,39.1,29.3,1,2,2,1,2,2.3,-8,Hill_Station,1.5189,58.2,115.0
Audi,Q8 e-tron,55 quattro,92.7,95.0,300,2620,0.27,2.7,0.0116,93,582,24.8,21.4,0,2,0,1,1,0.8,-5,Hill_Station,0.6771,136.9,115.0
Audi,Q8 e-tron,55 quattro,84.5,95.0,300,2620,0.27,2.7,0.0112,93,582,27.2,8.7,0,2,2,1,4,3.7,-2,Hill_Station,1.4519,58.2,115.0
Audi,Q8 e-tron,55 quattro,86.2,95.0,300,2620,0.27,2.7,0.0116,93,582,26.9,19.9,0,2,0,1,2,3.1,-5,Hill_Station,0.6836,126.1,115.0
Audi,Q8 e-tron,55 quattro,84.2,95.0,300,2620,0.27,2.7,0.0116,93,582,23.3,9.1,0,2,1,1,1,3.8,-5,Hill_Station,1.0795,78.0,115.0
Audi,Q8 e-tron,55 quattro,93.6,95.0,300,2620,0.27,2.7,0.0119,93,582,34.9,17.5,0,2,1,1,2,0.5,-8,Hill_Station,1.0021,93.4,115.0
Audi,Q8 e-tron,55 quattro,81.6,95.0,300,2620,0.27,2.7,0.0119,93,582,27.1,14.9,1,2,2,0,1,4.7,-8,Hill_Station,1.4021,58.2,115.0
Audi,Q8 e-tron,55 quattro,88.4,95.0,300,2620,0.27,2.7,0.011,93,582,28.0,5.8,0,2,2,1,3,2.3,0,Hill_Station,1.5189,58.2,115.0
Audi,Q8 e-tron,55 quattro,85.6,95.0,300,2620,0.27,2.7,0.011,93,582,23.7,24.7,0,2,2,2,2,3.3,0,Hill_Station,1.4708,58.2,115.0
Audi,Q8 e-tron,55 quattro,87.3,95.0,300,2620,0.27,2.7,0.0116,93,582,56.9,24.1,0,0,0,1,3,2.7,-5,Rural_Road,0.1579,552.9,115.0
Audi,Q8 e-tron,55 quattro,81.0,95.0,300,2620,0.27,2.7,0.0116,93,582,51.3,44.5,1,0,1,1,2,4.9,-5,Rural_Road,0.2679,302.4,115.0
Audi,Q8 e-tron,55 quattro,93.0,95.0,300,2620,0.27,2.7,0.0112,93,582,38.2,10.3,0,0,0,1,1,0.7,-2,Rural_Road,0.1682,552.9,115.0
Audi,Q8 e-tron,55 quattro,82.7,95.0,300,2620,0.27,2.7,0.0116,93,582,58.0,24.5,0,0,1,1,1,4.3,-5,Rural_Road,0.1702,485.8,115.0
Audi,Q8 e-tron,55 quattro,89.6,95.0,300,2620,0.27,2.7,0.0112,93,582,51.8,38.2,1,0,1,2,4,1.9,-2,Rural_Road,0.2362,379.3,115.0
Audi,Q8 e-tron,55 quattro,82.7,95.0,300,2620,0.27,2.7,0.0116,93,582,47.3,31.1,0,0,1,1,4,4.3,-5,Rural_Road,0.1807,457.7,115.0
Audi,Q8 e-tron,55 quattro,86.5,95.0,300,2620,0.27,2.7,0.0116,93,582,51.3,15.2,0,0,0,1,1,3.0,-5,Rural_Road,0.1564,552.9,115.0
Audi,Q8 e-tron,55 quattro,89.0,95.0,300,2620,0.27,2.7,0.0112,93,582,38.7,15.5,0,0,1,2,4,2.1,-2,Rural_Road,0.2068,430.3,115.0
Audi,Q8 e-tron,55 quattro,90.4,95.0,300,2620,0.27,2.7,0.011,93,582,45.5,23.0,1,0,2,1,2,1.6,0,Rural_Road,0.2817,320.9,115.0
Audi,Q8 e-tron,55 quattro,93.9,95.0,300,2620,0.27,2.7,0.0116,93,582,37.2,10.7,0,0,0,1,2,0.4,-5,Rural_Road,0.1698,552.9,115.0
Audi,Q8 e-tron,55 quattro,83.6,95.0,300,2620,0.27,2.7,0.011,93,582,50.6,22.8,0,0,1,1,2,4.0,0,Rural_Road,0.1708,489.4,115.0
Audi,Q8 e-tron,55 quattro,82.2,95.0,300,2620,0.27,2.7,0.011,93,582,19.5,14.4,0,2,0,1,1,4.5,0,Ghat_Road,0.7597,108.2,115.0
Audi,Q8 e-tron,55 quattro,85.6,95.0,300,2620,0.27,2.7,0.0119,93,582,20.2,20.6,0,2,0,2,3,3.3,-8,Ghat_Road,0.8359,102.4,115.0
Audi,Q8 e-tron,55 quattro,87.3,95.0,300,2620,0.27,2.7,0.0116,93,582,28.8,13.2,0,2,0,2,2,2.7,-5,Ghat_Road,0.8584,101.7,115.0
Audi,Q8 e-tron,55 quattro,93.6,95.0,300,2620,0.27,2.7,0.0119,93,582,21.8,14.3,0,2,2,0,2,0.5,-8,Ghat_Road,1.4857,63.0,115.0
Audi,Q8 e-tron,55 quattro,89.6,95.0,300,2620,0.27,2.7,0.011,93,582,32.0,30.1,1,2,1,0,3,1.9,0,Ghat_Road,0.896,100.0,115.0
Audi,Q8 e-tron,55 quattro,81.0,95.0,300,2620,0.27,2.7,0.0116,93,582,22.8,28.9,0,2,2,1,5,4.9,-5,Ghat_Road,1.3918,58.2,115.0
Audi,Q8 e-tron,55 quattro,92.7,95.0,300,2620,0.27,2.7,0.011,93,582,33.6,18.2,0,2,2,1,1,0.8,0,Ghat_Road,1.5928,58.2,115.0
Audi,Q8 e-tron,55 quattro,94.1,95.0,300,2620,0.27,2.7,0.0116,93,582,21.2,28.0,0,2,2,0,4,0.3,-5,Ghat_Road,1.4589,64.5,115.0
Audi,Q8 e-tron,55 quattro,84.7,95.0,300,2620,0.27,2.7,0.011,93,582,33.2,16.3,0,2,2,2,3,3.6,0,Ghat_Road,1.4553,58.2,115.0
Audi,Q8 e-tron,55 quattro,92.4,95.0,300,2620,0.27,2.7,0.0112,93,582,31.8,25.0,0,2,1,1,2,0.9,-2,Ghat_Road,1.0441,88.5,115.0
Audi,Q8 e-tron,55 quattro,95.0,95.0,300,2620,0.27,2.7,0.0112,93,582,34.3,24.2,1,2,2,1,3,0.0,-2,Ghat_Road,1.6323,58.2,115.0
Audi,Q8 e-tron,55 quattro,87.6,95.0,300,2620,0.27,2.7,0.0112,93,582,23.3,17.5,1,2,0,2,1,2.6,-2,Ghat_Road,0.8423,104.0,115.0
Volvo,XC40 Recharge,Single Motor,68.6,69.0,170,2000,0.3,2.45,0.011,92,418,33.4,14.4,1,0,2,0,2,0.2,0,Delhi,0.3198,214.5,55.0
Volvo,XC40 Recharge,Single Motor,68.2,69.0,170,2000,0.3,2.45,0.0119,92,418,25.2,25.9,0,0,0,0,3,0.4,-8,Delhi,0.1717,397.1,55.0
Volvo,XC40 Recharge,Single Motor,61.5,69.0,170,2000,0.3,2.45,0.011,92,418,19.1,44.9,0,0,2,1,1,3.6,0,Delhi,0.3247,189.4,55.0
Volvo,XC40 Recharge,Single Motor,61.5,69.0,170,2000,0.3,2.45,0.0112,92,418,33.7,43.1,1,0,2,1,2,3.6,-2,Delhi,0.5764,106.7,55.0
Volvo,XC40 Recharge,Single Motor,66.1,69.0,170,2000,0.3,2.45,0.0112,92,418,17.2,12.2,0,0,1,2,1,1.4,-2,Delhi,0.207,319.3,55.0
Volvo,XC40 Recharge,Single Motor,68.8,69.0,170,2000,0.3,2.45,0.011,92,418,26.8,11.6,0,0,1,1,4,0.1,0,Delhi,0.2077,331.3,55.0
Volvo,XC40 Recharge,Single Motor,58.9,69.0,170,2000,0.3,2.45,0.0116,92,418,24.7,40.9,1,0,2,0,3,4.9,-5,Delhi,0.6135,96.0,55.0
Volvo,XC40 Recharge,Single Motor,63.2,69.0,170,2000,0.3,2.45,0.0112,92,418,16.6,45.4,1,0,2,0,2,2.8,-2,Delhi,0.7506,84.2,55.0
Volvo,XC40 Recharge,Single Motor,65.7,69.0,170,2000,0.3,2.45,0.0112,92,418,17.7,31.8,0,0,2,0,1,1.6,-2,Delhi,0.2657,247.3,55.0
Volvo,XC40 Recharge,Single Motor,63.2,69.0,170,2000,0.3,2.45,0.0116,92,418,15.7,19.4,0,0,1,0,5,2.8,-5,Mumbai,0.1855,340.7,55.0
Volvo,XC40 Recharge,Single Motor,67.6,69.0,170,2000,0.3,2.45,0.0112,92,418,24.2,25.0,1,0,2,1,4,0.7,2,Mumbai,0.4462,151.5,55.0
Volvo,XC40 Recharge,Single Motor,59.5,69.0,170,2000,0.3,2.45,0.0119,92,418,15.3,34.3,0,0,0,1,2,4.6,-8,Mumbai,0.1498,397.1,55.0
Volvo,XC40 Recharge,Single Motor,64.4,69.0,170,2000,0.3,2.45,0.011,92,418,13.6,28.9,0,0,1,1,3,2.2,0,Mumbai,0.179,359.7,55.0
Volvo,XC40 Recharge,Single Motor,66.1,69.0,170,2000,0.3,2.45,0.0112,92,418,17.4,19.3,0,0,1,0,1,1.4,-2,Mumbai,0.1696,389.7,55.0
Volvo,XC40 Recharge,Single Motor,67.6,69.0,170,2000,0.3,2.45,0.0116,92,418,12.5,30.1,1,0,2,1,5,0.7,-5,Mumbai,0.668,101.2,55.0
Volvo,XC40 Recharge,Single Motor,63.8,69.0,170,2000,0.3,2.45,0.0112,92,418,26.5,27.4,0,0,2,2,5,2.5,-2,Mumbai,0.3789,168.4,55.0
Volvo,XC40 Recharge,Single Motor,60.7,69.0,170,2000,0.3,2.45,0.0116,92,418,20.2,21.1,0,0,2,0,1,4.0,-5,Mumbai,0.2717,223.4,55.0
Volvo,XC40 Recharge,Single Motor,68.8,69.0,170,2000,0.3,2.45,0.011,92,418,14.8,26.9,1,0,0,1,4,0.1,0,Mumbai,0.2382,288.8,55.0
Volvo,XC40 Recharge,Single Motor,65.9,69.0,170,2000,0.3,2.45,0.0112,92,418,29.0,33.2,1,0,2,1,2,1.5,-2,Mumbai,0.4132,159.5,55.0
Volvo,XC40 Recharge,Single Motor,65.7,69.0,170,2000,0.3,2.45,0.0112,92,418,27.0,18.5,0,0,1,0,1,1.6,-2,Mumbai,0.1654,397.1,55.0
Volvo,XC40 Recharge,Single Motor,59.1,69.0,170,2000,0.3,2.45,0.011,92,418,27.4,18.0,0,0,2,0,3,4.8,0,Mumbai,0.2712,217.9,55.0
Volvo,XC40 Recharge,Single Motor,67.6,69.0,170,2000,0.3,2.45,0.011,92,418,34.3,29.8,0,1,2,1,2,0.7,0,Bangalore,0.8264,81.8,55.0
Volvo,XC40 Recharge,Single Motor,60.7,69.0,170,2000,0.3,2.45,0.011,92,418,18.3,33.7,0,1,0,0,1,4.0,0,Bangalore,0.3215,188.8,55.0
Volvo,XC40 Recharge,Single Motor,59.7,69.0,170,2000,0.3,2.45,0.0119,92,418,18.6,17.9,0,1,0,0,1,4.5,-8,Bangalore,0.3199,186.6,55.0
Volvo,XC40 Recharge,Single Motor,68.2,69.0,170,2000,0.3,2.45,0.0112,92,418,16.0,33.7,0,1,1,1,1,0.4,-2,Bangalore,0.5198,131.2,55.0
Volvo,XC40 Recharge,Single Motor,59.3,69.0,170,2000,0.3,2.45,0.011,92,418,32.4,34.6,0,1,0,1,1,4.7,0,Bangalore,0.3823,155.1,55.0
Volvo,XC40 Recharge,Single Motor,60.1,69.0,170,2000,0.3,2.45,0.0119,92,418,22.4,34.6,0,1,2,0,1,4.3,-8,Bangalore,0.7908,76.0,55.0
Volvo,XC40 Recharge,Single Motor,65.7,69.0,170,2000,0.3,2.45,0.0112,92,418,18.1,22.3,0,1,2,2,1,1.6,-2,Bangalore,0.9791,67.1,55.0
Volvo,XC40 Recharge,Single Motor,68.6,69.0,170,2000,0.3,2.45,0.0112,92,418,25.8,28.3,1,1,1,1,1,0.2,2,Bangalore,0.5883,116.6,55.0
Volvo,XC40 Recharge,Single Motor,68.4,69.0,170,2000,0.3,2.45,0.011,92,418,33.0,33.0,0,0,2,1,1,0.3,0,Chennai,0.2855,239.6,55.0
Volvo,XC40 Recharge,Single Motor,66.1,69.0,170,2000,0.3,2.45,0.0116,92,418,25.1,34.3,0,0,0,0,3,1.4,-5,Chennai,0.1665,397.1,55.0
Volvo,XC40 Recharge,Single Motor,64.2,69.0,170,2000,0.3,2.45,0.0112,92,418,26.9,34.2,0,0,2,2,3,2.3,-2,Chennai,0.3205,200.3,55.0
Volvo,XC40 Recharge,Single Motor,60.7,69.0,170,2000,0.3,2.45,0.011,92,418,24.6,22.4,0,0,2,1,5,4.0,0,Chennai,0.3015,201.3,55.0
Volvo,XC40 Recharge,Single Motor,62.2,69.0,170,2000,0.3,2.45,0.0112,92,418,18.7,29.3,0,0,1,1,2,3.3,-2,Chennai,0.179,347.4,55.0
Volvo,XC40 Recharge,Single Motor,60.5,69.0,170,2000,0.3,2.45,0.011,92,418,32.5,26.0,0,0,2,1,1,4.1,0,Chennai,0.2873,210.6,55.0
Volvo,XC40 Recharge,Single Motor,61.5,69.0,170,2000,0.3,2.45,0.0112,92,418,32.1,23.6,0,0,1,2,2,3.6,-2,Chennai,0.2071,297.0,55.0
Volvo,XC40 Recharge,Single Motor,59.3,69.0,170,2000,0.3,2.45,0.011,92,418,34.5,23.4,1,0,2,1,3,4.7,0,Chennai,0.3667,161.7,55.0
Volvo,XC40 Recharge,Single Motor,66.3,69.0,170,2000,0.3,2.45,0.0112,92,418,31.2,41.7,0,0,2,1,2,1.3,-2,Chennai,0.3282,202.0,55.0
Volvo,XC40 Recharge,Single Motor,68.2,69.0,170,2000,0.3,2.45,0.011,92,418,27.9,37.7,1,0,2,1,1,0.4,0,Chennai,0.4851,140.6,55.0
Volvo,XC40 Recharge,Single Motor,59.7,69.0,170,2000,0.3,2.45,0.0112,92,418,30.7,14.5,1,1,2,0,2,4.5,2,Pune,0.9506,62.8,55.0
Volvo,XC40 Recharge,Single Motor,59.5,69.0,170,2000,0.3,2.45,0.0112,92,418,29.3,38.0,0,1,2,1,2,4.6,-2,Pune,0.8333,71.4,55.0
Volvo,XC40 Recharge,Single Motor,66.7,69.0,170,2000,0.3,2.45,0.0116,92,418,30.3,17.5,0,1,2,2,1,1.1,-5,Pune,0.9434,70.7,55.0
Volvo,XC40 Recharge,Single Motor,64.2,69.0,170,2000,0.3,2.45,0.011,92,418,33.1,25.5,1,1,1,1,2,2.3,0,Pune,0.5597,114.7,55.0
Volvo,XC40 Recharge,Single Motor,62.0,69.0,170,2000,0.3,2.45,0.0116,92,418,29.4,34.4,0,1,1,2,2,3.4,-5,Pune,0.6582,94.2,55.0
Volvo,XC40 Recharge,Single Motor,59.9,69.0,170,2000,0.3,2.45,0.0119,92,418,36.3,31.2,0,1,0,0,4,4.4,-8,Pune,0.3702,161.8,55.0
Volvo,XC40 Recharge,Single Motor,59.7,69.0,170,2000,0.3,2.45,0.011,92,418,30.3,15.2,0,1,2,1,5,4.5,0,Pune,0.9256,64.5,55.0
Volvo,XC40 Recharge,Single Motor,64.4,69.0,170,2000,0.3,2.45,0.011,92,418,27.6,12.2,0,1,0,2,3,2.2,0,Pune,0.5119,125.8,55.0
Volvo,XC40 Recharge,Single Motor,67.8,69.0,170,2000,0.3,2.45,0.0112,92,418,23.0,32.2,1,1,2,1,3,0.6,-2,Pune,1.173,57.8,55.0
Volvo,XC40 Recharge,Single Motor,67.6,69.0,170,2000,0.3,2.45,0.011,92,418,33.4,38.7,0,0,2,2,2,0.7,0,Hyderabad,0.34,198.8,55.0
Volvo,XC40 Recharge,Single Motor,62.8,69.0,170,2000,0.3,2.45,0.0116,92,418,29.0,33.5,0,0,0,0,2,3.0,-5,Hyderabad,0.1581,397.1,55.0
Volvo,XC40 Recharge,Single Motor,61.8,69.0,170,2000,0.3,2.45,0.0112,92,418,32.1,30.6,0,0,2,0,2,3.5,-2,Hyderabad,0.2702,228.7,55.0
Volvo,XC40 Recharge,Single Motor,59.9,69.0,170,2000,0.3,2.45,0.0116,92,418,24.1,33.9,0,0,1,1,1,4.4,-5,Hyderabad,0.1845,324.6,55.0
Volvo,XC40 Recharge,Single Motor,62.8,69.0,170,2000,0.3,2.45,0.011,92,418,33.4,25.1,0,0,1,2,4,3.0,0,Hyderabad,0.2217,283.3,55.0
Volvo,XC40 Recharge,Single Motor,68.4,69.0,170,2000,0.3,2.45,0.011,92,418,28.2,32.5,0,0,2,1,2,0.3,0,Hyderabad,0.2964,230.8,55.0
Volvo,XC40 Recharge,Single Motor,61.5,69.0,170,2000,0.3,2.45,0.0112,92,418,17.8,20.7,0,0,0,1,1,3.6,-2,Hyderabad,0.1549,397.1,55.0
Volvo,XC40 Recharge,Single Motor,59.5,69.0,170,2000,0.3,2.45,0.011,92,418,19.1,21.3,0,0,0,2,4,4.6,0,Hyderabad,0.1631,364.8,55.0
Volvo,XC40 Recharge,Single Motor,64.4,69.0,170,2000,0.3,2.45,0.011,92,418,26.8,35.7,0,0,1,1,5,2.2,0,Hyderabad,0.1934,333.0,55.0
Volvo,XC40 Recharge,Single Motor,63.0,69.0,170,2000,0.3,2.45,0.0112,92,418,27.2,27.1,0,0,2,1,3,2.9,-2,Kolkata,0.313,201.3,55.0
Volvo,XC40 Recharge,Single Motor,67.8,69.0,170,2000,0.3,2.45,0.011,92,418,24.6,34.6,0,0,0,1,3,0.6,0,Kolkata,0.1707,397.1,55.0
Volvo,XC40 Recharge,Single Motor,60.9,69.0,170,2000,0.3,2.45,0.011,92,418,19.6,26.2,0,0,1,2,1,3.9,0,Kolkata,0.1918,317.6,55.0
Volvo,XC40 Recharge,Single Motor,66.1,69.0,170,2000,0.3,2.45,0.0116,92,418,16.9,24.1,0,0,1,2,4,1.4,-5,Kolkata,0.2069,319.5,55.0
Volvo,XC40 Recharge,Single Motor,62.0,69.0,170,2000,0.3,2.45,0.011,92,418,25.1,24.6,0,0,1,1,2,3.4,0,Kolkata,0.1699,365.0,55.0
Volvo,XC40 Recharge,Single Motor,61.3,69.0,170,2000,0.3,2.45,0.0112,92,418,28.0,39.9,1,0,1,0,3,3.7,-2,Kolkata,0.3105,197.4,55.0
Volvo,XC40 Recharge,Single Motor,60.3,69.0,170,2000,0.3,2.45,0.0119,92,418,21.3,27.5,1,0,1,0,3,4.2,-8,Kolkata,0.2549,236.6,55.0
Volvo,XC40 Recharge,Single Motor,60.7,69.0,170,2000,0.3,2.45,0.011,92,418,16.9,29.9,1,0,2,1,5,4.0,0,Kolkata,0.4421,137.3,55.0
Volvo,XC40 Recharge,Single Motor,60.7,69.0,170,2000,0.3,2.45,0.0116,92,418,18.5,33.6,0,0,2,1,1,4.0,-5,Kolkata,0.2811,215.9,55.0
Volvo,XC40 Recharge,Single Motor,66.3,69.0,170,2000,0.3,2.45,0.011,92,418,21.2,15.9,0,0,2,2,1,1.3,0,Kolkata,0.3177,208.7,55.0
Volvo,XC40 Recharge,Single Motor,67.3,69.0,170,2000,0.3,2.45,0.011,92,418,20.9,16.3,0,0,1,1,4,0.8,0,Kolkata,0.1834,367.0,55.0
Volvo,XC40 Recharge,Single Motor,59.3,69.0,170,2000,0.3,2.45,0.0112,92,418,18.0,27.1,1,0,2,0,1,4.7,2,Kolkata,0.3909,151.7,55.0
Volvo,XC40 Recharge,Single Motor,67.3,69.0,170,2000,0.3,2.45,0.011,92,418,71.7,38.3,1,0,1,1,1,0.8,0,Highway_NH,0.2905,231.7,55.0
Volvo,XC40 Recharge,Single Motor,67.6,69.0,170,2000,0.3,2.45,0.011,92,418,80.5,43.2,1,0,0,0,3,0.7,0,Highway_NH,0.2469,273.8,55.0
Volvo,XC40 Recharge,Single Motor,62.0,69.0,170,2000,0.3,2.45,0.011,92,418,81.8,38.7,0,0,0,0,1,3.4,0,Highway_NH,0.188,329.8,55.0
Volvo,XC40 Recharge,Single Motor,60.5,69.0,170,2000,0.3,2.45,0.011,92,418,79.8,20.0,1,0,1,0,2,4.1,0,Highway_NH,0.2505,241.5,55.0
Volvo,XC40 Recharge,Single Motor,58.6,69.0,170,2000,0.3,2.45,0.0112,92,418,92.9,36.8,1,0,0,1,5,5.0,-2,Highway_NH,0.2871,204.1,55.0
Volvo,XC40 Recharge,Single Motor,62.6,69.0,170,2000,0.3,2.45,0.0116,92,418,86.5,40.0,1,0,1,1,1,3.1,-5,Highway_NH,0.3646,171.7,55.0
Volvo,XC40 Recharge,Single Motor,60.3,69.0,170,2000,0.3,2.45,0.011,92,418,72.0,39.5,1,0,1,1,3,4.2,0,Highway_NH,0.2985,202.0,55.0
Volvo,XC40 Recharge,Single Motor,59.9,69.0,170,2000,0.3,2.45,0.0112,92,418,75.1,42.6,1,0,0,1,4,4.4,-2,Highway_NH,0.2561,233.9,55.0
Volvo,XC40 Recharge,Single Motor,60.5,69.0,170,2000,0.3,2.45,0.0116,92,418,99.3,28.5,0,0,0,1,2,4.1,-5,Highway_NH,0.2839,213.1,55.0
Volvo,XC40 Recharge,Single Motor,64.2,69.0,170,2000,0.3,2.45,0.011,92,418,85.0,28.6,1,0,0,2,1,2.3,0,Highway_NH,0.2679,239.6,55.0
Volvo,XC40 Recharge,Single Motor,63.2,69.0,170,2000,0.3,2.45,0.0112,92,418,98.3,40.4,1,0,1,2,1,2.8,-2,Highway_NH,0.4877,129.6,55.0
Volvo,XC40 Recharge,Single Motor,64.2,69.0,170,2000,0.3,2.45,0.0112,92,418,84.2,41.2,0,0,0,0,2,2.3,-2,Expressway,0.2125,302.1,55.0
Volvo,XC40 Recharge,Single Motor,62.2,69.0,170,2000,0.3,2.45,0.0116,92,418,82.4,24.2,0,0,1,1,4,3.3,-5,Expressway,0.3423,181.7,55.0
Volvo,XC40 Recharge,Single Motor,67.8,69.0,170,2000,0.3,2.45,0.0112,92,418,98.1,38.3,1,0,0,2,1,0.6,2,Expressway,0.3342,202.9,55.0
Volvo,XC40 Recharge,Single Motor,60.7,69.0,170,2000,0.3,2.45,0.011,92,418,111.3,34.5,1,0,0,2,2,4.0,0,Expressway,0.4007,151.5,55.0
Volvo,XC40 Recharge,Single Motor,64.7,69.0,170,2000,0.3,2.45,0.0112,92,418,114.5,27.8,0,0,1,1,3,2.1,-2,Expressway,0.4422,146.3,55.0
Volvo,XC40 Recharge,Single Motor,68.2,69.0,170,2000,0.3,2.45,0.011,92,418,80.5,20.7,0,0,0,0,1,0.4,0,Expressway,0.2017,338.1,55.0
Volvo,XC40 Recharge,Single Motor,59.9,69.0,170,2000,0.3,2.45,0.0112,92,418,89.6,27.3,1,0,1,1,3,4.4,-2,Expressway,0.3388,176.8,55.0
Volvo,XC40 Recharge,Single Motor,64.0,69.0,170,2000,0.3,2.45,0.011,92,418,103.9,40.0,1,0,0,1,2,2.4,0,Expressway,0.3013,212.4,55.0
Volvo,XC40 Recharge,Single Motor,68.8,69.0,170,2000,0.3,2.45,0.0116,92,418,94.3,36.6,1,0,0,1,3,0.1,-5,Expressway,0.2775,247.9,55.0
Volvo,XC40 Recharge,Single Motor,61.8,69.0,170,2000,0.3,2.45,0.0112,92,418,33.9,13.8,0,2,0,2,2,3.5,-2,Hill_Station,1.0637,58.1,55.0
Volvo,XC40 Recharge,Single Motor,64.4,69.0,170,2000,0.3,2.45,0.0119,92,418,38.9,29.9,0,2,1,0,3,2.2,-8,Hill_Station,1.0489,61.4,55.0
Volvo,XC40 Recharge,Single Motor,63.2,69.0,170,2000,0.3,2.45,0.011,92,418,29.0,11.8,0,2,2,2,2,2.8,0,Hill_Station,1.512,41.8,55.0
Volvo,XC40 Recharge,Single Motor,64.4,69.0,170,2000,0.3,2.45,0.0116,92,418,26.6,29.7,1,2,0,1,4,2.2,-5,Hill_Station,0.8982,71.7,55.0
Volvo,XC40 Recharge,Single Motor,59.9,69.0,170,2000,0.3,2.45,0.0112,92,418,23.8,8.5,0,2,1,1,3,4.4,-2,Hill_Station,1.2531,47.8,55.0
Volvo,XC40 Recharge,Single Motor,60.1,69.0,170,2000,0.3,2.45,0.011,92,418,27.8,25.2,0,2,2,2,3,4.3,0,Hill_Station,1.4378,41.8,55.0
Volvo,XC40 Recharge,Single Motor,64.7,69.0,170,2000,0.3,2.45,0.0116,92,418,26.5,23.5,0,2,2,1,4,2.1,-5,Hill_Station,1.5478,41.8,55.0
Volvo,XC40 Recharge,Single Motor,61.8,69.0,170,2000,0.3,2.45,0.0119,92,418,35.9,9.5,0,2,1,0,2,3.5,-8,Hill_Station,1.251,49.4,55.0
Volvo,XC40 Recharge,Single Motor,63.8,69.0,170,2000,0.3,2.45,0.011,92,418,26.8,28.7,0,2,0,2,3,2.5,0,Hill_Station,0.9922,64.3,55.0
Volvo,XC40 Recharge,Single Motor,68.4,69.0,170,2000,0.3,2.45,0.011,92,418,21.8,20.9,0,2,1,1,1,0.3,0,Hill_Station,1.0103,67.7,55.0
Volvo,XC40 Recharge,Single Motor,63.6,69.0,170,2000,0.3,2.45,0.0116,92,418,25.4,12.0,0,2,2,0,2,2.6,-5,Hill_Station,1.5215,41.8,55.0
Volvo,XC40 Recharge,Single Motor,60.3,69.0,170,2000,0.3,2.45,0.011,92,418,29.6,21.5,0,2,0,0,1,4.2,0,Hill_Station,0.6868,87.8,55.0
Volvo,XC40 Recharge,Single Motor,64.0,69.0,170,2000,0.3,2.45,0.0116,92,418,52.5,37.0,1,0,1,0,3,2.4,-5,Rural_Road,0.2755,232.3,55.0
Volvo,XC40 Recharge,Single Motor,63.6,69.0,170,2000,0.3,2.45,0.011,92,418,51.2,23.9,0,0,0,1,1,2.6,0,Rural_Road,0.1602,397.1,55.0
Volvo,XC40 Recharge,Single Motor,64.2,69.0,170,2000,0.3,2.45,0.0112,92,418,51.5,35.2,0,0,1,2,3,2.3,-2,Rural_Road,0.2516,255.2,55.0
Volvo,XC40 Recharge,Single Motor,64.7,69.0,170,2000,0.3,2.45,0.0119,92,418,59.1,39.7,1,0,2,1,2,2.1,-8,Rural_Road,0.4579,141.3,55.0
Volvo,XC40 Recharge,Single Motor,60.9,69.0,170,2000,0.3,2.45,0.011,92,418,42.1,18.1,0,0,2,0,5,3.9,0,Rural_Road,0.2688,226.6,55.0
Volvo,XC40 Recharge,Single Motor,62.8,69.0,170,2000,0.3,2.45,0.0112,92,418,49.7,34.1,1,0,0,0,2,3.0,2,Rural_Road,0.1772,354.5,55.0
Volvo,XC40 Recharge,Single Motor,68.4,69.0,170,2000,0.3,2.45,0.011,92,418,45.2,30.5,0,0,0,1,2,0.3,0,Rural_Road,0.1722,397.1,55.0
Volvo,XC40 Recharge,Single Motor,64.7,69.0,170,2000,0.3,2.45,0.011,92,418,58.7,22.1,0,0,0,2,1,2.1,0,Rural_Road,0.1806,358.2,55.0
Volvo,XC40 Recharge,Single Motor,66.5,69.0,170,2000,0.3,2.45,0.0119,92,418,29.0,34.9,0,2,1,0,1,1.2,-8,Ghat_Road,1.0556,63.0,55.0
Volvo,XC40 Recharge,Single Motor,63.0,69.0,170,2000,0.3,2.45,0.0116,92,418,20.1,19.1,0,2,0,1,1,2.9,-5,Ghat_Road,0.7429,84.8,55.0
Volvo,XC40 Recharge,Single Motor,60.7,69.0,170,2000,0.3,2.45,0.0116,92,418,29.7,22.8,0,2,2,1,2,4.0,-5,Ghat_Road,1.4522,41.8,55.0
Volvo,XC40 Recharge,Single Motor,61.5,69.0,170,2000,0.3,2.45,0.0116,92,418,17.7,30.1,0,2,0,0,3,3.6,-5,Ghat_Road,0.7069,87.0,55.0
Volvo,XC40 Recharge,Single Motor,58.9,69.0,170,2000,0.3,2.45,0.011,92,418,24.8,30.5,0,2,2,2,2,4.9,0,Ghat_Road,1.4091,41.8,55.0
Volvo,XC40 Recharge,Single Motor,63.6,69.0,170,2000,0.3,2.45,0.011,92,418,26.8,27.7,0,2,0,1,2,2.6,0,Ghat_Road,0.8583,74.1,55.0
Volvo,XC40 Recharge,Single Motor,66.1,69.0,170,2000,0.3,2.45,0.0112,92,418,31.2,27.5,1,2,0,0,1,1.4,-2,Ghat_Road,0.6564,100.7,55.0
Volvo,XC40 Recharge,Single Motor,63.4,69.0,170,2000,0.3,2.45,0.0116,92,418,18.4,33.2,0,2,2,0,2,2.7,-5,Ghat_Road,1.5167,41.8,55.0
Volvo,XC40 Recharge,Twin Motor,71.2,75.0,300,2170,0.3,2.45,0.011,92,438,21.7,28.6,0,0,2,2,1,1.7,0,Delhi,0.2214,321.6,58.0
Volvo,XC40 Recharge,Twin Motor,71.4,75.0,300,2170,0.3,2.45,0.0112,92,438,27.8,18.3,0,0,2,0,3,1.6,-2,Delhi,0.1753,407.3,58.0
Volvo,XC40 Recharge,Twin Motor,66.5,75.0,300,2170,0.3,2.45,0.011,92,438,26.8,36.5,1,0,2,0,4,3.8,0,Delhi,0.303,219.5,58.0
Volvo,XC40 Recharge,Twin Motor,72.8,75.0,300,2170,0.3,2.45,0.0112,92,438,22.7,36.1,1,0,0,1,3,1.0,-2,Delhi,0.175,416.1,58.0
Volvo,XC40 Recharge,Twin Motor,65.8,75.0,300,2170,0.3,2.45,0.0112,92,438,18.9,41.0,0,0,2,2,2,4.1,2,Delhi,0.2267,290.3,58.0
Volvo,XC40 Recharge,Twin Motor,71.2,75.0,300,2170,0.3,2.45,0.011,92,438,34.7,13.9,0,0,1,0,2,1.7,0,Delhi,0.1711,416.1,58.0
Volvo,XC40 Recharge,Twin Motor,66.9,75.0,300,2170,0.3,2.45,0.0112,92,438,25.0,33.5,1,0,2,1,1,3.6,-2,Delhi,0.2682,249.4,58.0
Volvo,XC40 Recharge,Twin Motor,74.8,75.0,300,2170,0.3,2.45,0.011,92,438,18.7,27.1,0,0,2,1,2,0.1,0,Delhi,0.196,381.7,58.0
Volvo,XC40 Recharge,Twin Motor,64.7,75.0,300,2170,0.3,2.45,0.0116,92,438,33.9,25.5,0,0,1,2,2,4.6,-5,Delhi,0.1555,416.1,58.0
Volvo,XC40 Recharge,Twin Motor,65.8,75.0,300,2170,0.3,2.45,0.0112,92,438,25.5,24.5,1,0,0,2,4,4.1,2,Delhi,0.1581,416.1,58.0
Volvo,XC40 Recharge,Twin Motor,65.3,75.0,300,2170,0.3,2.45,0.011,92,438,24.4,30.2,1,0,1,1,2,4.3,0,Delhi,0.1987,328.7,58.0
Volvo,XC40 Recharge,Twin Motor,69.2,75.0,300,2170,0.3,2.45,0.0116,92,438,33.7,35.1,0,0,2,2,2,2.6,-5,Delhi,0.2504,276.4,58.0
Volvo,XC40 Recharge,Twin Motor,74.8,75.0,300,2170,0.3,2.45,0.011,92,438,18.5,36.0,0,0,0,0,2,0.1,0,Mumbai,0.1798,416.1,58.0
Volvo,XC40 Recharge,Twin Motor,65.8,75.0,300,2170,0.3,2.45,0.0112,92,438,21.3,36.4,0,0,2,0,3,4.1,-2,Mumbai,0.1787,368.3,58.0
Volvo,XC40 Recharge,Twin Motor,67.6,75.0,300,2170,0.3,2.45,0.011,92,438,17.5,31.4,1,0,2,2,3,3.3,0,Mumbai,0.4145,163.1,58.0
Volvo,XC40 Recharge,Twin Motor,64.2,75.0,300,2170,0.3,2.45,0.0112,92,438,16.0,27.2,0,0,2,1,3,4.8,-2,Mumbai,0.2082,308.3,58.0
Volvo,XC40 Recharge,Twin Motor,64.0,75.0,300,2170,0.3,2.45,0.0112,92,438,26.3,23.7,0,0,2,0,4,4.9,-2,Mumbai,0.1993,321.1,58.0
Volvo,XC40 Recharge,Twin Motor,73.2,75.0,300,2170,0.3,2.45,0.0119,92,438,24.2,34.2,1,0,2,1,4,0.8,-8,Mumbai,0.3552,206.1,58.0
Volvo,XC40 Recharge,Twin Motor,64.2,75.0,300,2170,0.3,2.45,0.0112,92,438,19.6,31.9,1,0,2,1,2,4.8,-2,Mumbai,0.3158,203.3,58.0
Volvo,XC40 Recharge,Twin Motor,74.8,75.0,300,2170,0.3,2.45,0.0112,92,438,15.2,23.0,0,0,1,2,1,0.1,-2,Mumbai,0.1798,416.1,58.0
Volvo,XC40 Recharge,Twin Motor,69.4,75.0,300,2170,0.3,2.45,0.011,92,438,21.8,29.8,1,1,0,0,2,2.5,0,Bangalore,0.2953,235.0,58.0
Volvo,XC40 Recharge,Twin Motor,72.1,75.0,300,2170,0.3,2.45,0.0119,92,438,29.8,35.8,0,1,1,1,2,1.3,-8,Bangalore,0.3931,183.4,58.0
Volvo,XC40 Recharge,Twin Motor,64.0,75.0,300,2170,0.3,2.45,0.011,92,438,27.6,30.9,0,1,1,1,4,4.9,0,Bangalore,0.3846,166.4,58.0
Volvo,XC40 Recharge,Twin Motor,72.8,75.0,300,2170,0.3,2.45,0.0112,92,438,22.7,21.6,0,1,2,1,1,1.0,-2,Bangalore,0.5609,129.8,58.0
Volvo,XC40 Recharge,Twin Motor,67.1,75.0,300,2170,0.3,2.45,0.0112,92,438,31.2,19.1,0,1,2,0,2,3.5,-2,Bangalore,0.5639,119.0,58.0
Volvo,XC40 Recharge,Twin Motor,72.5,75.0,300,2170,0.3,2.45,0.0112,92,438,27.3,34.7,0,1,2,1,3,1.1,-2,Bangalore,0.5763,125.8,58.0
Volvo,XC40 Recharge,Twin Motor,67.1,75.0,300,2170,0.3,2.45,0.0112,92,438,27.5,18.0,1,1,1,2,2,3.5,-2,Bangalore,0.4204,159.6,58.0
Volvo,XC40 Recharge,Twin Motor,64.7,75.0,300,2170,0.3,2.45,0.0119,92,438,16.1,18.9,0,1,2,0,1,4.6,-8,Bangalore,0.5176,125.0,58.0
Volvo,XC40 Recharge,Twin Motor,66.2,75.0,300,2170,0.3,2.45,0.0116,92,438,34.8,23.0,0,1,0,1,3,3.9,-5,Bangalore,0.313,211.5,58.0
Volvo,XC40 Recharge,Twin Motor,72.1,75.0,300,2170,0.3,2.45,0.0112,92,438,28.6,29.8,0,1,2,1,4,1.3,-2,Bangalore,0.6178,116.7,58.0
Volvo,XC40 Recharge,Twin Motor,64.9,75.0,300,2170,0.3,2.45,0.0116,92,438,31.0,20.1,0,1,2,1,1,4.5,-5,Bangalore,0.5868,110.6,58.0
Volvo,XC40 Recharge,Twin Motor,64.0,75.0,300,2170,0.3,2.45,0.011,92,438,15.1,20.1,0,1,2,1,1,4.9,0,Bangalore,0.6136,104.3,58.0
Volvo,XC40 Recharge,Twin Motor,64.0,75.0,300,2170,0.3,2.45,0.0112,92,438,20.2,40.5,1,0,2,1,5,4.9,2,Chennai,0.5083,125.9,58.0
Volvo,XC40 Recharge,Twin Motor,72.8,75.0,300,2170,0.3,2.45,0.011,92,438,16.3,32.2,1,0,2,2,4,1.0,0,Chennai,0.423,172.1,58.0
Volvo,XC40 Recharge,Twin Motor,64.7,75.0,300,2170,0.3,2.45,0.0119,92,438,31.5,26.1,0,0,2,2,4,4.6,-8,Chennai,0.267,242.3,58.0
Volvo,XC40 Recharge,Twin Motor,73.7,75.0,300,2170,0.3,2.45,0.011,92,438,23.5,25.4,0,0,2,1,4,0.6,0,Chennai,0.2129,346.2,58.0
Volvo,XC40 Recharge,Twin Motor,70.7,75.0,300,2170,0.3,2.45,0.011,92,438,19.5,41.0,1,0,1,1,3,1.9,0,Chennai,0.3142,225.0,58.0
Volvo,XC40 Recharge,Twin Motor,69.4,75.0,300,2170,0.3,2.45,0.011,92,438,32.0,22.3,1,0,2,1,4,2.5,0,Chennai,0.2525,274.9,58.0
Volvo,XC40 Recharge,Twin Motor,74.8,75.0,300,2170,0.3,2.45,0.0116,92,438,32.9,38.1,0,0,1,0,3,0.1,-5,Chennai,0.1798,416.1,58.0
Volvo,XC40 Recharge,Twin Motor,66.2,75.0,300,2170,0.3,2.45,0.0119,92,438,32.0,24.3,0,0,2,2,4,3.9,-8,Chennai,0.2602,254.4,58.0
Volvo,XC40 Recharge,Twin Motor,74.8,75.0,300,2170,0.3,2.45,0.0112,92,438,21.4,32.5,0,1,2,0,2,0.1,-2,Pune,0.4755,157.3,58.0
Volvo,XC40 Recharge,Twin Motor,66.2,75.0,300,2170,0.3,2.45,0.011,92,438,24.8,16.6,0,1,0,1,1,3.9,0,Pune,0.2476,267.4,58.0
Volvo,XC40 Recharge,Twin Motor,70.0,75.0,300,2170,0.3,2.45,0.0112,92,438,36.6,21.1,0,1,2,1,2,2.2,-2,Pune,0.6195,113.0,58.0
Volvo,XC40 Recharge,Twin Motor,65.8,75.0,300,2170,0.3,2.45,0.0116,92,438,18.9,20.3,0,1,2,0,1,4.1,-5,Pune,0.5548,118.6,58.0
Volvo,XC40 Recharge,Twin Motor,63.8,75.0,300,2170,0.3,2.45,0.011,92,438,30.7,20.4,0,1,1,2,2,5.0,0,Pune,0.3924,162.6,58.0
Volvo,XC40 Recharge,Twin Motor,71.8,75.0,300,2170,0.3,2.45,0.011,92,438,27.4,21.9,0,1,2,1,2,1.4,0,Pune,0.5939,120.9,58.0
Volvo,XC40 Recharge,Twin Motor,71.8,75.0,300,2170,0.3,2.45,0.0112,92,438,21.1,14.3,0,1,1,2,1,1.4,2,Pune,0.4174,172.0,58.0
Volvo,XC40 Recharge,Twin Motor,68.2,75.0,300,2170,0.3,2.45,0.011,92,438,36.4,33.8,0,1,2,1,3,3.0,0,Pune,0.5977,114.1,58.0
Volvo,XC40 Recharge,Twin Motor,70.3,75.0,300,2170,0.3,2.45,0.0112,92,438,22.9,28.3,0,1,2,1,1,2.1,-2,Pune,0.6014,116.9,58.0
Volvo,XC40 Recharge,Twin Motor,65.8,75.0,300,2170,0.3,2.45,0.0116,92,438,35.2,27.0,0,1,1,2,2,4.1,-5,Pune,0.4248,154.9,58.0
Volvo,XC40 Recharge,Twin Motor,68.0,75.0,300,2170,0.3,2.45,0.011,92,438,23.0,31.8,1,0,2,1,1,3.1,0,Hyderabad,0.3095,219.7,58.0
Volvo,XC40 Recharge,Twin Motor,67.8,75.0,300,2170,0.3,2.45,0.0116,92,438,31.4,16.5,0,0,2,1,1,3.2,-5,Hyderabad,0.1987,341.3,58.0
Volvo,XC40 Recharge,Twin Motor,63.8,75.0,300,2170,0.3,2.45,0.0112,92,438,20.5,31.2,1,0,2,2,3,5.0,-2,Hyderabad,0.3895,163.8,58.0
Volvo,XC40 Recharge,Twin Motor,70.3,75.0,300,2170,0.3,2.45,0.0116,92,438,19.6,31.9,1,0,2,1,4,2.1,-5,Hyderabad,0.3698,190.1,58.0
Volvo,XC40 Recharge,Twin Motor,71.2,75.0,300,2170,0.3,2.45,0.0119,92,438,15.1,20.0,0,0,1,1,1,1.7,-8,Hyderabad,0.1711,416.1,58.0
Volvo,XC40 Recharge,Twin Motor,69.4,75.0,300,2170,0.3,2.45,0.0112,92,438,29.2,32.4,1,0,1,1,2,2.5,-2,Hyderabad,0.1928,359.9,58.0
Volvo,XC40 Recharge,Twin Motor,66.5,75.0,300,2170,0.3,2.45,0.011,92,438,17.3,42.0,1,0,2,0,3,3.8,0,Hyderabad,0.4922,135.1,58.0
Volvo,XC40 Recharge,Twin Motor,66.5,75.0,300,2170,0.3,2.45,0.0112,92,438,28.7,19.9,1,0,2,1,1,3.8,-2,Hyderabad,0.216,307.8,58.0
Volvo,XC40 Recharge,Twin Motor,72.5,75.0,300,2170,0.3,2.45,0.0112,92,438,16.8,16.6,0,0,2,1,3,1.1,-2,Hyderabad,0.2134,339.7,58.0
Volvo,XC40 Recharge,Twin Motor,68.7,75.0,300,2170,0.3,2.45,0.011,92,438,17.7,39.0,0,0,1,2,4,2.8,0,Hyderabad,0.1651,416.1,58.0
Volvo,XC40 Recharge,Twin Motor,68.0,75.0,300,2170,0.3,2.45,0.0116,92,438,26.9,42.0,1,0,2,1,2,3.1,-5,Hyderabad,0.4062,167.4,58.0
Volvo,XC40 Recharge,Twin Motor,66.9,75.0,300,2170,0.3,2.45,0.011,92,438,25.3,24.4,0,0,1,1,1,3.6,0,Kolkata,0.1608,416.1,58.0
Volvo,XC40 Recharge,Twin Motor,64.7,75.0,300,2170,0.3,2.45,0.0116,92,438,27.0,37.9,0,0,2,1,1,4.6,-5,Kolkata,0.1938,333.9,58.0
Volvo,XC40 Recharge,Twin Motor,71.2,75.0,300,2170,0.3,2.45,0.011,92,438,15.0,18.3,0,0,1,1,1,1.7,0,Kolkata,0.1711,416.1,58.0
Volvo,XC40 Recharge,Twin Motor,66.0,75.0,300,2170,0.3,2.45,0.0116,92,438,18.8,33.4,0,0,2,0,1,4.0,-5,Kolkata,0.1759,375.3,58.0
Volvo,XC40 Recharge,Twin Motor,71.2,75.0,300,2170,0.3,2.45,0.0112,92,438,14.6,37.9,0,0,1,0,3,1.7,-2,Kolkata,0.1711,416.1,58.0
Volvo,XC40 Recharge,Twin Motor,67.1,75.0,300,2170,0.3,2.45,0.0112,92,438,22.1,30.7,0,0,1,2,1,3.5,-2,Kolkata,0.1613,416.1,58.0
Volvo,XC40 Recharge,Twin Motor,74.1,75.0,300,2170,0.3,2.45,0.0116,92,438,27.0,24.9,0,0,1,0,2,0.4,-5,Kolkata,0.1781,416.1,58.0
Volvo,XC40 Recharge,Twin Motor,68.2,75.0,300,2170,0.3,2.45,0.0116,92,438,14.8,29.9,0,0,1,1,3,3.0,-5,Kolkata,0.1639,416.1,58.0
Volvo,XC40 Recharge,Twin Motor,73.0,75.0,300,2170,0.3,2.45,0.011,92,438,12.1,17.7,0,0,0,1,1,0.9,0,Kolkata,0.1754,416.1,58.0
Volvo,XC40 Recharge,Twin Motor,71.4,75.0,300,2170,0.3,2.45,0.011,92,438,74.3,33.3,0,0,0,0,1,1.6,0,Highway_NH,0.1716,416.1,58.0
Volvo,XC40 Recharge,Twin Motor,69.4,75.0,300,2170,0.3,2.45,0.0116,92,438,85.6,41.2,1,0,1,2,2,2.5,-5,Highway_NH,0.2926,237.2,58.0
Volvo,XC40 Recharge,Twin Motor,71.4,75.0,300,2170,0.3,2.45,0.0116,92,438,74.9,15.3,0,0,1,1,1,1.6,-5,Highway_NH,0.202,353.5,58.0
Volvo,XC40 Recharge,Twin Motor,70.3,75.0,300,2170,0.3,2.45,0.0112,92,438,86.8,35.1,1,0,1,0,3,2.1,-2,Highway_NH,0.2084,337.3,58.0
Volvo,XC40 Recharge,Twin Motor,69.8,75.0,300,2170,0.3,2.45,0.011,92,438,78.3,18.2,0,0,1,0,2,2.3,0,Highway_NH,0.1702,410.1,58.0
Volvo,XC40 Recharge,Twin Motor,71.4,75.0,300,2170,0.3,2.45,0.0112,92,438,95.9,17.2,0,0,0,1,1,1.6,-2,Highway_NH,0.177,403.5,58.0
Volvo,XC40 Recharge,Twin Motor,73.7,75.0,300,2170,0.3,2.45,0.0116,92,438,97.1,36.0,0,0,0,1,2,0.6,-5,Highway_NH,0.1792,411.3,58.0
Volvo,XC40 Recharge,Twin Motor,72.8,75.0,300,2170,0.3,2.45,0.011,92,438,81.4,32.4,1,0,2,1,1,1.0,0,Highway_NH,0.3429,212.3,58.0
Volvo,XC40 Recharge,Twin Motor,74.3,75.0,300,2170,0.3,2.45,0.0116,92,438,93.7,40.6,0,0,1,1,2,0.3,-5,Expressway,0.2397,310.0,58.0
Volvo,XC40 Recharge,Twin Motor,71.0,75.0,300,2170,0.3,2.45,0.0112,92,438,113.2,42.0,1,0,1,1,1,1.8,-2,Expressway,0.3318,214.0,58.0
Volvo,XC40 Recharge,Twin Motor,73.4,75.0,300,2170,0.3,2.45,0.0119,92,438,84.4,17.7,0,0,0,0,3,0.7,-8,Expressway,0.1764,416.1,58.0
Volvo,XC40 Recharge,Twin Motor,65.1,75.0,300,2170,0.3,2.45,0.0112,92,438,105.5,34.8,1,0,1,1,2,4.4,-2,Expressway,0.2722,239.2,58.0
Volvo,XC40 Recharge,Twin Motor,68.7,75.0,300,2170,0.3,2.45,0.0112,92,438,82.8,17.0,0,0,1,1,2,2.8,2,Expressway,0.195,352.3,58.0
Volvo,XC40 Recharge,Twin Motor,63.8,75.0,300,2170,0.3,2.45,0.0116,92,438,96.2,39.3,0,0,1,1,1,5.0,-5,Expressway,0.2374,268.8,58.0
Volvo,XC40 Recharge,Twin Motor,73.4,75.0,300,2170,0.3,2.45,0.0119,92,438,99.1,17.3,0,0,0,0,2,0.7,-8,Expressway,0.1764,416.1,58.0
Volvo,XC40 Recharge,Twin Motor,66.5,75.0,300,2170,0.3,2.45,0.0116,92,438,109.4,38.5,1,0,0,2,4,3.8,-5,Expressway,0.2844,233.8,58.0
Volvo,XC40 Recharge,Twin Motor,69.2,75.0,300,2170,0.3,2.45,0.0119,92,438,32.8,27.4,1,2,1,2,2,2.6,-8,Hill_Station,0.9251,74.8,58.0
Volvo,XC40 Recharge,Twin Motor,68.5,75.0,300,2170,0.3,2.45,0.011,92,438,39.7,8.6,0,2,2,0,2,2.9,0,Hill_Station,1.3511,50.7,58.0
Volvo,XC40 Recharge,Twin Motor,71.8,75.0,300,2170,0.3,2.45,0.0112,92,438,28.5,9.7,0,2,0,1,2,1.4,-2,Hill_Station,0.691,103.9,58.0
Volvo,XC40 Recharge,Twin Motor,73.2,75.0,300,2170,0.3,2.45,0.011,92,438,36.6,15.6,0,2,2,1,1,0.8,0,Hill_Station,1.2303,59.5,58.0
Volvo,XC40 Recharge,Twin Motor,64.4,75.0,300,2170,0.3,2.45,0.0116,92,438,33.2,22.7,0,2,1,0,4,4.7,-5,Hill_Station,0.7008,91.9,58.0
Volvo,XC40 Recharge,Twin Motor,74.3,75.0,300,2170,0.3,2.45,0.011,92,438,32.9,23.8,0,2,2,0,3,0.3,0,Hill_Station,1.1794,63.0,58.0
Volvo,XC40 Recharge,Twin Motor,68.0,75.0,300,2170,0.3,2.45,0.0112,92,438,36.5,10.7,0,2,1,1,2,3.1,2,Hill_Station,0.8009,84.9,58.0
Volvo,XC40 Recharge,Twin Motor,68.0,75.0,300,2170,0.3,2.45,0.0112,92,438,30.8,19.1,0,2,2,1,1,3.1,-2,Hill_Station,1.0742,63.3,58.0
Volvo,XC40 Recharge,Twin Motor,67.4,75.0,300,2170,0.3,2.45,0.011,92,438,33.9,16.6,0,2,1,1,1,3.4,0,Hill_Station,0.7334,91.9,58.0
Volvo,XC40 Recharge,Twin Motor,65.5,75.0,300,2170,0.3,2.45,0.011,92,438,23.8,18.2,0,2,2,2,4,4.2,0,Hill_Station,1.4853,44.1,58.0
Volvo,XC40 Recharge,Twin Motor,71.2,75.0,300,2170,0.3,2.45,0.0112,92,438,29.6,25.1,0,2,1,1,5,1.7,-2,Hill_Station,0.8725,81.6,58.0
Volvo,XC40 Recharge,Twin Motor,70.0,75.0,300,2170,0.3,2.45,0.0119,92,438,54.3,13.1,0,0,1,2,3,2.2,-8,Rural_Road,0.2015,347.4,58.0
Volvo,XC40 Recharge,Twin Motor,71.2,75.0,300,2170,0.3,2.45,0.011,92,438,37.1,40.6,1,0,2,1,2,1.7,0,Rural_Road,0.3642,195.5,58.0
Volvo,XC40 Recharge,Twin Motor,66.5,75.0,300,2170,0.3,2.45,0.0112,92,438,47.0,22.2,0,0,0,2,3,3.8,-2,Rural_Road,0.1598,416.1,58.0
Volvo,XC40 Recharge,Twin Motor,66.7,75.0,300,2170,0.3,2.45,0.011,92,438,55.5,11.8,0,0,0,1,3,3.7,0,Rural_Road,0.1603,416.1,58.0
Volvo,XC40 Recharge,Twin Motor,65.1,75.0,300,2170,0.3,2.45,0.0116,92,438,56.4,41.9,1,0,0,0,3,4.4,-5,Rural_Road,0.1593,408.7,58.0
Volvo,XC40 Recharge,Twin Motor,64.9,75.0,300,2170,0.3,2.45,0.0116,92,438,30.5,36.3,1,0,0,1,4,4.5,-5,Rural_Road,0.166,390.9,58.0
Volvo,XC40 Recharge,Twin Motor,64.0,75.0,300,2170,0.3,2.45,0.0116,92,438,55.9,39.8,1,0,0,1,2,4.9,-5,Rural_Road,0.1538,416.1,58.0
Volvo,XC40 Recharge,Twin Motor,73.4,75.0,300,2170,0.3,2.45,0.011,92,438,47.9,19.9,0,0,0,2,3,0.7,0,Rural_Road,0.1764,416.1,58.0
Volvo,XC40 Recharge,Twin Motor,71.8,75.0,300,2170,0.3,2.45,0.0119,92,438,33.4,14.3,0,0,0,1,1,1.4,-8,Rural_Road,0.1726,416.1,58.0
Volvo,XC40 Recharge,Twin Motor,70.3,75.0,300,2170,0.3,2.45,0.011,92,438,32.5,27.8,0,0,0,1,1,2.1,0,Rural_Road,0.1689,416.1,58.0
Volvo,XC40 Recharge,Twin Motor,68.0,75.0,300,2170,0.3,2.45,0.0112,92,438,21.7,29.1,1,2,0,1,2,3.1,-2,Ghat_Road,0.6007,113.2,58.0
Volvo,XC40 Recharge,Twin Motor,64.4,75.0,300,2170,0.3,2.45,0.011,92,438,16.2,19.1,0,2,0,0,4,4.7,0,Ghat_Road,0.5518,116.7,58.0
Volvo,XC40 Recharge,Twin Motor,72.1,75.0,300,2170,0.3,2.45,0.011,92,438,24.9,28.1,0,2,0,0,2,1.3,0,Ghat_Road,0.5077,142.0,58.0
Volvo,XC40 Recharge,Twin Motor,74.3,75.0,300,2170,0.3,2.45,0.0119,92,438,17.3,30.3,0,2,0,1,3,0.3,-8,Ghat_Road,0.605,122.8,58.0
Volvo,XC40 Recharge,Twin Motor,74.8,75.0,300,2170,0.3,2.45,0.011,92,438,28.8,30.9,0,2,1,0,2,0.1,0,Ghat_Road,0.6907,108.3,58.0
Volvo,XC40 Recharge,Twin Motor,70.7,75.0,300,2170,0.3,2.45,0.011,92,438,27.1,26.2,0,2,0,1,3,1.9,0,Ghat_Road,0.5426,130.3,58.0
Volvo,XC40 Recharge,Twin Motor,67.1,75.0,300,2170,0.3,2.45,0.011,92,438,17.9,20.4,0,2,1,1,5,3.5,0,Ghat_Road,0.857,78.3,58.0
Volvo,XC40 Recharge,Twin Motor,67.1,75.0,300,2170,0.3,2.45,0.0112,92,438,20.0,29.4,0,2,0,0,1,3.5,-2,Ghat_Road,0.4663,143.9,58.0
Volvo,XC40 Recharge,Twin Motor,73.0,75.0,300,2170,0.3,2.45,0.0119,92,438,15.6,31.1,0,2,2,2,2,0.9,-8,Ghat_Road,1.5145,48.2,58.0
Volvo,XC40 Recharge,Twin Motor,68.7,75.0,300,2170,0.3,2.45,0.0112,92,438,25.1,22.4,1,2,0,2,3,2.8,-2,Ghat_Road,0.6877,99.9,58.0
Volvo,XC40 Recharge,Twin Motor,70.0,75.0,300,2170,0.3,2.45,0.011,92,438,28.9,18.0,0,2,1,1,2,2.2,0,Ghat_Road,0.7157,97.8,58.0
Volvo,XC40 Recharge,Twin Motor,71.4,75.0,300,2170,0.3,2.45,0.0112,92,438,18.5,29.6,0,2,0,1,3,1.6,-2,Ghat_Road,0.5372,132.9,58.0
Volvo,C40 Recharge,Single Motor,60.7,69.0,170,1990,0.28,2.35,0.0116,92,476,21.9,41.5,0,0,0,1,2,4.0,-5,Delhi,0.1802,336.8,57.0
Volvo,C40 Recharge,Single Motor,59.5,69.0,170,1990,0.28,2.35,0.0112,92,476,17.4,44.3,1,0,1,1,3,4.6,-2,Delhi,0.5592,106.4,57.0
Volvo,C40 Recharge,Single Motor,62.4,69.0,170,1990,0.28,2.35,0.011,92,476,32.6,18.4,0,0,1,1,4,3.2,0,Delhi,0.2166,288.1,57.0
Volvo,C40 Recharge,Single Motor,58.6,69.0,170,1990,0.28,2.35,0.0112,92,476,19.8,44.9,1,0,1,1,3,5.0,-2,Delhi,0.5145,113.9,57.0
Volvo,C40 Recharge,Single Motor,67.8,69.0,170,1990,0.28,2.35,0.0112,92,476,33.3,33.1,0,0,1,0,1,0.6,2,Delhi,0.1818,372.9,57.0
Volvo,C40 Recharge,Single Motor,61.1,69.0,170,1990,0.28,2.35,0.0112,92,476,16.9,27.4,1,0,2,1,1,3.8,-2,Delhi,0.5054,120.9,57.0
Volvo,C40 Recharge,Single Motor,67.8,69.0,170,1990,0.28,2.35,0.0112,92,476,29.4,32.0,0,0,2,1,1,0.6,-2,Delhi,0.3055,221.9,57.0
Volvo,C40 Recharge,Single Motor,63.8,69.0,170,1990,0.28,2.35,0.0112,92,476,30.5,11.4,0,0,1,1,4,2.5,-2,Delhi,0.2403,265.5,57.0
Volvo,C40 Recharge,Single Motor,61.3,69.0,170,1990,0.28,2.35,0.011,92,476,28.4,25.0,0,0,1,1,2,3.7,0,Mumbai,0.1867,328.3,57.0
Volvo,C40 Recharge,Single Motor,68.8,69.0,170,1990,0.28,2.35,0.0119,92,476,12.5,33.6,1,0,2,0,4,0.1,-8,Mumbai,0.6732,102.2,57.0
Volvo,C40 Recharge,Single Motor,60.1,69.0,170,1990,0.28,2.35,0.011,92,476,22.8,25.6,0,0,2,0,1,4.3,0,Mumbai,0.2926,205.4,57.0
Volvo,C40 Recharge,Single Motor,64.2,69.0,170,1990,0.28,2.35,0.011,92,476,13.7,24.8,0,0,1,2,2,2.3,0,Mumbai,0.2211,290.4,57.0
Volvo,C40 Recharge,Single Motor,60.1,69.0,170,1990,0.28,2.35,0.0112,92,476,13.5,21.4,1,0,2,1,1,4.3,-2,Mumbai,0.4171,144.1,57.0
Volvo,C40 Recharge,Single Motor,63.2,69.0,170,1990,0.28,2.35,0.0119,92,476,27.1,21.0,0,0,2,1,1,2.8,-8,Mumbai,0.3414,185.1,57.0
Volvo,C40 Recharge,Single Motor,60.7,69.0,170,1990,0.28,2.35,0.011,92,476,20.8,34.6,0,0,0,0,1,4.0,0,Mumbai,0.1342,452.2,57.0
Volvo,C40 Recharge,Single Motor,65.9,69.0,170,1990,0.28,2.35,0.0119,92,476,24.8,26.0,0,0,2,1,3,1.5,-8,Mumbai,0.3783,174.2,57.0
Volvo,C40 Recharge,Single Motor,62.4,69.0,170,1990,0.28,2.35,0.011,92,476,27.9,30.6,1,0,2,1,2,3.2,0,Mumbai,0.4709,132.5,57.0
Volvo,C40 Recharge,Single Motor,61.5,69.0,170,1990,0.28,2.35,0.0112,92,476,24.4,28.4,0,0,0,1,2,3.6,-2,Mumbai,0.1386,443.7,57.0
Volvo,C40 Recharge,Single Motor,58.9,69.0,170,1990,0.28,2.35,0.011,92,476,15.4,37.9,0,1,1,0,2,4.9,0,Bangalore,0.5399,109.1,57.0
Volvo,C40 Recharge,Single Motor,60.5,69.0,170,1990,0.28,2.35,0.0112,92,476,31.5,27.5,1,1,1,1,3,4.1,-2,Bangalore,0.7442,81.3,57.0
Volvo,C40 Recharge,Single Motor,65.3,69.0,170,1990,0.28,2.35,0.0112,92,476,27.8,18.7,0,1,0,2,2,1.8,-2,Bangalore,0.4939,132.2,57.0
Volvo,C40 Recharge,Single Motor,61.1,69.0,170,1990,0.28,2.35,0.0116,92,476,16.9,25.0,0,1,2,0,2,3.8,-5,Bangalore,0.9272,65.9,57.0
Volvo,C40 Recharge,Single Motor,60.7,69.0,170,1990,0.28,2.35,0.011,92,476,15.8,23.4,0,1,2,2,4,4.0,0,Bangalore,1.1431,53.1,57.0
Volvo,C40 Recharge,Single Motor,68.4,69.0,170,1990,0.28,2.35,0.0116,92,476,28.6,33.8,1,1,1,1,5,0.3,-5,Bangalore,0.7395,92.5,57.0
Volvo,C40 Recharge,Single Motor,60.1,69.0,170,1990,0.28,2.35,0.0112,92,476,33.0,29.9,1,1,2,2,2,4.3,-2,Bangalore,1.2626,47.6,57.0
Volvo,C40 Recharge,Single Motor,67.6,69.0,170,1990,0.28,2.35,0.0119,92,476,20.0,18.2,0,1,1,1,1,0.7,-8,Bangalore,0.5773,117.1,57.0
Volvo,C40 Recharge,Single Motor,64.2,69.0,170,1990,0.28,2.35,0.0112,92,476,25.2,39.0,1,0,1,2,1,2.3,-2,Chennai,0.4409,145.6,57.0
Volvo,C40 Recharge,Single Motor,62.8,69.0,170,1990,0.28,2.35,0.0112,92,476,18.8,37.3,1,0,2,1,3,3.0,-2,Chennai,0.6583,95.4,57.0
Volvo,C40 Recharge,Single Motor,69.0,69.0,170,1990,0.28,2.35,0.011,92,476,23.0,28.1,0,0,1,1,1,0.0,0,Chennai,0.2029,340.0,57.0
Volvo,C40 Recharge,Single Motor,66.3,69.0,170,1990,0.28,2.35,0.0116,92,476,17.1,25.4,0,0,1,2,1,1.3,-5,Chennai,0.245,270.6,57.0
Volvo,C40 Recharge,Single Motor,59.5,69.0,170,1990,0.28,2.35,0.011,92,476,31.6,40.2,1,0,2,0,1,4.6,0,Chennai,0.5597,106.3,57.0
Volvo,C40 Recharge,Single Motor,64.7,69.0,170,1990,0.28,2.35,0.011,92,476,30.2,27.3,1,0,2,1,1,2.1,0,Chennai,0.4243,152.5,57.0
Volvo,C40 Recharge,Single Motor,59.1,69.0,170,1990,0.28,2.35,0.0116,92,476,18.7,25.3,0,0,2,1,1,4.8,-5,Chennai,0.3081,191.8,57.0
Volvo,C40 Recharge,Single Motor,63.8,69.0,170,1990,0.28,2.35,0.0112,92,476,24.5,28.6,0,0,2,2,1,2.5,-2,Chennai,0.3667,174.0,57.0
Volvo,C40 Recharge,Single Motor,68.4,69.0,170,1990,0.28,2.35,0.0112,92,476,28.7,39.6,0,0,2,0,1,0.3,-2,Chennai,0.2841,240.8,57.0
Volvo,C40 Recharge,Single Motor,62.4,69.0,170,1990,0.28,2.35,0.011,92,476,15.4,29.5,0,0,1,1,1,3.2,0,Chennai,0.1937,322.1,57.0
Volvo,C40 Recharge,Single Motor,63.0,69.0,170,1990,0.28,2.35,0.0112,92,476,28.9,32.7,0,0,0,1,1,2.9,-2,Chennai,0.142,443.8,57.0
Volvo,C40 Recharge,Single Motor,64.9,69.0,170,1990,0.28,2.35,0.0112,92,476,36.3,27.5,1,1,2,1,4,2.0,-2,Pune,1.2176,53.3,57.0
Volvo,C40 Recharge,Single Motor,65.7,69.0,170,1990,0.28,2.35,0.011,92,476,31.9,39.3,1,1,2,2,2,1.6,0,Pune,1.3774,47.7,57.0
Volvo,C40 Recharge,Single Motor,67.3,69.0,170,1990,0.28,2.35,0.011,92,476,39.5,23.8,1,1,2,1,2,0.8,0,Pune,1.1087,60.7,57.0
Volvo,C40 Recharge,Single Motor,65.7,69.0,170,1990,0.28,2.35,0.011,92,476,30.8,25.1,0,1,1,2,3,1.6,0,Pune,0.6275,104.7,57.0
Volvo,C40 Recharge,Single Motor,64.7,69.0,170,1990,0.28,2.35,0.0112,92,476,20.2,12.3,0,1,1,1,1,2.1,-2,Pune,0.6245,103.6,57.0
Volvo,C40 Recharge,Single Motor,60.3,69.0,170,1990,0.28,2.35,0.0116,92,476,32.5,16.5,0,1,2,0,2,4.2,-5,Pune,0.9496,63.5,57.0
Volvo,C40 Recharge,Single Motor,63.0,69.0,170,1990,0.28,2.35,0.0116,92,476,34.3,35.9,0,1,1,1,4,2.9,-5,Pune,0.6767,93.1,57.0
Volvo,C40 Recharge,Single Motor,59.7,69.0,170,1990,0.28,2.35,0.011,92,476,30.0,39.1,0,1,0,1,3,4.5,0,Pune,0.3977,150.1,57.0
Volvo,C40 Recharge,Single Motor,63.0,69.0,170,1990,0.28,2.35,0.0119,92,476,38.5,28.5,1,1,0,0,3,2.9,-8,Pune,0.4705,133.9,57.0
Volvo,C40 Recharge,Single Motor,68.2,69.0,170,1990,0.28,2.35,0.0112,92,476,33.0,33.4,1,1,2,0,1,0.4,-2,Pune,0.9446,72.2,57.0
Volvo,C40 Recharge,Single Motor,62.0,69.0,170,1990,0.28,2.35,0.0112,92,476,22.1,16.5,0,0,1,1,1,3.4,2,Hyderabad,0.199,311.6,57.0
Volvo,C40 Recharge,Single Motor,67.3,69.0,170,1990,0.28,2.35,0.011,92,476,34.3,22.3,0,0,1,0,3,0.8,0,Hyderabad,0.1909,352.6,57.0
Volvo,C40 Recharge,Single Motor,68.0,69.0,170,1990,0.28,2.35,0.011,92,476,27.9,16.3,0,0,2,1,1,0.5,0,Hyderabad,0.3191,213.1,57.0
Volvo,C40 Recharge,Single Motor,63.2,69.0,170,1990,0.28,2.35,0.0112,92,476,29.4,15.7,0,0,2,1,4,2.8,-2,Hyderabad,0.3492,181.0,57.0
Volvo,C40 Recharge,Single Motor,66.1,69.0,170,1990,0.28,2.35,0.011,92,476,17.0,35.9,1,0,2,0,4,1.4,0,Hyderabad,0.698,94.7,57.0
Volvo,C40 Recharge,Single Motor,61.5,69.0,170,1990,0.28,2.35,0.0119,92,476,32.7,33.6,0,0,2,2,4,3.6,-8,Hyderabad,0.4049,151.9,57.0
Volvo,C40 Recharge,Single Motor,65.5,69.0,170,1990,0.28,2.35,0.0119,92,476,32.2,42.9,0,0,2,1,2,1.7,-8,Hyderabad,0.4048,161.8,57.0
Volvo,C40 Recharge,Single Motor,67.6,69.0,170,1990,0.28,2.35,0.011,92,476,27.4,32.5,0,0,0,1,2,0.7,0,Hyderabad,0.1495,452.2,57.0
Volvo,C40 Recharge,Single Motor,63.6,69.0,170,1990,0.28,2.35,0.0112,92,476,25.7,19.2,0,0,0,0,1,2.6,-2,Hyderabad,0.1406,452.2,57.0
Volvo,C40 Recharge,Single Motor,66.1,69.0,170,1990,0.28,2.35,0.0112,92,476,32.0,31.9,1,0,1,2,1,1.4,-2,Hyderabad,0.3155,209.5,57.0
Volvo,C40 Recharge,Single Motor,65.1,69.0,170,1990,0.28,2.35,0.0112,92,476,25.4,39.2,1,0,1,0,2,1.9,-2,Hyderabad,0.3223,202.0,57.0
Volvo,C40 Recharge,Single Motor,62.4,69.0,170,1990,0.28,2.35,0.0119,92,476,27.6,13.0,0,0,2,1,3,3.2,-8,Kolkata,0.3895,160.2,57.0
Volvo,C40 Recharge,Single Motor,61.5,69.0,170,1990,0.28,2.35,0.011,92,476,27.5,40.8,1,0,2,0,3,3.6,0,Kolkata,0.6743,91.2,57.0
Volvo,C40 Recharge,Single Motor,61.5,69.0,170,1990,0.28,2.35,0.0116,92,476,27.3,22.6,0,0,2,1,3,3.6,-5,Kolkata,0.3232,190.3,57.0
Volvo,C40 Recharge,Single Motor,64.0,69.0,170,1990,0.28,2.35,0.0119,92,476,22.7,28.9,0,0,1,0,4,2.4,-8,Kolkata,0.1904,336.1,57.0
Volvo,C40 Recharge,Single Motor,62.2,69.0,170,1990,0.28,2.35,0.0116,92,476,16.0,25.9,0,0,2,1,3,3.3,-5,Kolkata,0.3558,174.8,57.0
Volvo,C40 Recharge,Single Motor,68.4,69.0,170,1990,0.28,2.35,0.0116,92,476,14.2,34.0,0,0,2,2,1,0.3,-5,Kolkata,0.3592,190.4,57.0
Volvo,C40 Recharge,Single Motor,62.4,69.0,170,1990,0.28,2.35,0.011,92,476,16.9,36.6,1,0,2,1,2,3.2,0,Kolkata,0.7829,79.7,57.0
Volvo,C40 Recharge,Single Motor,67.3,69.0,170,1990,0.28,2.35,0.0112,92,476,17.1,39.0,1,0,2,1,3,0.8,2,Kolkata,0.7198,93.5,57.0
Volvo,C40 Recharge,Single Motor,66.9,69.0,170,1990,0.28,2.35,0.011,92,476,71.7,32.7,0,0,1,2,2,1.0,0,Highway_NH,0.3139,213.1,57.0
Volvo,C40 Recharge,Single Motor,61.8,69.0,170,1990,0.28,2.35,0.011,92,476,76.6,26.3,0,0,1,1,3,3.5,0,Highway_NH,0.2837,217.8,57.0
Volvo,C40 Recharge,Single Motor,64.7,69.0,170,1990,0.28,2.35,0.011,92,476,72.7,44.9,1,0,2,1,3,2.1,0,Highway_NH,0.6516,99.3,57.0
Volvo,C40 Recharge,Single Motor,62.6,69.0,170,1990,0.28,2.35,0.0112,92,476,95.1,27.4,0,0,0,1,4,3.1,-2,Highway_NH,0.2703,231.6,57.0
Volvo,C40 Recharge,Single Motor,63.4,69.0,170,1990,0.28,2.35,0.0116,92,476,70.8,15.1,0,0,0,0,1,2.7,-5,Highway_NH,0.18,352.2,57.0
Volvo,C40 Recharge,Single Motor,62.6,69.0,170,1990,0.28,2.35,0.011,92,476,84.4,27.0,0,0,0,1,3,3.1,0,Highway_NH,0.2289,273.5,57.0
Volvo,C40 Recharge,Single Motor,67.8,69.0,170,1990,0.28,2.35,0.011,92,476,95.3,38.9,1,0,0,2,1,0.6,0,Highway_NH,0.3419,198.3,57.0
Volvo,C40 Recharge,Single Motor,61.8,69.0,170,1990,0.28,2.35,0.0112,92,476,78.8,27.6,0,0,2,1,2,3.5,-2,Highway_NH,0.5374,115.0,57.0
Volvo,C40 Recharge,Single Motor,60.9,69.0,170,1990,0.28,2.35,0.0116,92,476,115.4,18.3,1,0,0,0,2,3.9,-5,Expressway,0.3214,189.5,57.0
Volvo,C40 Recharge,Single Motor,61.8,69.0,170,1990,0.28,2.35,0.011,92,476,104.8,17.0,0,0,0,1,4,3.5,0,Expressway,0.315,196.2,57.0
Volvo,C40 Recharge,Single Motor,67.6,69.0,170,1990,0.28,2.35,0.011,92,476,81.4,19.4,0,0,0,2,2,0.7,0,Expressway,0.2813,240.3,57.0
Volvo,C40 Recharge,Single Motor,65.9,69.0,170,1990,0.28,2.35,0.011,92,476,94.2,37.3,1,0,0,1,2,1.5,0,Expressway,0.2821,233.6,57.0
Volvo,C40 Recharge,Single Motor,68.8,69.0,170,1990,0.28,2.35,0.0112,92,476,92.0,25.6,0,0,0,1,4,0.1,-2,Expressway,0.274,251.1,57.0
Volvo,C40 Recharge,Single Motor,63.8,69.0,170,1990,0.28,2.35,0.011,92,476,109.9,35.9,1,0,1,2,1,2.5,0,Expressway,0.4965,128.5,57.0
Volvo,C40 Recharge,Single Motor,64.7,69.0,170,1990,0.28,2.35,0.0112,92,476,92.4,23.7,1,0,1,1,4,2.1,-2,Expressway,0.3779,171.2,57.0
Volvo,C40 Recharge,Single Motor,60.7,69.0,170,1990,0.28,2.35,0.011,92,476,84.6,31.0,0,0,1,1,3,4.0,0,Expressway,0.3165,191.8,57.0
Volvo,C40 Recharge,Single Motor,59.9,69.0,170,1990,0.28,2.35,0.0112,92,476,93.3,36.3,0,0,0,2,1,4.4,-2,Expressway,0.3392,176.6,57.0
Volvo,C40 Recharge,Single Motor,65.9,69.0,170,1990,0.28,2.35,0.0119,92,476,91.8,33.2,0,0,0,0,1,1.5,-8,Expressway,0.2344,281.2,57.0
Volvo,C40 Recharge,Single Motor,59.1,69.0,170,1990,0.28,2.35,0.0112,92,476,32.1,22.3,0,2,1,1,4,4.8,-2,Hill_Station,1.2416,47.6,57.0
Volvo,C40 Recharge,Single Motor,67.1,69.0,170,1990,0.28,2.35,0.0119,92,476,23.8,8.2,0,2,2,1,1,0.9,-8,Hill_Station,1.4097,47.6,57.0
Volvo,C40 Recharge,Single Motor,60.5,69.0,170,1990,0.28,2.35,0.011,92,476,33.1,17.4,0,2,2,2,2,4.1,0,Hill_Station,1.271,47.6,57.0
Volvo,C40 Recharge,Single Motor,68.8,69.0,170,1990,0.28,2.35,0.0112,92,476,25.4,21.2,0,2,2,1,2,0.1,-2,Hill_Station,1.4454,47.6,57.0
Volvo,C40 Recharge,Single Motor,60.7,69.0,170,1990,0.28,2.35,0.0112,92,476,31.8,13.6,0,2,1,1,3,4.0,2,Hill_Station,1.2752,47.6,57.0
Volvo,C40 Recharge,Single Motor,65.1,69.0,170,1990,0.28,2.35,0.011,92,476,20.7,20.5,0,2,0,2,2,1.9,0,Hill_Station,1.0046,64.8,57.0
Volvo,C40 Recharge,Single Motor,65.5,69.0,170,1990,0.28,2.35,0.011,92,476,30.9,24.7,0,2,2,1,3,1.7,0,Hill_Station,1.3761,47.6,57.0
Volvo,C40 Recharge,Single Motor,63.0,69.0,170,1990,0.28,2.35,0.0119,92,476,34.0,5.6,0,2,0,1,2,2.9,-8,Hill_Station,1.156,54.5,57.0
Volvo,C40 Recharge,Single Motor,68.8,69.0,170,1990,0.28,2.35,0.0119,92,476,35.3,13.4,0,2,2,1,2,0.1,-8,Hill_Station,1.4454,47.6,57.0
Volvo,C40 Recharge,Single Motor,62.4,69.0,170,1990,0.28,2.35,0.0112,92,476,27.0,19.4,0,2,1,2,2,3.2,-2,Hill_Station,1.3109,47.6,57.0
Volvo,C40 Recharge,Single Motor,60.3,69.0,170,1990,0.28,2.35,0.0112,92,476,36.0,13.7,0,2,0,1,2,4.2,-2,Hill_Station,0.9466,63.7,57.0
Volvo,C40 Recharge,Single Motor,60.5,69.0,170,1990,0.28,2.35,0.011,92,476,22.7,6.2,0,2,2,0,2,4.1,0,Hill_Station,1.271,47.6,57.0
Volvo,C40 Recharge,Single Motor,61.1,69.0,170,1990,0.28,2.35,0.0112,92,476,32.3,17.6,0,0,0,1,1,3.8,-2,Rural_Road,0.1586,385.2,57.0
Volvo,C40 Recharge,Single Motor,66.1,69.0,170,1990,0.28,2.35,0.011,92,476,39.2,12.7,0,0,0,1,1,1.4,0,Rural_Road,0.1672,395.3,57.0
Volvo,C40 Recharge,Single Motor,66.5,69.0,170,1990,0.28,2.35,0.0116,92,476,38.8,13.4,0,0,0,1,2,1.2,-5,Rural_Road,0.1679,396.1,57.0
Volvo,C40 Recharge,Single Motor,62.0,69.0,170,1990,0.28,2.35,0.0116,92,476,36.2,41.4,0,0,0,1,3,3.4,-5,Rural_Road,0.1785,347.3,57.0
Volvo,C40 Recharge,Single Motor,64.9,69.0,170,1990,0.28,2.35,0.011,92,476,46.2,11.0,0,0,1,1,2,2.0,0,Rural_Road,0.2587,250.9,57.0
Volvo,C40 Recharge,Single Motor,67.8,69.0,170,1990,0.28,2.35,0.0112,92,476,57.3,42.1,1,0,0,1,1,0.6,2,Rural_Road,0.286,237.1,57.0
Volvo,C40 Recharge,Single Motor,60.7,69.0,170,1990,0.28,2.35,0.0112,92,476,53.0,32.3,0,0,0,0,4,4.0,-2,Rural_Road,0.1585,382.9,57.0
Volvo,C40 Recharge,Single Motor,59.5,69.0,170,1990,0.28,2.35,0.0112,92,476,32.7,34.6,0,0,1,1,4,4.6,-2,Rural_Road,0.2228,267.0,57.0
Volvo,C40 Recharge,Single Motor,59.5,69.0,170,1990,0.28,2.35,0.0116,92,476,30.9,27.6,0,0,0,1,3,4.6,-5,Rural_Road,0.1504,395.7,57.0
Volvo,C40 Recharge,Single Motor,68.8,69.0,170,1990,0.28,2.35,0.0112,92,476,55.9,30.0,0,0,0,1,1,0.1,-2,Rural_Road,0.174,395.5,57.0
Volvo,C40 Recharge,Single Motor,64.9,69.0,170,1990,0.28,2.35,0.0112,92,476,31.0,26.0,0,0,2,2,2,2.0,-2,Rural_Road,0.4491,144.5,57.0
Volvo,C40 Recharge,Single Motor,60.5,69.0,170,1990,0.28,2.35,0.0112,92,476,20.7,17.4,0,2,2,1,1,4.1,-2,Ghat_Road,1.271,47.6,57.0
Volvo,C40 Recharge,Single Motor,62.0,69.0,170,1990,0.28,2.35,0.0112,92,476,32.8,26.1,0,2,1,1,1,3.4,-2,Ghat_Road,1.2627,49.1,57.0
Volvo,C40 Recharge,Single Motor,67.1,69.0,170,1990,0.28,2.35,0.0112,92,476,21.3,32.8,1,2,1,1,2,0.9,-2,Ghat_Road,1.4097,47.6,57.0
Volvo,C40 Recharge,Single Motor,59.5,69.0,170,1990,0.28,2.35,0.011,92,476,18.8,22.4,0,2,1,2,1,4.6,0,Ghat_Road,1.25,47.6,57.0
Volvo,C40 Recharge,Single Motor,61.3,69.0,170,1990,0.28,2.35,0.011,92,476,26.2,32.1,1,2,1,2,4,3.7,0,Ghat_Road,1.2878,47.6,57.0
Volvo,C40 Recharge,Single Motor,61.5,69.0,170,1990,0.28,2.35,0.0116,92,476,34.5,14.4,0,2,1,2,4,3.6,-5,Ghat_Road,1.292,47.6,57.0
Volvo,C40 Recharge,Single Motor,62.4,69.0,170,1990,0.28,2.35,0.011,92,476,18.1,23.4,0,2,0,1,1,3.2,0,Ghat_Road,0.8715,71.6,57.0
Volvo,C40 Recharge,Single Motor,59.5,69.0,170,1990,0.28,2.35,0.011,92,476,30.1,18.0,0,2,1,1,1,4.6,0,Ghat_Road,1.2448,47.8,57.0
Volvo,C40 Recharge,Single Motor,59.9,69.0,170,1990,0.28,2.35,0.0112,92,476,16.9,30.1,0,2,2,1,2,4.4,-2,Ghat_Road,1.2584,47.6,57.0
Volvo,C40 Recharge,Single Motor,59.9,69.0,170,1990,0.28,2.35,0.0116,92,476,32.9,33.8,1,2,1,1,3,4.4,-5,Ghat_Road,1.2584,47.6,57.0
Volvo,C40 Recharge,Single Motor,59.9,69.0,170,1990,0.28,2.35,0.011,92,476,27.4,14.8,0,2,0,2,5,4.4,0,Ghat_Road,1.2584,47.6,57.0
Volvo,C40 Recharge,Single Motor,61.8,69.0,170,1990,0.28,2.35,0.0116,92,476,18.0,21.1,0,2,0,0,3,3.5,-5,Ghat_Road,0.8318,74.3,57.0
Porsche,Taycan,4S,73.0,79.2,360,2295,0.22,2.33,0.0102,94,512,17.0,26.0,0,0,2,2,1,2.6,-2,Delhi,0.1501,486.4,130.0
Porsche,Taycan,4S,70.9,79.2,360,2295,0.22,2.33,0.01,94,512,25.9,24.7,0,0,1,1,3,3.5,0,Delhi,0.1458,486.4,130.0
Porsche,Taycan,4S,77.8,79.2,360,2295,0.22,2.33,0.01,94,512,20.6,46.2,1,0,1,1,2,0.6,0,Delhi,0.2103,370.0,130.0
Porsche,Taycan,4S,68.5,79.2,360,2295,0.22,2.33,0.0102,94,512,26.0,19.8,0,0,0,0,2,4.5,-2,Delhi,0.1408,486.4,130.0
Porsche,Taycan,4S,78.7,79.2,360,2295,0.22,2.33,0.0105,94,512,31.6,11.5,0,0,2,2,1,0.2,-5,Delhi,0.1618,486.4,130.0
Porsche,Taycan,4S,70.9,79.2,360,2295,0.22,2.33,0.0105,94,512,27.8,39.1,0,0,2,2,2,3.5,-5,Delhi,0.1647,430.4,130.0
Porsche,Taycan,4S,79.0,79.2,360,2295,0.22,2.33,0.01,94,512,24.6,21.6,0,0,1,0,1,0.1,0,Delhi,0.1624,486.4,130.0
Porsche,Taycan,4S,70.2,79.2,360,2295,0.22,2.33,0.0102,94,512,23.6,27.2,1,0,1,1,1,3.8,-2,Delhi,0.1443,486.4,130.0
Porsche,Taycan,4S,68.5,79.2,360,2295,0.22,2.33,0.01,94,512,22.1,27.3,0,0,0,2,3,4.5,0,Delhi,0.1408,486.4,130.0
Porsche,Taycan,4S,69.7,79.2,360,2295,0.22,2.33,0.0105,94,512,17.2,19.4,0,0,1,0,2,4.0,-5,Mumbai,0.1433,486.4,130.0
Porsche,Taycan,4S,79.0,79.2,360,2295,0.22,2.33,0.0102,94,512,15.2,31.6,1,0,2,0,1,0.1,-2,Mumbai,0.2522,313.3,130.0
Porsche,Taycan,4S,78.0,79.2,360,2295,0.22,2.33,0.0102,94,512,13.2,24.7,0,0,2,1,4,0.5,2,Mumbai,0.1604,486.4,130.0
Porsche,Taycan,4S,77.3,79.2,360,2295,0.22,2.33,0.01,94,512,12.2,18.6,0,0,2,1,2,0.8,0,Mumbai,0.1589,486.4,130.0
Porsche,Taycan,4S,69.5,79.2,360,2295,0.22,2.33,0.0105,94,512,20.0,30.4,0,0,2,1,1,4.1,-5,Mumbai,0.1438,483.3,130.0
Porsche,Taycan,4S,68.0,79.2,360,2295,0.22,2.33,0.0102,94,512,13.9,21.8,0,0,2,1,2,4.7,-2,Mumbai,0.1398,486.4,130.0
Porsche,Taycan,4S,69.2,79.2,360,2295,0.22,2.33,0.01,94,512,29.4,32.5,0,0,2,0,2,4.2,0,Mumbai,0.1423,486.4,130.0
Porsche,Taycan,4S,68.7,79.2,360,2295,0.22,2.33,0.01,94,512,17.1,31.7,1,0,2,1,5,4.4,0,Mumbai,0.2707,253.8,130.0
Porsche,Taycan,4S,78.5,79.2,360,2295,0.22,2.33,0.0105,94,512,12.7,21.3,0,0,2,0,1,0.3,-5,Mumbai,0.1614,486.4,130.0
Porsche,Taycan,4S,73.3,79.2,360,2295,0.22,2.33,0.0108,94,512,17.2,22.3,0,0,1,0,1,2.5,-8,Mumbai,0.1507,486.4,130.0
Porsche,Taycan,4S,74.7,79.2,360,2295,0.22,2.33,0.01,94,512,20.3,24.1,0,1,2,1,1,1.9,0,Bangalore,0.4444,168.1,130.0
Porsche,Taycan,4S,75.2,79.2,360,2295,0.22,2.33,0.0108,94,512,34.6,25.3,0,1,0,1,1,1.7,-8,Bangalore,0.1866,403.0,130.0
Porsche,Taycan,4S,67.3,79.2,360,2295,0.22,2.33,0.0102,94,512,21.3,31.1,0,1,1,0,3,5.0,-2,Bangalore,0.2371,283.8,130.0
Porsche,Taycan,4S,67.8,79.2,360,2295,0.22,2.33,0.0105,94,512,33.1,19.0,0,1,2,1,4,4.8,-5,Bangalore,0.4874,139.1,130.0
Porsche,Taycan,4S,74.0,79.2,360,2295,0.22,2.33,0.01,94,512,22.2,25.4,0,1,1,0,3,2.2,0,Bangalore,0.2493,296.8,130.0
Porsche,Taycan,4S,69.2,79.2,360,2295,0.22,2.33,0.0102,94,512,21.8,30.8,0,1,2,1,2,4.2,-2,Bangalore,0.4756,145.5,130.0
Porsche,Taycan,4S,75.4,79.2,360,2295,0.22,2.33,0.0105,94,512,29.8,24.4,0,1,2,1,1,1.6,-5,Bangalore,0.4501,167.5,130.0
Porsche,Taycan,4S,72.8,79.2,360,2295,0.22,2.33,0.0102,94,512,32.5,26.2,0,1,1,0,2,2.7,-2,Bangalore,0.2424,300.3,130.0
Porsche,Taycan,4S,73.3,79.2,360,2295,0.22,2.33,0.0102,94,512,16.7,25.8,0,1,1,0,1,2.5,2,Bangalore,0.2341,313.1,130.0
Porsche,Taycan,4S,71.6,79.2,360,2295,0.22,2.33,0.01,94,512,26.0,23.9,0,1,1,1,1,3.2,0,Bangalore,0.2529,283.1,130.0
Porsche,Taycan,4S,77.3,79.2,360,2295,0.22,2.33,0.01,94,512,17.5,24.0,1,0,2,1,3,0.8,0,Chennai,0.1667,463.8,130.0
Porsche,Taycan,4S,74.2,79.2,360,2295,0.22,2.33,0.01,94,512,34.6,41.6,1,0,1,0,1,2.1,0,Chennai,0.1525,486.4,130.0
Porsche,Taycan,4S,68.7,79.2,360,2295,0.22,2.33,0.0108,94,512,19.2,32.3,1,0,1,0,2,4.4,-8,Chennai,0.1432,479.6,130.0
Porsche,Taycan,4S,74.7,79.2,360,2295,0.22,2.33,0.01,94,512,18.2,27.9,0,0,1,0,2,1.9,0,Chennai,0.1536,486.4,130.0
Porsche,Taycan,4S,69.7,79.2,360,2295,0.22,2.33,0.01,94,512,33.1,24.8,0,0,1,1,2,4.0,0,Chennai,0.1433,486.4,130.0
Porsche,Taycan,4S,73.0,79.2,360,2295,0.22,2.33,0.0102,94,512,18.4,23.2,0,0,1,1,3,2.6,-2,Chennai,0.1501,486.4,130.0
Porsche,Taycan,4S,67.8,79.2,360,2295,0.22,2.33,0.0102,94,512,22.2,30.5,0,0,1,2,3,4.8,-2,Chennai,0.1394,486.4,130.0
Porsche,Taycan,4S,69.0,79.2,360,2295,0.22,2.33,0.0102,94,512,25.0,22.5,0,0,2,1,3,4.3,-2,Chennai,0.1431,482.3,130.0
Porsche,Taycan,4S,76.3,79.2,360,2295,0.22,2.33,0.0102,94,512,24.4,39.0,1,0,1,2,1,1.2,-2,Chennai,0.1852,412.0,130.0
Porsche,Taycan,4S,69.2,79.2,360,2295,0.22,2.33,0.0102,94,512,26.5,24.5,1,0,1,1,2,4.2,-2,Chennai,0.1423,486.4,130.0
Porsche,Taycan,4S,72.1,79.2,360,2295,0.22,2.33,0.0102,94,512,21.4,33.0,0,0,2,2,4,3.0,-2,Chennai,0.1682,428.7,130.0
Porsche,Taycan,4S,74.7,79.2,360,2295,0.22,2.33,0.0105,94,512,23.3,26.0,0,0,0,2,3,1.9,-5,Chennai,0.1536,486.4,130.0
Porsche,Taycan,4S,73.7,79.2,360,2295,0.22,2.33,0.01,94,512,39.2,34.3,0,1,1,1,3,2.3,0,Pune,0.2851,258.5,130.0
Porsche,Taycan,4S,79.2,79.2,360,2295,0.22,2.33,0.0102,94,512,22.6,35.5,0,1,1,1,4,0.0,-2,Pune,0.2695,293.9,130.0
Porsche,Taycan,4S,69.2,79.2,360,2295,0.22,2.33,0.0105,94,512,28.0,29.4,0,1,2,2,2,4.2,-5,Pune,0.487,142.1,130.0
Porsche,Taycan,4S,71.6,79.2,360,2295,0.22,2.33,0.0105,94,512,27.9,35.4,1,1,1,1,1,3.2,-5,Pune,0.3138,228.2,130.0
Porsche,Taycan,4S,73.7,79.2,360,2295,0.22,2.33,0.0108,94,512,26.0,24.0,0,1,1,1,3,2.3,-8,Pune,0.2798,263.4,130.0
Porsche,Taycan,4S,67.6,79.2,360,2295,0.22,2.33,0.0102,94,512,38.8,35.2,1,1,0,2,1,4.9,-2,Pune,0.2662,253.9,130.0
Porsche,Taycan,4S,74.4,79.2,360,2295,0.22,2.33,0.01,94,512,33.9,34.8,1,1,1,1,4,2.0,0,Pune,0.3197,232.7,130.0
Porsche,Taycan,4S,78.5,79.2,360,2295,0.22,2.33,0.0102,94,512,39.5,36.1,1,1,1,1,2,0.3,-2,Pune,0.3103,253.0,130.0
Porsche,Taycan,4S,70.6,79.2,360,2295,0.22,2.33,0.0102,94,512,18.9,37.8,1,0,2,0,1,3.6,-2,Hyderabad,0.2677,263.7,130.0
Porsche,Taycan,4S,78.2,79.2,360,2295,0.22,2.33,0.01,94,512,29.3,41.2,1,0,2,2,2,0.4,0,Hyderabad,0.3273,238.9,130.0
Porsche,Taycan,4S,70.6,79.2,360,2295,0.22,2.33,0.01,94,512,16.2,21.0,0,0,1,1,1,3.6,0,Hyderabad,0.1451,486.4,130.0
Porsche,Taycan,4S,78.7,79.2,360,2295,0.22,2.33,0.0102,94,512,24.8,26.7,0,0,1,2,1,0.2,-2,Hyderabad,0.1618,486.4,130.0
Porsche,Taycan,4S,70.4,79.2,360,2295,0.22,2.33,0.01,94,512,26.9,35.7,0,0,1,1,1,3.7,0,Hyderabad,0.1447,486.4,130.0
Porsche,Taycan,4S,72.5,79.2,360,2295,0.22,2.33,0.0102,94,512,24.0,15.6,0,0,1,0,2,2.8,-2,Hyderabad,0.1491,486.4,130.0
Porsche,Taycan,4S,69.2,79.2,360,2295,0.22,2.33,0.0102,94,512,34.7,35.1,0,0,2,0,4,4.2,-2,Hyderabad,0.147,470.8,130.0
Porsche,Taycan,4S,69.5,79.2,360,2295,0.22,2.33,0.01,94,512,34.1,33.4,0,0,1,0,1,4.1,0,Hyderabad,0.1429,486.4,130.0
Porsche,Taycan,4S,73.7,79.2,360,2295,0.22,2.33,0.01,94,512,16.2,29.7,1,0,2,1,1,2.3,0,Kolkata,0.2225,331.3,130.0
Porsche,Taycan,4S,69.0,79.2,360,2295,0.22,2.33,0.0102,94,512,20.2,21.3,0,0,2,1,2,4.3,-2,Kolkata,0.142,485.8,130.0
Porsche,Taycan,4S,67.6,79.2,360,2295,0.22,2.33,0.0105,94,512,25.1,26.8,0,0,1,1,2,4.9,-5,Kolkata,0.139,486.4,130.0
Porsche,Taycan,4S,69.2,79.2,360,2295,0.22,2.33,0.01,94,512,22.8,20.4,0,0,0,1,3,4.2,0,Kolkata,0.1423,486.4,130.0
Porsche,Taycan,4S,72.5,79.2,360,2295,0.22,2.33,0.0105,94,512,19.3,13.1,0,0,0,0,4,2.8,-5,Kolkata,0.1491,486.4,130.0
Porsche,Taycan,4S,70.6,79.2,360,2295,0.22,2.33,0.0102,94,512,15.7,13.2,1,0,0,1,3,3.6,-2,Kolkata,0.1451,486.4,130.0
Porsche,Taycan,4S,70.9,79.2,360,2295,0.22,2.33,0.0105,94,512,14.9,37.8,0,0,2,0,5,3.5,-5,Kolkata,0.1458,486.4,130.0
Porsche,Taycan,4S,70.9,79.2,360,2295,0.22,2.33,0.01,94,512,21.7,13.5,0,0,2,0,5,3.5,0,Kolkata,0.1461,485.3,130.0
Porsche,Taycan,4S,77.3,79.2,360,2295,0.22,2.33,0.0102,94,512,17.9,32.2,0,0,2,1,3,0.8,-2,Kolkata,0.1589,486.4,130.0
Porsche,Taycan,4S,78.0,79.2,360,2295,0.22,2.33,0.0102,94,512,24.4,16.1,0,0,2,2,3,0.5,2,Kolkata,0.165,472.8,130.0
Porsche,Taycan,4S,78.0,79.2,360,2295,0.22,2.33,0.0102,94,512,77.7,24.2,0,0,0,0,3,0.5,-2,Highway_NH,0.1604,486.4,130.0
Porsche,Taycan,4S,75.2,79.2,360,2295,0.22,2.33,0.0102,94,512,89.4,23.0,0,0,1,1,2,1.7,-2,Highway_NH,0.1546,486.4,130.0
Porsche,Taycan,4S,68.5,79.2,360,2295,0.22,2.33,0.0102,94,512,87.2,29.6,1,0,1,0,2,4.5,2,Highway_NH,0.1408,486.4,130.0
Porsche,Taycan,4S,74.2,79.2,360,2295,0.22,2.33,0.01,94,512,84.2,38.9,1,0,0,1,1,2.1,0,Highway_NH,0.1525,486.4,130.0
Porsche,Taycan,4S,74.9,79.2,360,2295,0.22,2.33,0.0105,94,512,82.6,28.7,1,0,0,1,3,1.8,-5,Highway_NH,0.154,486.4,130.0
Porsche,Taycan,4S,78.5,79.2,360,2295,0.22,2.33,0.0102,94,512,84.5,22.9,1,0,0,2,1,0.3,-2,Highway_NH,0.1614,486.4,130.0
Porsche,Taycan,4S,67.8,79.2,360,2295,0.22,2.33,0.0105,94,512,74.0,20.4,0,0,1,1,5,4.8,-5,Highway_NH,0.1394,486.4,130.0
Porsche,Taycan,4S,71.6,79.2,360,2295,0.22,2.33,0.0102,94,512,83.1,34.2,0,0,0,2,4,3.2,-2,Highway_NH,0.1472,486.4,130.0
Porsche,Taycan,4S,77.1,79.2,360,2295,0.22,2.33,0.0102,94,512,106.0,32.6,1,0,0,1,3,0.9,-2,Expressway,0.1585,486.4,130.0
Porsche,Taycan,4S,71.8,79.2,360,2295,0.22,2.33,0.01,94,512,80.3,42.0,1,0,0,2,3,3.1,0,Expressway,0.1476,486.4,130.0
Porsche,Taycan,4S,73.3,79.2,360,2295,0.22,2.33,0.0108,94,512,81.9,39.2,0,0,1,0,1,2.5,-8,Expressway,0.1507,486.4,130.0
Porsche,Taycan,4S,69.5,79.2,360,2295,0.22,2.33,0.0108,94,512,107.7,30.2,0,0,0,1,2,4.1,-8,Expressway,0.1429,486.4,130.0
Porsche,Taycan,4S,78.5,79.2,360,2295,0.22,2.33,0.0105,94,512,103.1,23.6,0,0,0,1,2,0.3,-5,Expressway,0.1614,486.4,130.0
Porsche,Taycan,4S,68.7,79.2,360,2295,0.22,2.33,0.0102,94,512,89.6,28.5,0,0,0,0,2,4.4,2,Expressway,0.1412,486.4,130.0
Porsche,Taycan,4S,76.3,79.2,360,2295,0.22,2.33,0.0108,94,512,88.2,33.1,1,0,0,1,1,1.2,-8,Expressway,0.1569,486.4,130.0
Porsche,Taycan,4S,74.4,79.2,360,2295,0.22,2.33,0.01,94,512,101.3,16.7,1,0,0,1,2,2.0,0,Expressway,0.153,486.4,130.0
Porsche,Taycan,4S,69.2,79.2,360,2295,0.22,2.33,0.01,94,512,95.5,34.5,1,0,1,1,1,4.2,0,Expressway,0.1423,486.4,130.0
Porsche,Taycan,4S,75.9,79.2,360,2295,0.22,2.33,0.01,94,512,115.2,39.3,1,0,0,2,1,1.4,0,Expressway,0.156,486.4,130.0
Porsche,Taycan,4S,70.2,79.2,360,2295,0.22,2.33,0.0102,94,512,102.7,38.5,1,0,1,0,2,3.8,-2,Expressway,0.1565,448.6,130.0
Porsche,Taycan,4S,72.5,79.2,360,2295,0.22,2.33,0.0102,94,512,80.2,17.6,0,0,0,1,1,2.8,-2,Expressway,0.1491,486.4,130.0
Porsche,Taycan,4S,74.9,79.2,360,2295,0.22,2.33,0.0105,94,512,20.4,28.4,1,2,2,2,1,1.8,-5,Hill_Station,1.0777,69.5,130.0
Porsche,Taycan,4S,69.0,79.2,360,2295,0.22,2.33,0.01,94,512,34.5,10.0,0,2,2,1,1,4.3,0,Hill_Station,0.9212,74.9,130.0
Porsche,Taycan,4S,78.5,79.2,360,2295,0.22,2.33,0.0102,94,512,27.9,25.0,0,2,1,1,3,0.3,-2,Hill_Station,0.5988,131.1,130.0
Porsche,Taycan,4S,73.5,79.2,360,2295,0.22,2.33,0.01,94,512,26.4,18.6,1,2,1,1,2,2.4,0,Hill_Station,0.556,132.2,130.0
Porsche,Taycan,4S,68.5,79.2,360,2295,0.22,2.33,0.0102,94,512,20.4,15.3,0,2,1,2,1,4.5,-2,Hill_Station,0.6177,110.9,130.0
Porsche,Taycan,4S,69.5,79.2,360,2295,0.22,2.33,0.01,94,512,25.9,8.3,0,2,1,1,2,4.1,0,Hill_Station,0.6307,110.2,130.0
Porsche,Taycan,4S,69.9,79.2,360,2295,0.22,2.33,0.0105,94,512,28.1,15.4,0,2,0,0,2,3.9,-5,Hill_Station,0.3596,194.4,130.0
Porsche,Taycan,4S,77.5,79.2,360,2295,0.22,2.33,0.0105,94,512,33.0,23.8,1,2,1,2,2,0.7,-5,Hill_Station,0.6352,122.0,130.0
Porsche,Taycan,4S,72.5,79.2,360,2295,0.22,2.33,0.0105,94,512,39.4,11.4,0,2,2,0,3,2.8,-5,Hill_Station,0.8777,82.6,130.0
Porsche,Taycan,4S,71.8,79.2,360,2295,0.22,2.33,0.0102,94,512,34.8,28.9,0,2,1,1,1,3.1,-2,Hill_Station,0.5627,127.6,130.0
Porsche,Taycan,4S,77.5,79.2,360,2295,0.22,2.33,0.0105,94,512,26.6,19.3,0,2,0,1,3,0.7,-5,Hill_Station,0.4666,166.1,130.0
Porsche,Taycan,4S,67.6,79.2,360,2295,0.22,2.33,0.01,94,512,31.7,17.2,0,2,0,1,3,4.9,0,Hill_Station,0.4281,157.9,130.0
Porsche,Taycan,4S,67.6,79.2,360,2295,0.22,2.33,0.01,94,512,37.9,38.3,1,0,0,2,1,4.9,0,Rural_Road,0.139,486.4,130.0
Porsche,Taycan,4S,78.7,79.2,360,2295,0.22,2.33,0.0102,94,512,39.7,33.1,1,0,2,2,5,0.2,-2,Rural_Road,0.2509,313.7,130.0
Porsche,Taycan,4S,75.9,79.2,360,2295,0.22,2.33,0.0105,94,512,48.1,37.9,1,0,1,0,2,1.4,-5,Rural_Road,0.156,486.4,130.0
Porsche,Taycan,4S,68.0,79.2,360,2295,0.22,2.33,0.0105,94,512,42.6,23.2,0,0,0,1,4,4.7,-5,Rural_Road,0.1398,486.4,130.0
Porsche,Taycan,4S,70.9,79.2,360,2295,0.22,2.33,0.01,94,512,30.5,17.3,0,0,1,1,2,3.5,0,Rural_Road,0.1458,486.4,130.0
Porsche,Taycan,4S,68.3,79.2,360,2295,0.22,2.33,0.01,94,512,34.3,24.2,0,0,1,1,3,4.6,0,Rural_Road,0.1404,486.4,130.0
Porsche,Taycan,4S,74.4,79.2,360,2295,0.22,2.33,0.0105,94,512,46.1,25.2,1,0,1,1,2,2.0,-5,Rural_Road,0.153,486.4,130.0
Porsche,Taycan,4S,75.6,79.2,360,2295,0.22,2.33,0.01,94,512,34.5,33.4,1,0,0,1,4,1.5,0,Rural_Road,0.1554,486.4,130.0
Porsche,Taycan,4S,70.6,79.2,360,2295,0.22,2.33,0.0105,94,512,56.7,16.1,0,0,0,0,3,3.6,-5,Rural_Road,0.1451,486.4,130.0
Porsche,Taycan,4S,76.8,79.2,360,2295,0.22,2.33,0.0102,94,512,49.4,37.4,0,0,1,2,2,1.0,-2,Rural_Road,0.1579,486.4,130.0
Porsche,Taycan,4S,70.9,79.2,360,2295,0.22,2.33,0.0108,94,512,39.0,44.9,1,0,2,1,2,3.5,-8,Rural_Road,0.2584,274.4,130.0
Porsche,Taycan,4S,75.2,79.2,360,2295,0.22,2.33,0.0105,94,512,24.6,24.0,0,2,2,1,1,1.7,-5,Ghat_Road,0.9507,79.1,130.0
Porsche,Taycan,4S,77.3,79.2,360,2295,0.22,2.33,0.01,94,512,29.9,20.1,0,2,0,0,1,0.8,0,Ghat_Road,0.3718,207.9,130.0
Porsche,Taycan,4S,68.3,79.2,360,2295,0.22,2.33,0.0102,94,512,34.8,21.8,0,2,1,1,2,4.6,-2,Ghat_Road,0.633,107.9,130.0
Porsche,Taycan,4S,73.7,79.2,360,2295,0.22,2.33,0.0102,94,512,22.8,34.0,1,2,2,0,2,2.3,-2,Ghat_Road,0.9461,77.9,130.0
Porsche,Taycan,4S,77.1,79.2,360,2295,0.22,2.33,0.01,94,512,20.9,34.5,0,2,1,1,1,0.9,0,Ghat_Road,0.6066,127.1,130.0
Porsche,Taycan,4S,77.5,79.2,360,2295,0.22,2.33,0.0102,94,512,34.7,27.1,1,2,0,1,2,0.7,-2,Ghat_Road,0.4802,161.4,130.0
Porsche,Taycan,4S,67.3,79.2,360,2295,0.22,2.33,0.0105,94,512,22.6,30.6,0,2,1,1,1,5.0,-5,Ghat_Road,0.5762,116.8,130.0
Porsche,Taycan,4S,74.4,79.2,360,2295,0.22,2.33,0.01,94,512,32.9,34.9,0,2,1,1,2,2.0,0,Ghat_Road,0.5561,133.8,130.0
Porsche,Taycan,4S,77.8,79.2,360,2295,0.22,2.33,0.0108,94,512,19.9,28.4,0,2,0,1,4,0.6,-8,Ghat_Road,0.4704,165.4,130.0
Porsche,Taycan,4S,67.8,79.2,360,2295,0.22,2.33,0.0102,94,512,20.8,25.1,0,2,2,1,1,4.8,-2,Ghat_Road,0.9088,74.6,130.0
Porsche,Taycan,Turbo S,79.7,83.7,560,2380,0.22,2.33,0.0105,94,507,21.9,22.4,0,0,1,1,2,1.6,-5,Delhi,0.1655,481.65,230.0
Porsche,Taycan,Turbo S,83.7,83.7,560,2380,0.22,2.33,0.01,94,507,16.3,32.8,1,0,1,1,2,0.0,0,Delhi,0.2391,350.0,230.0
Porsche,Taycan,Turbo S,80.2,83.7,560,2380,0.22,2.33,0.0102,94,507,32.4,27.1,0,0,2,1,2,1.4,-2,Delhi,0.2046,392.0,230.0
Porsche,Taycan,Turbo S,79.9,83.7,560,2380,0.22,2.33,0.01,94,507,32.2,34.5,1,0,1,1,2,1.5,0,Delhi,0.1668,479.1,230.0
Porsche,Taycan,Turbo S,73.4,83.7,560,2380,0.22,2.33,0.0105,94,507,33.4,44.4,0,0,0,1,1,4.1,-5,Delhi,0.1524,481.65,230.0
Porsche,Taycan,Turbo S,74.4,83.7,560,2380,0.22,2.33,0.0108,94,507,30.2,20.7,0,0,0,1,2,3.7,-8,Delhi,0.1545,481.65,230.0
Porsche,Taycan,Turbo S,74.9,83.7,560,2380,0.22,2.33,0.01,94,507,16.6,44.7,1,0,2,1,4,3.5,0,Delhi,0.6407,116.9,230.0
Porsche,Taycan,Turbo S,72.9,83.7,560,2380,0.22,2.33,0.0102,94,507,28.2,15.3,0,0,2,0,3,4.3,-2,Delhi,0.193,377.7,230.0
Porsche,Taycan,Turbo S,77.9,83.7,560,2380,0.22,2.33,0.0108,94,507,32.9,34.6,0,0,0,2,5,2.3,-8,Delhi,0.1617,481.65,230.0
Porsche,Taycan,Turbo S,73.9,83.7,560,2380,0.22,2.33,0.01,94,507,20.1,43.6,1,0,0,2,1,3.9,0,Delhi,0.2636,280.3,230.0
Porsche,Taycan,Turbo S,78.4,83.7,560,2380,0.22,2.33,0.0105,94,507,22.3,25.2,0,0,1,1,1,2.1,-5,Mumbai,0.1628,481.65,230.0
Porsche,Taycan,Turbo S,72.7,83.7,560,2380,0.22,2.33,0.0102,94,507,19.6,34.9,1,0,2,0,2,4.4,2,Mumbai,0.3131,232.2,230.0
Porsche,Taycan,Turbo S,73.2,83.7,560,2380,0.22,2.33,0.0102,94,507,25.3,23.5,0,0,1,0,2,4.2,-2,Mumbai,0.152,481.65,230.0
Porsche,Taycan,Turbo S,83.4,83.7,560,2380,0.22,2.33,0.0102,94,507,25.9,31.0,0,0,0,1,5,0.1,-2,Mumbai,0.1732,481.65,230.0
Porsche,Taycan,Turbo S,76.9,83.7,560,2380,0.22,2.33,0.0102,94,507,27.4,31.5,0,0,2,2,1,2.7,2,Mumbai,0.2365,325.1,230.0
Porsche,Taycan,Turbo S,77.2,83.7,560,2380,0.22,2.33,0.0102,94,507,29.0,34.8,1,0,1,2,2,2.6,2,Mumbai,0.2294,336.6,230.0
Porsche,Taycan,Turbo S,82.2,83.7,560,2380,0.22,2.33,0.0105,94,507,16.0,21.4,0,0,2,1,3,0.6,-5,Mumbai,0.2206,372.6,230.0
Porsche,Taycan,Turbo S,76.2,83.7,560,2380,0.22,2.33,0.01,94,507,23.4,32.1,0,0,1,2,3,3.0,0,Mumbai,0.1582,481.65,230.0
Porsche,Taycan,Turbo S,81.7,83.7,560,2380,0.22,2.33,0.01,94,507,23.8,19.1,0,0,2,2,2,0.8,0,Mumbai,0.2232,366.1,230.0
Porsche,Taycan,Turbo S,73.9,83.7,560,2380,0.22,2.33,0.0105,94,507,25.4,22.9,0,0,2,1,4,3.9,-5,Mumbai,0.2435,303.5,230.0
Porsche,Taycan,Turbo S,76.2,83.7,560,2380,0.22,2.33,0.0105,94,507,16.9,25.0,0,0,1,2,2,3.0,-5,Mumbai,0.1582,481.65,230.0
Porsche,Taycan,Turbo S,81.7,83.7,560,2380,0.22,2.33,0.0108,94,507,22.9,29.7,0,0,2,1,4,0.8,-8,Mumbai,0.2233,365.9,230.0
Porsche,Taycan,Turbo S,75.4,83.7,560,2380,0.22,2.33,0.0105,94,507,19.4,30.2,0,1,2,0,2,3.3,-5,Bangalore,0.5665,133.1,230.0
Porsche,Taycan,Turbo S,74.4,83.7,560,2380,0.22,2.33,0.0102,94,507,23.5,25.5,0,1,1,1,2,3.7,-2,Bangalore,0.3584,207.6,230.0
Porsche,Taycan,Turbo S,79.7,83.7,560,2380,0.22,2.33,0.0105,94,507,25.9,24.2,0,1,2,0,1,1.6,-5,Bangalore,0.5813,137.1,230.0
Porsche,Taycan,Turbo S,74.7,83.7,560,2380,0.22,2.33,0.01,94,507,19.5,18.8,0,1,1,1,1,3.6,0,Bangalore,0.3642,205.1,230.0
Porsche,Taycan,Turbo S,78.7,83.7,560,2380,0.22,2.33,0.01,94,507,20.0,27.4,0,1,0,0,2,2.0,0,Bangalore,0.2754,285.8,230.0
Porsche,Taycan,Turbo S,72.4,83.7,560,2380,0.22,2.33,0.0108,94,507,23.6,29.4,1,1,1,1,1,4.5,-8,Bangalore,0.4401,164.5,230.0
Porsche,Taycan,Turbo S,72.9,83.7,560,2380,0.22,2.33,0.01,94,507,21.2,24.0,0,1,2,1,1,4.3,0,Bangalore,0.6111,119.3,230.0
Porsche,Taycan,Turbo S,79.4,83.7,560,2380,0.22,2.33,0.0105,94,507,25.6,25.7,0,1,2,2,1,1.7,-5,Bangalore,0.7893,100.6,230.0
Porsche,Taycan,Turbo S,75.7,83.7,560,2380,0.22,2.33,0.01,94,507,21.7,29.5,0,1,2,2,3,3.2,0,Bangalore,0.7488,101.1,230.0
Porsche,Taycan,Turbo S,71.4,83.7,560,2380,0.22,2.33,0.0105,94,507,31.7,30.6,1,1,2,1,3,4.9,-5,Bangalore,0.7645,93.4,230.0
Porsche,Taycan,Turbo S,79.2,83.7,560,2380,0.22,2.33,0.0108,94,507,33.3,39.0,1,0,2,1,1,1.8,-8,Chennai,0.3563,222.3,230.0
Porsche,Taycan,Turbo S,78.4,83.7,560,2380,0.22,2.33,0.01,94,507,27.3,41.8,1,0,0,2,1,2.1,0,Chennai,0.208,376.9,230.0
Porsche,Taycan,Turbo S,83.4,83.7,560,2380,0.22,2.33,0.01,94,507,20.7,23.7,1,0,2,1,3,0.1,0,Chennai,0.2417,345.0,230.0
Porsche,Taycan,Turbo S,77.7,83.7,560,2380,0.22,2.33,0.0105,94,507,22.8,41.7,0,0,2,1,1,2.4,-5,Chennai,0.2259,344.0,230.0
Porsche,Taycan,Turbo S,76.7,83.7,560,2380,0.22,2.33,0.0102,94,507,26.3,41.4,1,0,2,1,3,2.8,-2,Chennai,0.4411,173.9,230.0
Porsche,Taycan,Turbo S,74.4,83.7,560,2380,0.22,2.33,0.01,94,507,26.4,31.5,0,0,0,1,4,3.7,0,Chennai,0.1545,481.65,230.0
Porsche,Taycan,Turbo S,82.4,83.7,560,2380,0.22,2.33,0.0102,94,507,30.2,32.2,0,0,2,0,2,0.5,2,Chennai,0.1868,441.0,230.0
Porsche,Taycan,Turbo S,74.9,83.7,560,2380,0.22,2.33,0.0108,94,507,30.5,26.6,1,0,2,0,2,3.5,-8,Chennai,0.2372,315.8,230.0
Porsche,Taycan,Turbo S,81.9,83.7,560,2380,0.22,2.33,0.0102,94,507,21.7,34.8,0,1,2,2,1,0.7,2,Pune,0.7845,104.4,230.0
Porsche,Taycan,Turbo S,73.7,83.7,560,2380,0.22,2.33,0.0105,94,507,29.9,16.3,1,1,1,2,4,4.0,-5,Pune,0.5122,143.9,230.0
Porsche,Taycan,Turbo S,76.7,83.7,560,2380,0.22,2.33,0.01,94,507,38.5,22.1,0,1,0,2,2,2.8,0,Pune,0.325,236.0,230.0
Porsche,Taycan,Turbo S,83.2,83.7,560,2380,0.22,2.33,0.01,94,507,18.6,29.6,0,1,2,1,4,0.2,0,Pune,0.7382,112.7,230.0
Porsche,Taycan,Turbo S,80.7,83.7,560,2380,0.22,2.33,0.0102,94,507,38.9,25.9,0,1,2,2,4,1.2,-2,Pune,0.8086,99.8,230.0
Porsche,Taycan,Turbo S,71.6,83.7,560,2380,0.22,2.33,0.0108,94,507,23.8,32.5,0,1,2,0,1,4.8,-8,Pune,0.5807,123.3,230.0
Porsche,Taycan,Turbo S,77.2,83.7,560,2380,0.22,2.33,0.01,94,507,37.4,27.2,0,1,2,1,2,2.6,0,Pune,0.7109,108.6,230.0
Porsche,Taycan,Turbo S,82.2,83.7,560,2380,0.22,2.33,0.0105,94,507,28.9,33.0,0,1,1,2,2,0.6,-5,Pune,0.4567,180.0,230.0
Porsche,Taycan,Turbo S,78.7,83.7,560,2380,0.22,2.33,0.0102,94,507,17.6,27.6,0,0,2,1,1,2.0,-2,Hyderabad,0.192,409.8,230.0
Porsche,Taycan,Turbo S,81.4,83.7,560,2380,0.22,2.33,0.0105,94,507,23.4,19.2,0,0,1,2,5,0.9,-5,Hyderabad,0.169,481.65,230.0
Porsche,Taycan,Turbo S,75.4,83.7,560,2380,0.22,2.33,0.01,94,507,18.2,15.2,0,0,0,1,1,3.3,0,Hyderabad,0.1565,481.65,230.0
Porsche,Taycan,Turbo S,79.2,83.7,560,2380,0.22,2.33,0.01,94,507,23.6,22.5,0,0,2,0,3,1.8,0,Hyderabad,0.1908,415.0,230.0
Porsche,Taycan,Turbo S,80.2,83.7,560,2380,0.22,2.33,0.0108,94,507,23.3,17.2,0,0,2,0,2,1.4,-8,Hyderabad,0.1846,434.5,230.0
Porsche,Taycan,Turbo S,80.4,83.7,560,2380,0.22,2.33,0.01,94,507,20.0,31.4,1,0,1,1,3,1.3,0,Hyderabad,0.2176,369.5,230.0
Porsche,Taycan,Turbo S,78.9,83.7,560,2380,0.22,2.33,0.0102,94,507,22.6,35.6,0,0,1,1,1,1.9,2,Hyderabad,0.1638,481.65,230.0
Porsche,Taycan,Turbo S,74.7,83.7,560,2380,0.22,2.33,0.01,94,507,18.2,15.5,1,0,2,0,1,3.6,0,Hyderabad,0.2108,354.4,230.0
Porsche,Taycan,Turbo S,74.7,83.7,560,2380,0.22,2.33,0.01,94,507,26.5,29.9,0,0,2,1,1,3.6,0,Kolkata,0.1961,380.9,230.0
Porsche,Taycan,Turbo S,78.7,83.7,560,2380,0.22,2.33,0.0105,94,507,16.6,27.9,0,0,1,1,1,2.0,-5,Kolkata,0.1634,481.65,230.0
Porsche,Taycan,Turbo S,74.2,83.7,560,2380,0.22,2.33,0.0105,94,507,17.1,34.5,0,0,1,2,2,3.8,-5,Kolkata,0.1541,481.65,230.0
Porsche,Taycan,Turbo S,74.2,83.7,560,2380,0.22,2.33,0.01,94,507,22.0,40.4,1,0,2,0,5,3.8,0,Kolkata,0.4732,156.8,230.0
Porsche,Taycan,Turbo S,82.9,83.7,560,2380,0.22,2.33,0.01,94,507,19.4,31.5,0,0,2,1,2,0.3,0,Kolkata,0.2157,384.4,230.0
Porsche,Taycan,Turbo S,81.4,83.7,560,2380,0.22,2.33,0.0105,94,507,27.1,27.1,0,0,2,1,5,0.9,-5,Kolkata,0.2168,375.5,230.0
Porsche,Taycan,Turbo S,74.7,83.7,560,2380,0.22,2.33,0.01,94,507,27.6,37.5,1,0,2,1,3,3.6,0,Kolkata,0.3428,217.9,230.0
Porsche,Taycan,Turbo S,73.4,83.7,560,2380,0.22,2.33,0.01,94,507,25.1,41.1,1,0,1,1,5,4.1,0,Kolkata,0.3006,244.2,230.0
Porsche,Taycan,Turbo S,82.9,83.7,560,2380,0.22,2.33,0.0108,94,507,27.4,29.8,1,0,2,1,3,0.3,-8,Kolkata,0.279,297.1,230.0
Porsche,Taycan,Turbo S,77.9,83.7,560,2380,0.22,2.33,0.0108,94,507,94.0,39.6,1,0,0,1,1,2.3,-8,Highway_NH,0.1679,464.0,230.0
Porsche,Taycan,Turbo S,80.9,83.7,560,2380,0.22,2.33,0.0102,94,507,85.1,26.1,1,0,0,1,2,1.1,2,Highway_NH,0.168,481.65,230.0
Porsche,Taycan,Turbo S,82.2,83.7,560,2380,0.22,2.33,0.0102,94,507,89.7,31.8,1,0,2,2,1,0.6,-2,Highway_NH,0.399,206.0,230.0
Porsche,Taycan,Turbo S,75.4,83.7,560,2380,0.22,2.33,0.01,94,507,86.7,41.4,1,0,0,1,2,3.3,0,Highway_NH,0.1744,432.4,230.0
Porsche,Taycan,Turbo S,78.4,83.7,560,2380,0.22,2.33,0.0105,94,507,93.0,21.2,0,0,0,2,4,2.1,-5,Highway_NH,0.1749,448.2,230.0
Porsche,Taycan,Turbo S,79.7,83.7,560,2380,0.22,2.33,0.01,94,507,79.7,21.1,0,0,0,1,4,1.6,0,Highway_NH,0.1655,481.65,230.0
Porsche,Taycan,Turbo S,79.2,83.7,560,2380,0.22,2.33,0.0102,94,507,78.9,43.7,1,0,1,1,4,1.8,-2,Highway_NH,0.2559,309.5,230.0
Porsche,Taycan,Turbo S,76.2,83.7,560,2380,0.22,2.33,0.01,94,507,98.1,43.8,1,0,1,1,1,3.0,0,Highway_NH,0.2567,296.9,230.0
Porsche,Taycan,Turbo S,71.9,83.7,560,2380,0.22,2.33,0.0102,94,507,74.3,41.4,0,0,0,1,1,4.7,2,Highway_NH,0.1493,481.65,230.0
Porsche,Taycan,Turbo S,72.1,83.7,560,2380,0.22,2.33,0.01,94,507,96.3,22.2,0,0,0,2,5,4.6,0,Expressway,0.1897,380.0,230.0
Porsche,Taycan,Turbo S,71.1,83.7,560,2380,0.22,2.33,0.0102,94,507,114.0,22.3,0,0,2,1,4,5.0,-2,Expressway,0.3794,187.4,230.0
Porsche,Taycan,Turbo S,76.2,83.7,560,2380,0.22,2.33,0.0102,94,507,118.7,38.3,0,0,1,1,3,3.0,-2,Expressway,0.2327,327.4,230.0
Porsche,Taycan,Turbo S,76.7,83.7,560,2380,0.22,2.33,0.0105,94,507,97.0,41.5,1,0,0,1,2,2.8,-5,Expressway,0.1954,392.5,230.0
Porsche,Taycan,Turbo S,75.2,83.7,560,2380,0.22,2.33,0.0102,94,507,82.2,42.6,1,0,2,0,3,3.4,-2,Expressway,0.3398,221.3,230.0
Porsche,Taycan,Turbo S,74.7,83.7,560,2380,0.22,2.33,0.0102,94,507,93.7,16.8,0,0,1,1,1,3.6,-2,Expressway,0.1881,397.2,230.0
Porsche,Taycan,Turbo S,78.4,83.7,560,2380,0.22,2.33,0.01,94,507,113.1,19.7,0,0,1,1,4,2.1,0,Expressway,0.2302,340.5,230.0
Porsche,Taycan,Turbo S,80.4,83.7,560,2380,0.22,2.33,0.01,94,507,110.1,33.1,0,0,0,1,4,1.3,0,Expressway,0.1727,465.6,230.0
Porsche,Taycan,Turbo S,71.4,83.7,560,2380,0.22,2.33,0.0102,94,507,81.6,21.3,0,0,1,1,5,4.9,-2,Expressway,0.1797,397.4,230.0
Porsche,Taycan,Turbo S,73.7,83.7,560,2380,0.22,2.33,0.01,94,507,109.8,36.2,1,0,0,2,5,4.0,0,Expressway,0.231,319.1,230.0
Porsche,Taycan,Turbo S,73.4,83.7,560,2380,0.22,2.33,0.0105,94,507,107.6,23.8,0,0,1,2,2,4.1,-5,Expressway,0.2529,290.2,230.0
Porsche,Taycan,Turbo S,79.7,83.7,560,2380,0.22,2.33,0.0105,94,507,106.0,27.6,0,0,0,0,3,1.6,-5,Expressway,0.1655,481.65,230.0
Porsche,Taycan,Turbo S,80.7,83.7,560,2380,0.22,2.33,0.0105,94,507,34.8,12.3,0,2,1,1,2,1.2,-5,Hill_Station,0.9428,85.6,230.0
Porsche,Taycan,Turbo S,77.9,83.7,560,2380,0.22,2.33,0.0102,94,507,21.0,7.2,0,2,0,1,4,2.3,-2,Hill_Station,0.8183,95.2,230.0
Porsche,Taycan,Turbo S,71.6,83.7,560,2380,0.22,2.33,0.01,94,507,30.0,9.6,0,2,0,1,2,4.8,0,Hill_Station,0.6985,102.5,230.0
Porsche,Taycan,Turbo S,71.6,83.7,560,2380,0.22,2.33,0.0105,94,507,32.7,25.4,1,2,2,1,2,4.8,-5,Hill_Station,1.3796,51.9,230.0
Porsche,Taycan,Turbo S,78.4,83.7,560,2380,0.22,2.33,0.0102,94,507,38.8,28.7,0,2,0,1,2,2.1,-2,Hill_Station,0.6353,123.4,230.0
Porsche,Taycan,Turbo S,78.9,83.7,560,2380,0.22,2.33,0.0102,94,507,26.3,6.1,0,2,1,1,1,1.9,-2,Hill_Station,0.9217,85.6,230.0
Porsche,Taycan,Turbo S,79.7,83.7,560,2380,0.22,2.33,0.0108,94,507,24.4,8.4,0,2,2,1,3,1.6,-8,Hill_Station,1.572,50.7,230.0
Porsche,Taycan,Turbo S,82.4,83.7,560,2380,0.22,2.33,0.0102,94,507,33.8,5.1,0,2,1,1,2,0.5,-2,Hill_Station,0.9396,87.7,230.0
Porsche,Taycan,Turbo S,79.4,83.7,560,2380,0.22,2.33,0.01,94,507,34.9,19.2,0,2,2,1,2,1.7,0,Hill_Station,1.4078,56.4,230.0
Porsche,Taycan,Turbo S,77.7,83.7,560,2380,0.22,2.33,0.01,94,507,29.8,6.3,0,2,0,0,3,2.4,0,Hill_Station,0.6652,116.8,230.0
Porsche,Taycan,Turbo S,78.4,83.7,560,2380,0.22,2.33,0.0105,94,507,49.8,15.5,0,0,1,0,4,2.1,-5,Rural_Road,0.1628,481.65,230.0
Porsche,Taycan,Turbo S,80.4,83.7,560,2380,0.22,2.33,0.0102,94,507,40.9,28.6,0,0,0,1,2,1.3,-2,Rural_Road,0.1669,481.65,230.0
Porsche,Taycan,Turbo S,75.4,83.7,560,2380,0.22,2.33,0.0105,94,507,51.2,21.4,0,0,0,1,5,3.3,-5,Rural_Road,0.1565,481.65,230.0
Porsche,Taycan,Turbo S,72.1,83.7,560,2380,0.22,2.33,0.01,94,507,33.7,37.0,0,0,2,1,1,4.6,0,Rural_Road,0.1957,368.5,230.0
Porsche,Taycan,Turbo S,76.7,83.7,560,2380,0.22,2.33,0.0105,94,507,44.4,11.3,0,0,1,1,2,2.8,-5,Rural_Road,0.1592,481.65,230.0
Porsche,Taycan,Turbo S,78.2,83.7,560,2380,0.22,2.33,0.01,94,507,34.2,39.8,1,0,2,2,4,2.2,0,Rural_Road,0.3756,208.2,230.0
Porsche,Taycan,Turbo S,77.7,83.7,560,2380,0.22,2.33,0.0105,94,507,46.6,36.3,1,0,2,0,4,2.4,-5,Rural_Road,0.2668,291.2,230.0
Porsche,Taycan,Turbo S,75.7,83.7,560,2380,0.22,2.33,0.01,94,507,39.7,13.1,1,0,0,1,2,3.2,0,Rural_Road,0.1572,481.65,230.0
Porsche,Taycan,Turbo S,76.9,83.7,560,2380,0.22,2.33,0.01,94,507,32.4,12.0,0,2,0,0,1,2.7,0,Ghat_Road,0.6079,126.5,230.0
Porsche,Taycan,Turbo S,77.7,83.7,560,2380,0.22,2.33,0.01,94,507,33.1,12.6,0,2,1,2,1,2.4,0,Ghat_Road,1.1037,70.4,230.0
Porsche,Taycan,Turbo S,71.1,83.7,560,2380,0.22,2.33,0.01,94,507,34.2,30.4,1,2,1,1,1,5.0,0,Ghat_Road,0.8745,81.3,230.0
Porsche,Taycan,Turbo S,72.4,83.7,560,2380,0.22,2.33,0.01,94,507,34.8,14.1,0,2,1,2,1,4.5,0,Ghat_Road,0.9551,75.8,230.0
Porsche,Taycan,Turbo S,81.9,83.7,560,2380,0.22,2.33,0.0102,94,507,26.4,32.0,0,2,0,1,1,0.7,2,Ghat_Road,0.6121,133.8,230.0
Porsche,Taycan,Turbo S,75.4,83.7,560,2380,0.22,2.33,0.01,94,507,21.0,21.6,0,2,1,2,1,3.3,0,Ghat_Road,0.9716,77.6,230.0
Porsche,Taycan,Turbo S,76.4,83.7,560,2380,0.22,2.33,0.0105,94,507,21.5,27.4,1,2,2,1,2,2.9,-5,Ghat_Road,1.5069,50.7,230.0
Porsche,Taycan,Turbo S,72.1,83.7,560,2380,0.22,2.33,0.01,94,507,34.1,30.6,1,2,2,1,2,4.6,0,Ghat_Road,1.3892,51.9,230.0
Porsche,Taycan,Turbo S,73.9,83.7,560,2380,0.22,2.33,0.0102,94,507,28.2,11.7,0,2,2,2,2,3.9,-2,Ghat_Road,1.4576,50.7,230.0
Porsche,Taycan,Turbo S,82.7,83.7,560,2380,0.22,2.33,0.0108,94,507,17.8,16.6,0,2,2,1,3,0.4,-8,Ghat_Road,1.3923,59.4,230.0
Jaguar,I-PACE,EV400,74.0,84.7,294,2208,0.29,2.52,0.0112,92,470,24.4,21.1,0,0,1,1,2,4.2,-2,Delhi,0.1657,446.5,106.0
Jaguar,I-PACE,EV400,77.6,84.7,294,2208,0.29,2.52,0.011,92,470,34.6,26.7,0,0,2,0,2,2.8,0,Delhi,0.2597,298.8,106.0
Jaguar,I-PACE,EV400,83.9,84.7,294,2208,0.29,2.52,0.0112,92,470,23.2,22.1,1,0,2,0,2,0.3,-2,Delhi,0.2807,298.9,106.0
Jaguar,I-PACE,EV400,79.6,84.7,294,2208,0.29,2.52,0.011,92,470,20.2,45.0,1,0,1,0,3,2.0,0,Delhi,0.3455,230.4,106.0
Jaguar,I-PACE,EV400,82.7,84.7,294,2208,0.29,2.52,0.0119,92,470,29.6,42.8,1,0,1,1,3,0.8,-8,Delhi,0.3352,246.7,106.0
Jaguar,I-PACE,EV400,80.4,84.7,294,2208,0.29,2.52,0.0112,92,470,17.0,29.8,0,0,2,1,2,1.7,-2,Delhi,0.259,310.4,106.0
Jaguar,I-PACE,EV400,74.3,84.7,294,2208,0.29,2.52,0.0119,92,470,20.1,22.8,0,0,0,1,2,4.1,-8,Delhi,0.1664,446.5,106.0
Jaguar,I-PACE,EV400,81.4,84.7,294,2208,0.29,2.52,0.0116,92,470,31.2,14.7,1,0,2,1,1,1.3,-5,Delhi,0.3314,245.6,106.0
Jaguar,I-PACE,EV400,76.6,84.7,294,2208,0.29,2.52,0.011,92,470,23.4,35.3,0,0,1,1,4,3.2,0,Delhi,0.1811,423.0,106.0
Jaguar,I-PACE,EV400,77.6,84.7,294,2208,0.29,2.52,0.011,92,470,23.6,18.2,0,0,2,1,1,2.8,0,Delhi,0.2765,280.7,106.0
Jaguar,I-PACE,EV400,73.0,84.7,294,2208,0.29,2.52,0.0119,92,470,33.5,38.8,1,0,0,1,3,4.6,-8,Delhi,0.2178,335.1,106.0
Jaguar,I-PACE,EV400,79.6,84.7,294,2208,0.29,2.52,0.011,92,470,28.4,23.5,0,0,1,1,1,2.0,0,Delhi,0.1783,446.5,106.0
Jaguar,I-PACE,EV400,77.8,84.7,294,2208,0.29,2.52,0.0112,92,470,17.7,27.4,0,0,2,1,1,2.7,-2,Mumbai,0.2588,300.6,106.0
Jaguar,I-PACE,EV400,82.4,84.7,294,2208,0.29,2.52,0.0119,92,470,13.1,19.5,0,0,2,1,3,0.9,-8,Mumbai,0.295,279.3,106.0
Jaguar,I-PACE,EV400,82.7,84.7,294,2208,0.29,2.52,0.0112,92,470,23.0,37.4,0,0,2,1,5,0.8,-2,Mumbai,0.2872,288.0,106.0
Jaguar,I-PACE,EV400,72.2,84.7,294,2208,0.29,2.52,0.011,92,470,14.0,33.9,1,0,1,1,2,4.9,0,Mumbai,0.3333,216.6,106.0
Jaguar,I-PACE,EV400,77.8,84.7,294,2208,0.29,2.52,0.011,92,470,29.6,35.8,1,0,2,1,2,2.7,0,Mumbai,0.4566,170.4,106.0
Jaguar,I-PACE,EV400,73.5,84.7,294,2208,0.29,2.52,0.0116,92,470,12.7,20.5,0,0,2,1,3,4.4,-5,Mumbai,0.3208,229.1,106.0
Jaguar,I-PACE,EV400,74.5,84.7,294,2208,0.29,2.52,0.0116,92,470,18.6,32.4,0,0,1,1,5,4.0,-5,Mumbai,0.1917,388.7,106.0
Jaguar,I-PACE,EV400,79.9,84.7,294,2208,0.29,2.52,0.0112,92,470,12.7,35.2,0,0,2,2,3,1.9,-2,Mumbai,0.3143,254.2,106.0
Jaguar,I-PACE,EV400,81.7,84.7,294,2208,0.29,2.52,0.0116,92,470,15.5,28.8,0,1,2,0,2,1.2,-5,Bangalore,0.7495,109.0,106.0
Jaguar,I-PACE,EV400,79.6,84.7,294,2208,0.29,2.52,0.011,92,470,28.0,26.0,0,1,1,1,3,2.0,0,Bangalore,0.4991,159.5,106.0
Jaguar,I-PACE,EV400,78.6,84.7,294,2208,0.29,2.52,0.0112,92,470,20.9,15.9,0,1,0,2,1,2.4,-2,Bangalore,0.383,205.2,106.0
Jaguar,I-PACE,EV400,80.4,84.7,294,2208,0.29,2.52,0.0112,92,470,27.4,27.0,0,1,1,1,3,1.7,-2,Bangalore,0.4939,162.8,106.0
Jaguar,I-PACE,EV400,80.6,84.7,294,2208,0.29,2.52,0.0112,92,470,15.4,21.5,0,1,2,2,3,1.6,-2,Bangalore,0.9595,84.0,106.0
Jaguar,I-PACE,EV400,73.0,84.7,294,2208,0.29,2.52,0.0119,92,470,31.7,32.5,1,1,0,2,1,4.6,-8,Bangalore,0.4809,151.8,106.0
Jaguar,I-PACE,EV400,80.1,84.7,294,2208,0.29,2.52,0.0116,92,470,23.1,36.4,0,1,1,0,2,1.8,-5,Bangalore,0.4559,175.7,106.0
Jaguar,I-PACE,EV400,80.6,84.7,294,2208,0.29,2.52,0.0112,92,470,31.6,36.5,0,1,2,1,1,1.6,-2,Bangalore,0.8241,97.8,106.0
Jaguar,I-PACE,EV400,76.1,84.7,294,2208,0.29,2.52,0.0116,92,470,30.7,16.5,0,1,2,1,5,3.4,-5,Bangalore,0.829,91.8,106.0
Jaguar,I-PACE,EV400,82.7,84.7,294,2208,0.29,2.52,0.0116,92,470,33.6,37.0,0,0,2,0,4,0.8,-5,Chennai,0.2774,298.1,106.0
Jaguar,I-PACE,EV400,73.3,84.7,294,2208,0.29,2.52,0.0119,92,470,27.2,24.9,0,0,2,1,2,4.5,-8,Chennai,0.288,254.5,106.0
Jaguar,I-PACE,EV400,81.7,84.7,294,2208,0.29,2.52,0.011,92,470,27.0,35.6,0,0,2,1,3,1.2,0,Chennai,0.2863,285.4,106.0
Jaguar,I-PACE,EV400,77.6,84.7,294,2208,0.29,2.52,0.011,92,470,31.6,40.8,1,0,2,1,5,2.8,0,Chennai,0.5049,153.7,106.0
Jaguar,I-PACE,EV400,72.2,84.7,294,2208,0.29,2.52,0.011,92,470,24.8,33.8,0,0,2,1,2,4.9,0,Chennai,0.2485,290.5,106.0
Jaguar,I-PACE,EV400,81.7,84.7,294,2208,0.29,2.52,0.011,92,470,20.6,39.6,1,0,2,1,5,1.2,0,Chennai,0.5336,153.1,106.0
Jaguar,I-PACE,EV400,74.0,84.7,294,2208,0.29,2.52,0.0119,92,470,27.2,31.3,0,0,2,2,2,4.2,-8,Chennai,0.3532,209.5,106.0
Jaguar,I-PACE,EV400,79.6,84.7,294,2208,0.29,2.52,0.0112,92,470,16.4,22.3,0,0,2,1,4,2.0,-2,Chennai,0.289,275.4,106.0
Jaguar,I-PACE,EV400,73.3,84.7,294,2208,0.29,2.52,0.0116,92,470,26.4,19.3,0,1,0,1,1,4.5,-5,Pune,0.3597,203.8,106.0
Jaguar,I-PACE,EV400,83.9,84.7,294,2208,0.29,2.52,0.0116,92,470,19.5,32.0,1,1,1,1,4,0.3,-5,Pune,0.6032,139.1,106.0
Jaguar,I-PACE,EV400,74.8,84.7,294,2208,0.29,2.52,0.0116,92,470,39.5,15.1,0,1,0,1,3,3.9,-5,Pune,0.3878,192.9,106.0
Jaguar,I-PACE,EV400,77.6,84.7,294,2208,0.29,2.52,0.0112,92,470,37.8,18.3,0,1,0,1,2,2.8,-2,Pune,0.3449,225.0,106.0
Jaguar,I-PACE,EV400,78.6,84.7,294,2208,0.29,2.52,0.011,92,470,18.4,25.9,0,1,1,2,4,2.4,0,Pune,0.5754,136.6,106.0
Jaguar,I-PACE,EV400,75.3,84.7,294,2208,0.29,2.52,0.0119,92,470,37.5,23.4,1,1,0,2,1,3.7,-8,Pune,0.4689,160.6,106.0
Jaguar,I-PACE,EV400,75.0,84.7,294,2208,0.29,2.52,0.011,92,470,23.8,24.1,0,1,2,0,2,3.8,0,Pune,0.6494,115.5,106.0
Jaguar,I-PACE,EV400,74.0,84.7,294,2208,0.29,2.52,0.011,92,470,39.6,17.4,0,1,0,1,4,4.2,0,Pune,0.3803,194.6,106.0
Jaguar,I-PACE,EV400,78.3,84.7,294,2208,0.29,2.52,0.011,92,470,30.7,14.4,1,1,2,0,2,2.5,0,Pune,0.8072,97.0,106.0
Jaguar,I-PACE,EV400,75.8,84.7,294,2208,0.29,2.52,0.011,92,470,23.8,21.3,0,1,2,1,1,3.5,0,Pune,0.7198,105.3,106.0
Jaguar,I-PACE,EV400,80.6,84.7,294,2208,0.29,2.52,0.011,92,470,23.5,22.4,0,1,2,2,3,1.6,0,Pune,0.918,87.8,106.0
Jaguar,I-PACE,EV400,81.1,84.7,294,2208,0.29,2.52,0.011,92,470,39.0,30.1,0,1,2,2,3,1.4,0,Pune,0.9496,85.4,106.0
Jaguar,I-PACE,EV400,83.9,84.7,294,2208,0.29,2.52,0.011,92,470,30.8,15.6,0,0,2,1,2,0.3,0,Hyderabad,0.2635,318.4,106.0
Jaguar,I-PACE,EV400,74.5,84.7,294,2208,0.29,2.52,0.011,92,470,23.0,37.0,1,0,1,0,4,4.0,0,Hyderabad,0.3004,248.0,106.0
Jaguar,I-PACE,EV400,72.5,84.7,294,2208,0.29,2.52,0.011,92,470,31.3,24.0,0,0,1,2,5,4.8,0,Hyderabad,0.2127,340.8,106.0
Jaguar,I-PACE,EV400,76.6,84.7,294,2208,0.29,2.52,0.011,92,470,30.8,34.9,1,0,2,2,1,3.2,0,Hyderabad,0.4509,169.9,106.0
Jaguar,I-PACE,EV400,74.5,84.7,294,2208,0.29,2.52,0.011,92,470,18.2,39.0,1,0,1,1,3,4.0,0,Hyderabad,0.3345,222.7,106.0
Jaguar,I-PACE,EV400,76.6,84.7,294,2208,0.29,2.52,0.0112,92,470,30.8,20.1,0,0,2,1,4,3.2,-2,Hyderabad,0.2653,288.7,106.0
Jaguar,I-PACE,EV400,79.6,84.7,294,2208,0.29,2.52,0.0112,92,470,34.1,37.8,1,0,1,1,1,2.0,-2,Hyderabad,0.2612,304.7,106.0
Jaguar,I-PACE,EV400,73.5,84.7,294,2208,0.29,2.52,0.0112,92,470,27.2,38.2,1,0,1,2,4,4.4,-2,Hyderabad,0.3551,207.0,106.0
Jaguar,I-PACE,EV400,79.6,84.7,294,2208,0.29,2.52,0.011,92,470,31.5,39.7,1,0,1,1,3,2.0,0,Hyderabad,0.2647,300.7,106.0
Jaguar,I-PACE,EV400,72.5,84.7,294,2208,0.29,2.52,0.011,92,470,17.6,25.6,1,0,2,1,3,4.8,0,Kolkata,0.4514,160.6,106.0
Jaguar,I-PACE,EV400,84.2,84.7,294,2208,0.29,2.52,0.0112,92,470,18.4,20.5,1,0,1,1,1,0.2,-2,Kolkata,0.1943,433.3,106.0
Jaguar,I-PACE,EV400,76.1,84.7,294,2208,0.29,2.52,0.0112,92,470,26.2,38.9,0,0,0,1,1,3.4,-2,Kolkata,0.1704,446.5,106.0
Jaguar,I-PACE,EV400,79.4,84.7,294,2208,0.29,2.52,0.011,92,470,27.2,32.7,1,0,2,1,1,2.1,0,Kolkata,0.3832,207.2,106.0
Jaguar,I-PACE,EV400,81.1,84.7,294,2208,0.29,2.52,0.011,92,470,12.4,41.7,0,0,2,1,3,1.4,0,Kolkata,0.2815,288.1,106.0
Jaguar,I-PACE,EV400,73.8,84.7,294,2208,0.29,2.52,0.011,92,470,18.7,36.2,1,0,0,0,3,4.3,0,Kolkata,0.2202,335.1,106.0
Jaguar,I-PACE,EV400,77.3,84.7,294,2208,0.29,2.52,0.0112,92,470,24.3,13.8,0,0,2,1,3,2.9,-2,Kolkata,0.3178,243.2,106.0
Jaguar,I-PACE,EV400,75.8,84.7,294,2208,0.29,2.52,0.011,92,470,21.8,17.8,0,0,1,2,1,3.5,0,Kolkata,0.1867,406.0,106.0
Jaguar,I-PACE,EV400,76.8,84.7,294,2208,0.29,2.52,0.0112,92,470,26.9,13.2,0,0,2,1,2,3.1,-2,Kolkata,0.2874,267.2,106.0
Jaguar,I-PACE,EV400,79.4,84.7,294,2208,0.29,2.52,0.0112,92,470,22.3,32.2,0,0,0,2,3,2.1,2,Kolkata,0.1778,446.5,106.0
Jaguar,I-PACE,EV400,79.6,84.7,294,2208,0.29,2.52,0.011,92,470,27.0,16.1,0,0,2,0,1,2.0,0,Kolkata,0.2267,351.2,106.0
Jaguar,I-PACE,EV400,80.9,84.7,294,2208,0.29,2.52,0.011,92,470,90.5,31.6,0,0,0,0,4,1.5,0,Highway_NH,0.2018,400.9,106.0
Jaguar,I-PACE,EV400,76.3,84.7,294,2208,0.29,2.52,0.0119,92,470,93.4,38.7,0,0,0,1,1,3.3,-8,Highway_NH,0.2239,340.8,106.0
Jaguar,I-PACE,EV400,73.8,84.7,294,2208,0.29,2.52,0.0116,92,470,86.4,33.0,0,0,0,2,2,4.3,-5,Highway_NH,0.2543,290.2,106.0
Jaguar,I-PACE,EV400,76.8,84.7,294,2208,0.29,2.52,0.011,92,470,79.6,36.5,0,0,0,0,4,3.1,0,Highway_NH,0.172,446.5,106.0
Jaguar,I-PACE,EV400,79.6,84.7,294,2208,0.29,2.52,0.011,92,470,72.7,32.4,0,0,0,2,4,2.0,0,Highway_NH,0.2279,349.2,106.0
Jaguar,I-PACE,EV400,76.8,84.7,294,2208,0.29,2.52,0.0119,92,470,95.6,28.7,0,0,0,0,2,3.1,-8,Highway_NH,0.2191,350.5,106.0
Jaguar,I-PACE,EV400,80.9,84.7,294,2208,0.29,2.52,0.011,92,470,77.8,26.7,0,0,1,2,4,1.5,0,Highway_NH,0.2878,281.1,106.0
Jaguar,I-PACE,EV400,79.4,84.7,294,2208,0.29,2.52,0.011,92,470,77.9,31.7,1,0,0,1,2,2.1,0,Highway_NH,0.2013,394.5,106.0
Jaguar,I-PACE,EV400,80.4,84.7,294,2208,0.29,2.52,0.0119,92,470,94.5,42.4,0,0,2,0,3,1.7,-8,Highway_NH,0.4769,168.6,106.0
Jaguar,I-PACE,EV400,75.0,84.7,294,2208,0.29,2.52,0.0112,92,470,84.7,26.7,0,0,0,0,2,3.8,-2,Highway_NH,0.1785,420.1,106.0
Jaguar,I-PACE,EV400,83.7,84.7,294,2208,0.29,2.52,0.011,92,470,85.1,19.4,0,0,0,2,2,0.4,0,Highway_NH,0.2499,335.0,106.0
Jaguar,I-PACE,EV400,80.6,84.7,294,2208,0.29,2.52,0.0112,92,470,97.0,28.7,0,0,2,1,4,1.6,-2,Highway_NH,0.5306,151.9,106.0
Jaguar,I-PACE,EV400,79.6,84.7,294,2208,0.29,2.52,0.011,92,470,116.8,40.4,1,0,0,1,2,2.0,0,Expressway,0.3638,218.8,106.0
Jaguar,I-PACE,EV400,76.6,84.7,294,2208,0.29,2.52,0.011,92,470,95.8,24.9,1,0,0,1,2,3.2,0,Expressway,0.2022,378.8,106.0
Jaguar,I-PACE,EV400,74.0,84.7,294,2208,0.29,2.52,0.0112,92,470,111.9,22.7,0,0,0,1,2,4.2,2,Expressway,0.2779,266.3,106.0
Jaguar,I-PACE,EV400,80.1,84.7,294,2208,0.29,2.52,0.011,92,470,115.6,23.6,1,0,0,0,3,1.8,0,Expressway,0.2716,294.9,106.0
Jaguar,I-PACE,EV400,79.6,84.7,294,2208,0.29,2.52,0.0116,92,470,90.4,34.4,1,0,1,1,3,2.0,-5,Expressway,0.3175,250.7,106.0
Jaguar,I-PACE,EV400,81.1,84.7,294,2208,0.29,2.52,0.011,92,470,100.4,28.6,0,0,0,0,1,1.4,0,Expressway,0.1953,415.3,106.0
Jaguar,I-PACE,EV400,76.8,84.7,294,2208,0.29,2.52,0.0112,92,470,93.2,23.3,0,0,1,2,2,3.1,-2,Expressway,0.3283,233.9,106.0
Jaguar,I-PACE,EV400,72.5,84.7,294,2208,0.29,2.52,0.011,92,470,84.0,24.1,0,0,1,0,2,4.8,0,Expressway,0.2458,294.9,106.0
Jaguar,I-PACE,EV400,80.1,84.7,294,2208,0.29,2.52,0.0112,92,470,97.1,28.0,0,0,2,1,4,1.8,-2,Expressway,0.5232,153.1,106.0
Jaguar,I-PACE,EV400,80.6,84.7,294,2208,0.29,2.52,0.011,92,470,83.1,34.2,1,0,1,1,2,1.6,0,Expressway,0.2889,279.0,106.0
Jaguar,I-PACE,EV400,83.9,84.7,294,2208,0.29,2.52,0.0112,92,470,119.2,16.0,0,0,0,2,5,0.3,-2,Expressway,0.3401,246.7,106.0
Jaguar,I-PACE,EV400,78.1,84.7,294,2208,0.29,2.52,0.0112,92,470,25.7,13.0,1,2,1,0,1,2.6,-2,Hill_Station,0.9583,81.5,106.0
Jaguar,I-PACE,EV400,78.3,84.7,294,2208,0.29,2.52,0.0112,92,470,28.3,16.1,0,2,0,1,4,2.5,-2,Hill_Station,0.7684,101.9,106.0
Jaguar,I-PACE,EV400,77.1,84.7,294,2208,0.29,2.52,0.011,92,470,31.8,29.0,1,2,1,0,2,3.0,0,Hill_Station,0.906,85.1,106.0
Jaguar,I-PACE,EV400,75.8,84.7,294,2208,0.29,2.52,0.011,92,470,26.3,28.2,1,2,2,2,5,3.5,0,Hill_Station,1.6128,47.0,106.0
Jaguar,I-PACE,EV400,77.3,84.7,294,2208,0.29,2.52,0.0116,92,470,23.4,15.8,0,2,1,1,2,2.9,-5,Hill_Station,1.1203,69.0,106.0
Jaguar,I-PACE,EV400,83.7,84.7,294,2208,0.29,2.52,0.0119,92,470,30.0,20.3,0,2,0,0,3,0.4,-8,Hill_Station,0.7105,117.8,106.0
Jaguar,I-PACE,EV400,83.7,84.7,294,2208,0.29,2.52,0.0119,92,470,33.2,5.1,0,2,2,0,3,0.4,-8,Hill_Station,1.7809,47.0,106.0
Jaguar,I-PACE,EV400,74.3,84.7,294,2208,0.29,2.52,0.011,92,470,37.2,6.7,0,2,2,1,3,4.1,0,Hill_Station,1.5809,47.0,106.0
Jaguar,I-PACE,EV400,75.0,84.7,294,2208,0.29,2.52,0.0112,92,470,30.5,25.0,0,2,2,2,2,3.8,-2,Hill_Station,1.5957,47.0,106.0
Jaguar,I-PACE,EV400,82.7,84.7,294,2208,0.29,2.52,0.0116,92,470,33.2,40.7,0,0,0,1,4,0.8,-5,Rural_Road,0.1852,446.5,106.0
Jaguar,I-PACE,EV400,73.0,84.7,294,2208,0.29,2.52,0.011,92,470,57.6,32.4,0,0,0,1,2,4.6,0,Rural_Road,0.1635,446.5,106.0
Jaguar,I-PACE,EV400,74.3,84.7,294,2208,0.29,2.52,0.0116,92,470,58.9,24.1,0,0,2,1,4,4.1,-5,Rural_Road,0.3508,211.8,106.0
Jaguar,I-PACE,EV400,72.8,84.7,294,2208,0.29,2.52,0.0112,92,470,36.6,39.3,0,0,0,1,4,4.7,-2,Rural_Road,0.163,446.5,106.0
Jaguar,I-PACE,EV400,80.6,84.7,294,2208,0.29,2.52,0.0116,92,470,31.7,37.5,1,0,1,0,3,1.6,-5,Rural_Road,0.2581,312.3,106.0
Jaguar,I-PACE,EV400,78.3,84.7,294,2208,0.29,2.52,0.0116,92,470,44.8,41.6,0,0,0,0,3,2.5,-5,Rural_Road,0.1754,446.5,106.0
Jaguar,I-PACE,EV400,77.6,84.7,294,2208,0.29,2.52,0.0116,92,470,43.5,41.3,1,0,2,1,4,2.8,-5,Rural_Road,0.5,155.2,106.0
Jaguar,I-PACE,EV400,79.4,84.7,294,2208,0.29,2.52,0.0112,92,470,37.7,30.1,1,0,1,1,2,2.1,-2,Rural_Road,0.2364,335.9,106.0
Jaguar,I-PACE,EV400,81.1,84.7,294,2208,0.29,2.52,0.0112,92,470,38.7,38.0,0,0,0,1,2,1.4,-2,Rural_Road,0.1816,446.5,106.0
Jaguar,I-PACE,EV400,74.3,84.7,294,2208,0.29,2.52,0.0119,92,470,22.8,17.5,0,2,2,1,4,4.1,-8,Ghat_Road,1.5809,47.0,106.0
Jaguar,I-PACE,EV400,81.7,84.7,294,2208,0.29,2.52,0.011,92,470,22.8,14.8,0,2,0,2,3,1.2,0,Ghat_Road,1.0474,78.0,106.0
Jaguar,I-PACE,EV400,77.8,84.7,294,2208,0.29,2.52,0.011,92,470,15.4,24.4,0,2,0,1,1,2.7,0,Ghat_Road,0.7915,98.3,106.0
Jaguar,I-PACE,EV400,76.8,84.7,294,2208,0.29,2.52,0.0116,92,470,26.1,34.2,1,2,0,1,1,3.1,-5,Ghat_Road,0.843,91.1,106.0
Jaguar,I-PACE,EV400,78.6,84.7,294,2208,0.29,2.52,0.0116,92,470,32.6,14.9,0,2,2,1,4,2.4,-5,Ghat_Road,1.6723,47.0,106.0
Jaguar,I-PACE,EV400,83.7,84.7,294,2208,0.29,2.52,0.011,92,470,32.7,25.2,0,2,2,1,2,0.4,0,Ghat_Road,1.7809,47.0,106.0
Jaguar,I-PACE,EV400,81.1,84.7,294,2208,0.29,2.52,0.0116,92,470,24.2,13.7,0,2,2,0,2,1.4,-5,Ghat_Road,1.5902,51.0,106.0
Jaguar,I-PACE,EV400,84.7,84.7,294,2208,0.29,2.52,0.0112,92,470,30.0,30.0,0,2,1,1,2,0.0,-2,Ghat_Road,1.0418,81.3,106.0
Jaguar,I-PACE,EV400,73.3,84.7,294,2208,0.29,2.52,0.011,92,470,25.9,17.1,1,2,0,2,2,4.5,0,Ghat_Road,0.9813,74.7,106.0
Jaguar,I-PACE,EV400,79.4,84.7,294,2208,0.29,2.52,0.0112,92,470,16.0,18.9,0,2,2,0,2,2.1,-2,Ghat_Road,1.3233,60.0,106.0
Citroen,eC3,Feel,25.0,29.2,57,1200,0.33,2.2,0.013,89,320,22.0,30.0,1,0,2,1,3,4.8,0,Delhi,0.3281,76.2,12.0
Citroen,eC3,Feel,28.3,29.2,57,1200,0.33,2.2,0.0133,89,320,30.3,35.9,0,0,1,2,2,1.0,-2,Delhi,0.1245,227.4,12.0
Citroen,eC3,Feel,25.8,29.2,57,1200,0.33,2.2,0.013,89,320,21.6,35.7,1,0,1,2,2,3.9,0,Delhi,0.2557,100.9,12.0
Citroen,eC3,Feel,26.3,29.2,57,1200,0.33,2.2,0.0136,89,320,31.4,42.6,1,0,2,0,2,3.3,-5,Delhi,0.3623,72.6,12.0
Citroen,eC3,Feel,25.0,29.2,57,1200,0.33,2.2,0.013,89,320,17.8,42.9,1,0,2,1,1,4.8,0,Delhi,0.4931,50.7,12.0
Citroen,eC3,Feel,27.2,29.2,57,1200,0.33,2.2,0.013,89,320,33.4,11.8,0,0,2,2,1,2.3,0,Delhi,0.222,122.5,12.0
Citroen,eC3,Feel,25.7,29.2,57,1200,0.33,2.2,0.013,89,320,25.7,45.2,1,0,1,1,2,4.0,0,Delhi,0.2941,87.4,12.0
Citroen,eC3,Feel,28.6,29.2,57,1200,0.33,2.2,0.014,89,320,24.0,26.2,0,0,2,1,1,0.7,-8,Delhi,0.1704,167.8,12.0
Citroen,eC3,Feel,28.4,29.2,57,1200,0.33,2.2,0.013,89,320,26.1,23.0,1,0,2,1,4,0.9,0,Delhi,0.2518,112.8,12.0
Citroen,eC3,Feel,28.4,29.2,57,1200,0.33,2.2,0.0136,89,320,29.6,34.4,0,0,1,1,2,0.9,-5,Mumbai,0.1084,262.1,12.0
Citroen,eC3,Feel,28.1,29.2,57,1200,0.33,2.2,0.014,89,320,22.4,22.5,0,0,1,1,4,1.2,-8,Mumbai,0.1324,212.2,12.0
Citroen,eC3,Feel,28.0,29.2,57,1200,0.33,2.2,0.014,89,320,21.0,24.4,0,0,1,1,2,1.4,-8,Mumbai,0.1059,264.5,12.0
Citroen,eC3,Feel,26.8,29.2,57,1200,0.33,2.2,0.014,89,320,14.5,22.6,0,0,1,2,4,2.7,-8,Mumbai,0.1367,196.0,12.0
Citroen,eC3,Feel,26.2,29.2,57,1200,0.33,2.2,0.013,89,320,20.1,23.9,0,0,0,1,4,3.4,0,Mumbai,0.0937,279.6,12.0
Citroen,eC3,Feel,29.1,29.2,57,1200,0.33,2.2,0.0133,89,320,14.9,30.0,0,0,0,1,2,0.1,-2,Mumbai,0.0957,304.0,12.0
Citroen,eC3,Feel,28.6,29.2,57,1200,0.33,2.2,0.013,89,320,27.5,32.3,0,0,2,1,3,0.7,0,Mumbai,0.1946,147.0,12.0
Citroen,eC3,Feel,29.0,29.2,57,1200,0.33,2.2,0.013,89,320,20.4,27.4,0,0,2,0,2,0.2,0,Mumbai,0.1522,190.6,12.0
Citroen,eC3,Feel,26.9,29.2,57,1200,0.33,2.2,0.0136,89,320,14.3,30.7,0,0,2,0,3,2.6,-5,Mumbai,0.1689,159.3,12.0
Citroen,eC3,Feel,25.4,29.2,57,1200,0.33,2.2,0.0133,89,320,29.1,26.8,0,0,2,1,1,4.3,-2,Mumbai,0.1714,148.2,12.0
Citroen,eC3,Feel,25.6,29.2,57,1200,0.33,2.2,0.0133,89,320,15.5,32.7,0,0,1,1,4,4.1,2,Mumbai,0.1115,229.6,12.0
Citroen,eC3,Feel,27.4,29.2,57,1200,0.33,2.2,0.0136,89,320,29.6,30.4,1,0,2,1,3,2.0,-5,Mumbai,0.3142,87.2,12.0
Citroen,eC3,Feel,25.5,29.2,57,1200,0.33,2.2,0.014,89,320,19.9,20.3,0,1,2,1,1,4.2,-8,Bangalore,0.4679,54.5,12.0
Citroen,eC3,Feel,28.2,29.2,57,1200,0.33,2.2,0.013,89,320,32.2,33.0,1,1,2,1,1,1.1,0,Bangalore,0.5434,51.9,12.0
Citroen,eC3,Feel,28.3,29.2,57,1200,0.33,2.2,0.0136,89,320,18.5,26.8,1,1,1,0,2,1.0,-5,Bangalore,0.3318,85.3,12.0
Citroen,eC3,Feel,28.9,29.2,57,1200,0.33,2.2,0.0133,89,320,29.7,17.5,0,1,1,0,4,0.3,-2,Bangalore,0.2931,98.6,12.0
Citroen,eC3,Feel,26.0,29.2,57,1200,0.33,2.2,0.013,89,320,17.0,23.6,1,1,2,1,1,3.6,0,Bangalore,0.4753,54.7,12.0
Citroen,eC3,Feel,26.7,29.2,57,1200,0.33,2.2,0.0133,89,320,18.4,37.3,1,1,0,1,5,2.9,-2,Bangalore,0.3388,78.8,12.0
Citroen,eC3,Feel,25.3,29.2,57,1200,0.33,2.2,0.0133,89,320,25.1,35.6,1,1,1,1,1,4.5,-2,Bangalore,0.3614,70.0,12.0
Citroen,eC3,Feel,28.2,29.2,57,1200,0.33,2.2,0.013,89,320,20.7,24.2,0,1,2,0,5,1.1,0,Bangalore,0.4498,62.7,12.0
Citroen,eC3,Feel,28.8,29.2,57,1200,0.33,2.2,0.0133,89,320,24.6,31.3,0,1,2,1,3,0.4,-2,Bangalore,0.4808,59.9,12.0
Citroen,eC3,Feel,25.4,29.2,57,1200,0.33,2.2,0.0136,89,320,34.9,18.5,0,1,1,1,1,4.3,-5,Bangalore,0.2719,93.4,12.0
Citroen,eC3,Feel,29.0,29.2,57,1200,0.33,2.2,0.013,89,320,32.5,27.9,0,0,1,2,3,0.2,0,Chennai,0.1309,221.6,12.0
Citroen,eC3,Feel,26.0,29.2,57,1200,0.33,2.2,0.013,89,320,28.8,26.6,0,0,2,1,3,3.7,0,Chennai,0.1802,144.3,12.0
Citroen,eC3,Feel,26.4,29.2,57,1200,0.33,2.2,0.0133,89,320,33.0,38.9,0,0,1,1,2,3.2,-2,Chennai,0.1131,233.4,12.0
Citroen,eC3,Feel,27.4,29.2,57,1200,0.33,2.2,0.013,89,320,31.2,30.8,1,0,2,1,1,2.0,0,Chennai,0.2642,103.7,12.0
Citroen,eC3,Feel,28.5,29.2,57,1200,0.33,2.2,0.0136,89,320,26.5,41.7,0,0,1,1,2,0.8,-5,Chennai,0.1213,235.0,12.0
Citroen,eC3,Feel,26.0,29.2,57,1200,0.33,2.2,0.013,89,320,32.9,31.0,0,0,2,0,2,3.6,0,Chennai,0.1681,154.7,12.0
Citroen,eC3,Feel,29.0,29.2,57,1200,0.33,2.2,0.0133,89,320,25.8,28.3,1,0,2,0,1,0.2,-2,Chennai,0.2252,128.8,12.0
Citroen,eC3,Feel,26.0,29.2,57,1200,0.33,2.2,0.0133,89,320,32.7,31.5,0,0,1,2,4,3.7,-2,Chennai,0.148,175.7,12.0
Citroen,eC3,Feel,25.3,29.2,57,1200,0.33,2.2,0.0133,89,320,17.4,25.0,1,0,1,1,1,4.4,2,Chennai,0.1599,158.2,12.0
Citroen,eC3,Feel,27.7,29.2,57,1200,0.33,2.2,0.0136,89,320,32.5,34.1,1,0,2,1,1,1.7,-5,Chennai,0.2692,102.9,12.0
Citroen,eC3,Feel,28.5,29.2,57,1200,0.33,2.2,0.013,89,320,22.2,27.3,0,0,2,1,4,0.8,0,Chennai,0.1903,149.8,12.0
Citroen,eC3,Feel,28.3,29.2,57,1200,0.33,2.2,0.0133,89,320,35.7,29.2,0,1,1,1,1,1.0,-2,Pune,0.2756,102.7,12.0
Citroen,eC3,Feel,26.7,29.2,57,1200,0.33,2.2,0.013,89,320,39.9,16.1,0,1,1,1,2,2.8,0,Pune,0.2825,94.5,12.0
Citroen,eC3,Feel,25.7,29.2,57,1200,0.33,2.2,0.0136,89,320,22.7,23.7,0,1,0,1,1,4.0,-5,Pune,0.2013,127.7,12.0
Citroen,eC3,Feel,25.3,29.2,57,1200,0.33,2.2,0.0133,89,320,32.5,22.5,0,1,0,1,3,4.4,-2,Pune,0.2006,126.1,12.0
Citroen,eC3,Feel,25.2,29.2,57,1200,0.33,2.2,0.013,89,320,36.4,26.5,0,1,1,0,2,4.6,0,Pune,0.2421,104.1,12.0
Citroen,eC3,Feel,28.7,29.2,57,1200,0.33,2.2,0.013,89,320,35.9,14.4,0,1,2,1,1,0.6,0,Pune,0.4667,61.5,12.0
Citroen,eC3,Feel,28.6,29.2,57,1200,0.33,2.2,0.0136,89,320,29.1,22.9,0,1,2,0,1,0.7,-5,Pune,0.3881,73.7,12.0
Citroen,eC3,Feel,28.6,29.2,57,1200,0.33,2.2,0.0136,89,320,39.2,38.3,0,1,0,1,1,0.7,-5,Pune,0.2056,139.1,12.0
Citroen,eC3,Feel,28.1,29.2,57,1200,0.33,2.2,0.013,89,320,29.3,16.9,0,1,2,0,2,1.2,0,Pune,0.4061,69.2,12.0
Citroen,eC3,Feel,25.1,29.2,57,1200,0.33,2.2,0.013,89,320,27.5,19.0,0,0,1,0,1,4.7,0,Hyderabad,0.0894,280.8,12.0
Citroen,eC3,Feel,26.0,29.2,57,1200,0.33,2.2,0.0133,89,320,31.6,37.0,1,0,2,0,2,3.6,-2,Hyderabad,0.2848,91.3,12.0
Citroen,eC3,Feel,25.1,29.2,57,1200,0.33,2.2,0.014,89,320,30.5,28.0,0,0,0,1,1,4.7,-8,Hyderabad,0.0843,297.6,12.0
Citroen,eC3,Feel,27.0,29.2,57,1200,0.33,2.2,0.0136,89,320,23.5,35.3,1,0,1,1,2,2.5,-5,Hyderabad,0.2246,120.2,12.0
Citroen,eC3,Feel,26.3,29.2,57,1200,0.33,2.2,0.013,89,320,25.5,16.9,0,0,2,0,4,3.3,0,Hyderabad,0.1743,150.9,12.0
Citroen,eC3,Feel,25.9,29.2,57,1200,0.33,2.2,0.0136,89,320,34.2,16.4,0,0,0,0,4,3.8,-5,Hyderabad,0.0852,304.0,12.0
Citroen,eC3,Feel,26.7,29.2,57,1200,0.33,2.2,0.0136,89,320,23.6,29.5,0,0,2,1,3,2.8,-5,Hyderabad,0.2111,126.5,12.0
Citroen,eC3,Feel,28.1,29.2,57,1200,0.33,2.2,0.0133,89,320,32.4,28.3,0,0,1,1,3,1.2,-2,Hyderabad,0.124,226.6,12.0
Citroen,eC3,Feel,26.9,29.2,57,1200,0.33,2.2,0.013,89,320,16.6,22.4,0,0,1,0,5,2.6,0,Hyderabad,0.1082,248.6,12.0
Citroen,eC3,Feel,27.5,29.2,57,1200,0.33,2.2,0.0133,89,320,25.0,32.4,0,0,0,1,3,1.9,-2,Hyderabad,0.0905,304.0,12.0
Citroen,eC3,Feel,26.0,29.2,57,1200,0.33,2.2,0.0133,89,320,24.4,40.4,1,0,2,0,2,3.7,-2,Hyderabad,0.4094,63.5,12.0
Citroen,eC3,Feel,26.0,29.2,57,1200,0.33,2.2,0.014,89,320,33.0,21.9,0,0,1,2,4,3.6,-8,Hyderabad,0.1403,185.3,12.0
Citroen,eC3,Feel,25.4,29.2,57,1200,0.33,2.2,0.013,89,320,25.9,30.0,0,0,1,1,3,4.3,0,Kolkata,0.1085,234.2,12.0
Citroen,eC3,Feel,26.0,29.2,57,1200,0.33,2.2,0.013,89,320,16.9,21.4,0,0,2,2,2,3.7,0,Kolkata,0.1989,130.7,12.0
Citroen,eC3,Feel,27.6,29.2,57,1200,0.33,2.2,0.013,89,320,13.3,14.3,0,0,2,1,2,1.8,0,Kolkata,0.2001,137.9,12.0
Citroen,eC3,Feel,27.4,29.2,57,1200,0.33,2.2,0.013,89,320,20.0,21.0,0,0,0,1,2,2.0,0,Kolkata,0.0901,304.0,12.0
Citroen,eC3,Feel,28.1,29.2,57,1200,0.33,2.2,0.014,89,320,19.7,17.8,1,0,1,1,1,1.3,-8,Kolkata,0.1278,219.8,12.0
Citroen,eC3,Feel,25.0,29.2,57,1200,0.33,2.2,0.0133,89,320,12.9,24.5,0,0,1,1,1,4.8,-2,Kolkata,0.1038,240.8,12.0
Citroen,eC3,Feel,26.4,29.2,57,1200,0.33,2.2,0.013,89,320,20.1,27.1,0,0,2,1,4,3.2,0,Kolkata,0.1892,139.5,12.0
Citroen,eC3,Feel,27.4,29.2,57,1200,0.33,2.2,0.013,89,320,13.2,35.2,1,0,1,1,3,2.0,0,Kolkata,0.3383,81.0,12.0
Citroen,eC3,Feel,26.0,29.2,57,1200,0.33,2.2,0.014,89,320,25.8,20.4,0,0,1,1,4,3.7,-8,Kolkata,0.1212,214.5,12.0
Citroen,eC3,Feel,26.7,29.2,57,1200,0.33,2.2,0.0133,89,320,22.5,23.7,0,0,2,1,1,2.9,2,Kolkata,0.1754,152.2,12.0
Citroen,eC3,Feel,26.9,29.2,57,1200,0.33,2.2,0.013,89,320,22.8,38.4,1,0,2,2,1,2.6,0,Kolkata,0.3848,69.9,12.0
Citroen,eC3,Feel,27.2,29.2,57,1200,0.33,2.2,0.0133,89,320,24.3,39.8,1,0,2,1,2,2.3,-2,Kolkata,0.3556,76.5,12.0
Citroen,eC3,Feel,28.2,29.2,57,1200,0.33,2.2,0.013,89,320,75.1,35.3,1,0,0,0,1,1.1,0,Highway_NH,0.1354,208.2,12.0
Citroen,eC3,Feel,26.7,29.2,57,1200,0.33,2.2,0.0133,89,320,92.8,15.0,0,0,0,0,2,2.9,2,Highway_NH,0.1478,180.7,12.0
Citroen,eC3,Feel,26.4,29.2,57,1200,0.33,2.2,0.013,89,320,93.3,37.6,1,0,2,0,2,3.2,0,Highway_NH,0.397,66.5,12.0
Citroen,eC3,Feel,27.9,29.2,57,1200,0.33,2.2,0.013,89,320,87.4,38.7,1,0,0,0,2,1.5,0,Highway_NH,0.1508,185.0,12.0
Citroen,eC3,Feel,25.3,29.2,57,1200,0.33,2.2,0.013,89,320,85.4,16.9,0,0,1,0,1,4.4,0,Highway_NH,0.16,158.1,12.0
Citroen,eC3,Feel,28.2,29.2,57,1200,0.33,2.2,0.013,89,320,98.0,39.0,1,0,0,1,1,1.1,0,Highway_NH,0.2,141.0,12.0
Citroen,eC3,Feel,28.8,29.2,57,1200,0.33,2.2,0.013,89,320,91.5,15.7,0,0,0,1,4,0.5,0,Highway_NH,0.1619,177.9,12.0
Citroen,eC3,Feel,25.3,29.2,57,1200,0.33,2.2,0.013,89,320,76.2,33.2,0,0,1,2,1,4.4,0,Highway_NH,0.2062,122.7,12.0
Citroen,eC3,Feel,25.1,29.2,57,1200,0.33,2.2,0.0133,89,320,81.2,15.9,0,0,0,0,4,4.7,-2,Highway_NH,0.1505,166.8,12.0
Citroen,eC3,Feel,27.9,29.2,57,1200,0.33,2.2,0.013,89,320,72.0,31.1,1,0,0,1,2,1.5,0,Highway_NH,0.1491,187.1,12.0
Citroen,eC3,Feel,28.5,29.2,57,1200,0.33,2.2,0.013,89,320,84.2,17.5,0,0,1,1,3,0.8,0,Highway_NH,0.2143,133.0,12.0
Citroen,eC3,Feel,27.1,29.2,57,1200,0.33,2.2,0.0136,89,320,114.0,38.3,1,0,0,0,1,2.4,-5,Expressway,0.2144,126.4,12.0
Citroen,eC3,Feel,28.0,29.2,57,1200,0.33,2.2,0.013,89,320,119.2,29.4,0,0,0,1,5,1.4,0,Expressway,0.2619,106.9,12.0
Citroen,eC3,Feel,27.8,29.2,57,1200,0.33,2.2,0.014,89,320,86.3,20.8,0,0,0,2,4,1.6,-8,Expressway,0.201,138.3,12.0
Citroen,eC3,Feel,26.5,29.2,57,1200,0.33,2.2,0.0133,89,320,118.4,38.5,1,0,1,1,3,3.1,-2,Expressway,0.3543,74.8,12.0
Citroen,eC3,Feel,24.9,29.2,57,1200,0.33,2.2,0.013,89,320,94.7,17.1,0,0,1,2,4,4.9,0,Expressway,0.2761,90.2,12.0
Citroen,eC3,Feel,27.8,29.2,57,1200,0.33,2.2,0.013,89,320,103.2,31.0,0,0,1,2,4,1.6,0,Expressway,0.3032,91.7,12.0
Citroen,eC3,Feel,25.2,29.2,57,1200,0.33,2.2,0.014,89,320,92.4,23.3,0,0,0,1,2,4.6,-8,Expressway,0.1756,143.5,12.0
Citroen,eC3,Feel,25.8,29.2,57,1200,0.33,2.2,0.0136,89,320,82.2,20.5,0,0,0,0,5,3.9,-5,Expressway,0.1462,176.5,12.0
Citroen,eC3,Feel,25.0,29.2,57,1200,0.33,2.2,0.0133,89,320,110.4,33.4,1,0,0,1,4,4.8,-2,Expressway,0.2321,107.7,12.0
Citroen,eC3,Feel,27.5,29.2,57,1200,0.33,2.2,0.0136,89,320,23.5,7.4,0,2,1,1,2,1.9,-5,Hill_Station,0.6548,42.0,12.0
Citroen,eC3,Feel,26.2,29.2,57,1200,0.33,2.2,0.0136,89,320,35.7,15.0,0,2,1,2,3,3.4,-5,Hill_Station,0.6179,42.4,12.0
Citroen,eC3,Feel,27.3,29.2,57,1200,0.33,2.2,0.0136,89,320,29.1,13.6,0,2,0,2,4,2.2,-5,Hill_Station,0.5385,50.7,12.0
Citroen,eC3,Feel,25.3,29.2,57,1200,0.33,2.2,0.0133,89,320,39.5,13.2,0,2,0,0,2,4.5,-2,Hill_Station,0.4161,60.8,12.0
Citroen,eC3,Feel,25.4,29.2,57,1200,0.33,2.2,0.0136,89,320,28.4,13.3,0,2,2,1,3,4.3,-5,Hill_Station,0.7938,32.0,12.0
Citroen,eC3,Feel,28.2,29.2,57,1200,0.33,2.2,0.0136,89,320,29.6,14.4,0,2,0,0,4,1.1,-5,Hill_Station,0.4677,60.3,12.0
Citroen,eC3,Feel,25.2,29.2,57,1200,0.33,2.2,0.013,89,320,31.3,7.7,0,2,0,1,2,4.6,0,Hill_Station,0.5101,49.4,12.0
Citroen,eC3,Feel,26.2,29.2,57,1200,0.33,2.2,0.0133,89,320,29.6,24.4,0,2,1,1,3,3.4,-2,Hill_Station,0.6485,40.4,12.0
Citroen,eC3,Feel,25.2,29.2,57,1200,0.33,2.2,0.014,89,320,36.1,29.0,0,2,2,2,4,4.6,-8,Hill_Station,0.7875,32.0,12.0
Citroen,eC3,Feel,25.6,29.2,57,1200,0.33,2.2,0.0136,89,320,20.9,18.3,0,2,0,1,2,4.1,-5,Hill_Station,0.431,59.4,12.0
Citroen,eC3,Feel,25.3,29.2,57,1200,0.33,2.2,0.014,89,320,48.8,23.4,0,0,0,2,2,4.4,-8,Rural_Road,0.1053,240.2,12.0
Citroen,eC3,Feel,28.1,29.2,57,1200,0.33,2.2,0.0136,89,320,30.9,19.2,0,0,0,1,1,1.2,-5,Rural_Road,0.0924,304.0,12.0
Citroen,eC3,Feel,28.9,29.2,57,1200,0.33,2.2,0.014,89,320,55.4,41.2,1,0,0,1,2,0.3,-8,Rural_Road,0.1702,169.8,12.0
Citroen,eC3,Feel,25.1,29.2,57,1200,0.33,2.2,0.013,89,320,52.9,30.9,0,0,0,1,2,4.7,0,Rural_Road,0.1006,249.4,12.0
Citroen,eC3,Feel,25.2,29.2,57,1200,0.33,2.2,0.0136,89,320,52.0,35.5,0,0,2,0,2,4.6,-5,Rural_Road,0.2121,118.8,12.0
Citroen,eC3,Feel,27.2,29.2,57,1200,0.33,2.2,0.0136,89,320,56.0,17.1,0,0,1,1,4,2.3,-5,Rural_Road,0.1539,176.7,12.0
Citroen,eC3,Feel,28.3,29.2,57,1200,0.33,2.2,0.013,89,320,48.6,13.0,1,0,0,0,2,1.0,0,Rural_Road,0.0936,302.4,12.0
Citroen,eC3,Feel,25.3,29.2,57,1200,0.33,2.2,0.013,89,320,50.4,37.7,0,0,1,1,2,4.4,0,Rural_Road,0.1266,199.9,12.0
Citroen,eC3,Feel,25.5,29.2,57,1200,0.33,2.2,0.013,89,320,30.2,34.0,0,2,2,1,2,4.2,0,Ghat_Road,0.7969,32.0,12.0
Citroen,eC3,Feel,26.0,29.2,57,1200,0.33,2.2,0.013,89,320,34.9,14.0,0,2,0,1,2,3.7,0,Ghat_Road,0.4348,59.8,12.0
Citroen,eC3,Feel,26.7,29.2,57,1200,0.33,2.2,0.0133,89,320,25.7,27.2,1,2,0,1,3,2.8,2,Ghat_Road,0.4668,57.2,12.0
Citroen,eC3,Feel,25.3,29.2,57,1200,0.33,2.2,0.013,89,320,22.5,22.1,0,2,1,0,3,4.5,0,Ghat_Road,0.481,52.6,12.0
Citroen,eC3,Feel,25.1,29.2,57,1200,0.33,2.2,0.013,89,320,20.7,14.3,0,2,2,0,2,4.7,0,Ghat_Road,0.7844,32.0,12.0
Citroen,eC3,Feel,27.4,29.2,57,1200,0.33,2.2,0.013,89,320,25.8,26.1,1,2,2,1,2,2.0,0,Ghat_Road,0.8562,32.0,12.0
Citroen,eC3,Feel,28.4,29.2,57,1200,0.33,2.2,0.0136,89,320,29.0,23.3,1,2,1,0,3,0.9,-5,Ghat_Road,0.6514,43.6,12.0
Citroen,eC3,Feel,26.0,29.2,57,1200,0.33,2.2,0.013,89,320,31.6,30.4,1,2,1,1,1,3.7,0,Ghat_Road,0.5394,48.2,12.0
Citroen,eC3,Feel,25.0,29.2,57,1200,0.33,2.2,0.0136,89,320,20.1,22.7,0,2,0,2,1,4.8,-5,Ghat_Road,0.4318,57.9,12.0
Citroen,eC3,Feel,25.1,29.2,57,1200,0.33,2.2,0.0136,89,320,24.0,22.2,0,2,1,1,4,4.7,-5,Ghat_Road,0.5851,42.9,12.0
Citroen,eC3,Feel,25.3,29.2,57,1200,0.33,2.2,0.0136,89,320,25.6,11.1,0,2,2,1,1,4.5,-5,Ghat_Road,0.7906,32.0,12.0
Citroen,eC3,Shine,25.5,29.2,57,1215,0.33,2.2,0.0133,89,320,27.3,29.4,0,0,1,0,2,4.2,-2,Delhi,0.0839,304.0,13.0
Citroen,eC3,Shine,26.4,29.2,57,1215,0.33,2.2,0.013,89,320,18.7,36.0,1,0,2,1,2,3.2,0,Delhi,0.2629,100.4,13.0
Citroen,eC3,Shine,26.6,29.2,57,1215,0.33,2.2,0.0133,89,320,21.3,31.2,1,0,2,0,3,3.0,2,Delhi,0.1826,145.7,13.0
Citroen,eC3,Shine,27.2,29.2,57,1215,0.33,2.2,0.0136,89,320,27.6,36.3,0,0,0,1,2,2.3,-5,Delhi,0.0895,304.0,13.0
Citroen,eC3,Shine,27.9,29.2,57,1215,0.33,2.2,0.013,89,320,33.7,44.5,1,0,1,0,3,1.5,0,Delhi,0.1297,215.1,13.0
Citroen,eC3,Shine,25.3,29.2,57,1215,0.33,2.2,0.0136,89,320,34.4,26.3,1,0,2,0,2,4.4,-5,Delhi,0.1378,183.6,13.0
Citroen,eC3,Shine,29.0,29.2,57,1215,0.33,2.2,0.013,89,320,26.9,17.4,1,0,2,2,5,0.2,0,Delhi,0.1626,178.4,13.0
Citroen,eC3,Shine,28.0,29.2,57,1215,0.33,2.2,0.0133,89,320,33.3,34.3,1,0,1,0,1,1.4,-2,Delhi,0.0929,301.4,13.0
Citroen,eC3,Shine,25.4,29.2,57,1215,0.33,2.2,0.0133,89,320,21.7,32.2,1,0,2,1,2,4.3,2,Delhi,0.1877,135.3,13.0
Citroen,eC3,Shine,26.8,29.2,57,1215,0.33,2.2,0.013,89,320,16.4,27.3,0,0,2,1,1,2.7,0,Delhi,0.1,268.1,13.0
Citroen,eC3,Shine,27.4,29.2,57,1215,0.33,2.2,0.0133,89,320,29.2,36.6,1,0,2,1,4,2.1,2,Delhi,0.2157,127.0,13.0
Citroen,eC3,Shine,27.2,29.2,57,1215,0.33,2.2,0.013,89,320,17.2,31.9,1,0,2,0,2,2.3,0,Mumbai,0.1988,136.8,13.0
Citroen,eC3,Shine,28.1,29.2,57,1215,0.33,2.2,0.013,89,320,18.6,24.4,0,0,1,1,5,1.2,0,Mumbai,0.0924,304.0,13.0
Citroen,eC3,Shine,25.5,29.2,57,1215,0.33,2.2,0.013,89,320,19.4,25.5,0,0,1,2,4,4.2,0,Mumbai,0.0839,304.0,13.0
Citroen,eC3,Shine,25.4,29.2,57,1215,0.33,2.2,0.013,89,320,14.5,18.9,1,0,1,2,2,4.3,0,Mumbai,0.0924,274.9,13.0
Citroen,eC3,Shine,25.8,29.2,57,1215,0.33,2.2,0.013,89,320,28.0,27.9,1,0,2,1,2,3.9,0,Mumbai,0.1634,157.9,13.0
Citroen,eC3,Shine,25.9,29.2,57,1215,0.33,2.2,0.013,89,320,19.9,33.4,0,0,2,1,3,3.8,0,Mumbai,0.1122,230.8,13.0
Citroen,eC3,Shine,25.6,29.2,57,1215,0.33,2.2,0.0136,89,320,12.3,18.1,0,0,2,2,4,4.1,-5,Mumbai,0.1519,168.5,13.0
Citroen,eC3,Shine,25.7,29.2,57,1215,0.33,2.2,0.013,89,320,15.0,31.2,0,0,2,0,2,4.0,0,Mumbai,0.0934,275.3,13.0
Citroen,eC3,Shine,28.8,29.2,57,1215,0.33,2.2,0.013,89,320,29.5,32.8,1,0,2,1,1,0.4,0,Mumbai,0.1938,148.6,13.0
Citroen,eC3,Shine,26.8,29.2,57,1215,0.33,2.2,0.0136,89,320,15.5,18.3,0,0,1,0,1,2.7,-5,Mumbai,0.0882,304.0,13.0
Citroen,eC3,Shine,28.3,29.2,57,1215,0.33,2.2,0.0133,89,320,14.7,36.5,1,0,0,1,1,1.0,-2,Mumbai,0.1137,249.0,13.0
Citroen,eC3,Shine,26.3,29.2,57,1215,0.33,2.2,0.0133,89,320,16.9,37.5,1,0,2,0,4,3.3,-2,Mumbai,0.2348,112.0,13.0
Citroen,eC3,Shine,27.6,29.2,57,1215,0.33,2.2,0.0136,89,320,32.0,19.6,0,1,2,0,3,1.8,-5,Bangalore,0.2616,105.5,13.0
Citroen,eC3,Shine,28.1,29.2,57,1215,0.33,2.2,0.0133,89,320,27.3,21.0,1,1,2,1,3,1.2,2,Bangalore,0.32,87.8,13.0
Citroen,eC3,Shine,26.7,29.2,57,1215,0.33,2.2,0.014,89,320,23.9,23.4,0,1,2,0,2,2.8,-8,Bangalore,0.2479,107.7,13.0
Citroen,eC3,Shine,27.4,29.2,57,1215,0.33,2.2,0.013,89,320,29.3,17.5,0,1,2,2,2,2.0,0,Bangalore,0.3254,84.2,13.0
Citroen,eC3,Shine,27.4,29.2,57,1215,0.33,2.2,0.0136,89,320,27.0,36.0,1,1,2,1,4,2.1,-5,Bangalore,0.4463,61.4,13.0
Citroen,eC3,Shine,28.0,29.2,57,1215,0.33,2.2,0.013,89,320,19.8,21.2,0,1,1,1,3,1.4,0,Bangalore,0.1769,158.3,13.0
Citroen,eC3,Shine,28.8,29.2,57,1215,0.33,2.2,0.0136,89,320,25.2,28.0,1,1,0,2,2,0.5,-5,Bangalore,0.1722,167.2,13.0
Citroen,eC3,Shine,26.8,29.2,57,1215,0.33,2.2,0.014,89,320,32.4,17.8,0,1,2,0,4,2.7,-8,Bangalore,0.2965,90.4,13.0
Citroen,eC3,Shine,27.0,29.2,57,1215,0.33,2.2,0.0136,89,320,18.3,31.2,0,1,2,0,1,2.5,-5,Bangalore,0.2413,111.9,13.0
Citroen,eC3,Shine,27.3,29.2,57,1215,0.33,2.2,0.0136,89,320,34.7,28.6,0,0,1,1,1,2.2,-5,Chennai,0.0898,304.0,13.0
Citroen,eC3,Shine,26.3,29.2,57,1215,0.33,2.2,0.013,89,320,32.0,33.5,1,0,2,1,2,3.3,0,Chennai,0.1557,168.9,13.0
Citroen,eC3,Shine,27.0,29.2,57,1215,0.33,2.2,0.013,89,320,28.9,28.4,0,0,2,0,2,2.5,0,Chennai,0.0941,287.0,13.0
Citroen,eC3,Shine,28.0,29.2,57,1215,0.33,2.2,0.013,89,320,31.6,31.3,1,0,1,1,4,1.4,0,Chennai,0.1084,258.4,13.0
Citroen,eC3,Shine,25.3,29.2,57,1215,0.33,2.2,0.013,89,320,19.9,26.3,0,0,2,2,1,4.4,0,Chennai,0.1158,218.4,13.0
Citroen,eC3,Shine,26.7,29.2,57,1215,0.33,2.2,0.013,89,320,29.8,30.4,0,0,2,0,5,2.8,0,Chennai,0.1199,222.6,13.0
Citroen,eC3,Shine,25.6,29.2,57,1215,0.33,2.2,0.014,89,320,18.4,22.1,1,0,2,1,3,4.1,-8,Chennai,0.1427,179.4,13.0
Citroen,eC3,Shine,26.7,29.2,57,1215,0.33,2.2,0.0133,89,320,32.3,37.3,0,0,1,0,1,2.9,-2,Chennai,0.0878,304.0,13.0
Citroen,eC3,Shine,24.9,29.2,57,1215,0.33,2.2,0.0136,89,320,34.5,40.5,0,0,1,0,2,4.9,-5,Chennai,0.0819,304.0,13.0
Citroen,eC3,Shine,25.3,29.2,57,1215,0.33,2.2,0.0133,89,320,16.3,30.7,1,0,0,0,2,4.4,-2,Chennai,0.0901,280.9,13.0
Citroen,eC3,Shine,28.1,29.2,57,1215,0.33,2.2,0.0133,89,320,17.3,22.5,0,0,2,2,1,1.3,-2,Chennai,0.1221,230.2,13.0
Citroen,eC3,Shine,27.8,29.2,57,1215,0.33,2.2,0.013,89,320,38.8,28.8,1,1,2,1,1,1.6,0,Pune,0.3278,84.8,13.0
Citroen,eC3,Shine,29.0,29.2,57,1215,0.33,2.2,0.013,89,320,19.8,38.5,1,1,0,1,1,0.2,0,Pune,0.1763,164.5,13.0
Citroen,eC3,Shine,27.4,29.2,57,1215,0.33,2.2,0.0133,89,320,20.7,37.8,0,1,0,1,4,2.0,-2,Pune,0.1247,219.8,13.0
Citroen,eC3,Shine,24.9,29.2,57,1215,0.33,2.2,0.0133,89,320,31.9,27.6,0,1,1,0,2,4.9,-2,Pune,0.156,159.6,13.0
Citroen,eC3,Shine,26.0,29.2,57,1215,0.33,2.2,0.013,89,320,30.5,22.9,0,1,2,1,2,3.7,0,Pune,0.2734,95.1,13.0
Citroen,eC3,Shine,28.8,29.2,57,1215,0.33,2.2,0.013,89,320,33.3,14.6,0,1,2,2,3,0.5,0,Pune,0.3623,79.5,13.0
Citroen,eC3,Shine,28.1,29.2,57,1215,0.33,2.2,0.0133,89,320,37.7,34.3,0,1,2,2,1,1.3,-2,Pune,0.3345,84.0,13.0
Citroen,eC3,Shine,27.9,29.2,57,1215,0.33,2.2,0.013,89,320,18.8,23.4,0,1,1,0,3,1.5,0,Pune,0.1641,170.0,13.0
Citroen,eC3,Shine,27.4,29.2,57,1215,0.33,2.2,0.014,89,320,22.1,34.2,1,1,1,1,3,2.0,-8,Pune,0.2235,122.6,13.0
Citroen,eC3,Shine,25.1,29.2,57,1215,0.33,2.2,0.013,89,320,27.4,37.9,1,1,1,1,2,4.7,0,Pune,0.2553,98.3,13.0
Citroen,eC3,Shine,26.7,29.2,57,1215,0.33,2.2,0.0136,89,320,30.5,16.7,0,1,1,0,2,2.8,-5,Pune,0.1549,172.4,13.0
Citroen,eC3,Shine,28.1,29.2,57,1215,0.33,2.2,0.013,89,320,18.6,39.7,1,1,1,2,5,1.2,0,Pune,0.3222,87.2,13.0
Citroen,eC3,Shine,28.7,29.2,57,1215,0.33,2.2,0.013,89,320,22.0,41.6,1,0,2,1,1,0.6,0,Hyderabad,0.2986,96.1,13.0
Citroen,eC3,Shine,26.8,29.2,57,1215,0.33,2.2,0.013,89,320,20.9,18.6,0,0,1,2,4,2.7,0,Hyderabad,0.0882,304.0,13.0
Citroen,eC3,Shine,25.3,29.2,57,1215,0.33,2.2,0.0136,89,320,24.3,16.9,1,0,0,0,1,4.5,-5,Hyderabad,0.0832,304.0,13.0
Citroen,eC3,Shine,27.4,29.2,57,1215,0.33,2.2,0.0136,89,320,21.7,40.8,1,0,2,2,3,2.0,-5,Hyderabad,0.3416,80.2,13.0
Citroen,eC3,Shine,27.8,29.2,57,1215,0.33,2.2,0.0133,89,320,20.3,40.5,1,0,2,1,3,1.6,-2,Hyderabad,0.3124,89.0,13.0
Citroen,eC3,Shine,26.8,29.2,57,1215,0.33,2.2,0.0136,89,320,25.6,27.0,0,0,1,2,1,2.7,-5,Hyderabad,0.0882,304.0,13.0
Citroen,eC3,Shine,27.7,29.2,57,1215,0.33,2.2,0.013,89,320,20.6,28.8,1,0,0,1,3,1.7,0,Hyderabad,0.0911,304.0,13.0
Citroen,eC3,Shine,29.0,29.2,57,1215,0.33,2.2,0.013,89,320,32.7,16.7,0,0,2,1,3,0.2,0,Hyderabad,0.1173,247.3,13.0
Citroen,eC3,Shine,25.5,29.2,57,1215,0.33,2.2,0.0133,89,320,24.3,32.1,0,0,2,1,2,4.2,-2,Kolkata,0.1152,221.3,13.0
Citroen,eC3,Shine,27.8,29.2,57,1215,0.33,2.2,0.0133,89,320,26.0,15.0,0,0,1,2,2,1.6,2,Kolkata,0.0914,304.0,13.0
Citroen,eC3,Shine,25.5,29.2,57,1215,0.33,2.2,0.0136,89,320,13.0,37.8,0,0,1,1,2,4.2,-5,Kolkata,0.0839,304.0,13.0
Citroen,eC3,Shine,25.1,29.2,57,1215,0.33,2.2,0.013,89,320,23.4,21.8,0,0,2,1,4,4.7,0,Kolkata,0.1165,215.5,13.0
Citroen,eC3,Shine,28.2,29.2,57,1215,0.33,2.2,0.0133,89,320,24.6,15.6,1,0,2,1,1,1.1,2,Kolkata,0.123,229.2,13.0
Citroen,eC3,Shine,27.0,29.2,57,1215,0.33,2.2,0.013,89,320,15.3,13.7,0,0,2,0,1,2.5,0,Kolkata,0.1107,243.9,13.0
Citroen,eC3,Shine,27.4,29.2,57,1215,0.33,2.2,0.013,89,320,27.2,26.7,0,0,1,1,3,2.0,0,Kolkata,0.0901,304.0,13.0
Citroen,eC3,Shine,28.3,29.2,57,1215,0.33,2.2,0.013,89,320,25.8,39.3,1,0,0,1,1,1.0,0,Kolkata,0.0931,304.0,13.0
Citroen,eC3,Shine,27.7,29.2,57,1215,0.33,2.2,0.013,89,320,18.4,14.3,0,0,1,0,4,1.7,0,Kolkata,0.0911,304.0,13.0
Citroen,eC3,Shine,25.0,29.2,57,1215,0.33,2.2,0.0136,89,320,94.6,29.3,1,0,1,1,2,4.8,-5,Highway_NH,0.1609,155.4,13.0
Citroen,eC3,Shine,27.7,29.2,57,1215,0.33,2.2,0.013,89,320,93.2,19.0,0,0,1,1,5,1.7,0,Highway_NH,0.149,185.9,13.0
Citroen,eC3,Shine,25.8,29.2,57,1215,0.33,2.2,0.013,89,320,95.3,34.0,0,0,0,1,5,3.9,0,Highway_NH,0.1131,228.1,13.0
Citroen,eC3,Shine,27.2,29.2,57,1215,0.33,2.2,0.0136,89,320,83.0,39.5,0,0,0,0,1,2.3,-5,Highway_NH,0.0895,304.0,13.0
Citroen,eC3,Shine,28.8,29.2,57,1215,0.33,2.2,0.013,89,320,76.7,41.0,1,0,0,1,2,0.5,0,Highway_NH,0.1072,268.7,13.0
Citroen,eC3,Shine,26.7,29.2,57,1215,0.33,2.2,0.0136,89,320,76.5,38.3,0,0,0,1,4,2.9,-5,Highway_NH,0.0878,304.0,13.0
Citroen,eC3,Shine,28.9,29.2,57,1215,0.33,2.2,0.013,89,320,94.6,44.7,1,0,0,1,2,0.3,0,Highway_NH,0.1316,219.6,13.0
Citroen,eC3,Shine,27.4,29.2,57,1215,0.33,2.2,0.0136,89,320,92.1,23.3,0,0,1,1,2,2.1,-5,Highway_NH,0.1335,205.2,13.0
Citroen,eC3,Shine,29.0,29.2,57,1215,0.33,2.2,0.013,89,320,85.1,35.4,0,0,1,1,2,0.2,0,Highway_NH,0.1326,218.7,13.0
Citroen,eC3,Shine,29.0,29.2,57,1215,0.33,2.2,0.0136,89,320,94.1,24.9,1,0,1,1,2,0.2,-5,Highway_NH,0.1516,191.3,13.0
Citroen,eC3,Shine,28.1,29.2,57,1215,0.33,2.2,0.013,89,320,114.8,28.2,0,0,0,2,2,1.2,0,Expressway,0.1597,175.9,13.0
Citroen,eC3,Shine,25.3,29.2,57,1215,0.33,2.2,0.013,89,320,107.5,41.3,0,0,0,0,3,4.5,0,Expressway,0.1121,225.6,13.0
Citroen,eC3,Shine,27.4,29.2,57,1215,0.33,2.2,0.014,89,320,84.3,40.7,1,0,0,1,2,2.0,-8,Expressway,0.1267,216.3,13.0
Citroen,eC3,Shine,28.8,29.2,57,1215,0.33,2.2,0.013,89,320,116.2,16.5,1,0,0,1,3,0.4,0,Expressway,0.1507,191.1,13.0
Citroen,eC3,Shine,28.2,29.2,57,1215,0.33,2.2,0.013,89,320,91.3,28.0,1,0,1,2,2,1.1,0,Expressway,0.168,167.9,13.0
Citroen,eC3,Shine,26.9,29.2,57,1215,0.33,2.2,0.0133,89,320,102.1,45.0,1,0,0,1,2,2.6,-2,Expressway,0.1341,200.6,13.0
Citroen,eC3,Shine,26.6,29.2,57,1215,0.33,2.2,0.013,89,320,110.7,25.7,1,0,1,2,3,3.0,0,Expressway,0.2088,127.4,13.0
Citroen,eC3,Shine,28.3,29.2,57,1215,0.33,2.2,0.013,89,320,108.3,26.4,0,0,0,2,3,1.0,0,Expressway,0.1466,193.0,13.0
Citroen,eC3,Shine,28.9,29.2,57,1215,0.33,2.2,0.0133,89,320,116.1,43.9,0,0,0,0,1,0.3,-2,Expressway,0.1315,219.7,13.0
Citroen,eC3,Shine,25.3,29.2,57,1215,0.33,2.2,0.013,89,320,119.7,45.0,1,0,1,1,4,4.5,0,Expressway,0.2468,102.5,13.0
Citroen,eC3,Shine,27.8,29.2,57,1215,0.33,2.2,0.0133,89,320,103.8,15.7,0,0,0,2,2,1.6,2,Expressway,0.1527,182.1,13.0
Citroen,eC3,Shine,25.9,29.2,57,1215,0.33,2.2,0.013,89,320,103.6,30.7,0,0,0,2,2,3.8,0,Expressway,0.1226,211.3,13.0
Citroen,eC3,Shine,25.8,29.2,57,1215,0.33,2.2,0.013,89,320,22.4,5.2,0,2,2,0,4,3.9,0,Hill_Station,0.5931,43.5,13.0
Citroen,eC3,Shine,25.3,29.2,57,1215,0.33,2.2,0.013,89,320,39.6,21.4,0,2,1,1,1,4.4,0,Hill_Station,0.3093,81.8,13.0
Citroen,eC3,Shine,27.4,29.2,57,1215,0.33,2.2,0.013,89,320,30.8,14.0,0,2,1,2,4,2.0,0,Hill_Station,0.4544,60.3,13.0
Citroen,eC3,Shine,25.9,29.2,57,1215,0.33,2.2,0.0136,89,320,39.6,21.3,0,2,0,1,3,3.8,-5,Hill_Station,0.2629,98.5,13.0
Citroen,eC3,Shine,25.8,29.2,57,1215,0.33,2.2,0.013,89,320,31.3,26.0,0,2,1,1,1,3.9,0,Hill_Station,0.3135,82.3,13.0
Citroen,eC3,Shine,27.9,29.2,57,1215,0.33,2.2,0.013,89,320,32.3,5.6,0,2,2,1,2,1.5,0,Hill_Station,0.6627,42.1,13.0
Citroen,eC3,Shine,24.9,29.2,57,1215,0.33,2.2,0.013,89,320,39.3,7.3,0,2,0,2,4,4.9,0,Hill_Station,0.3773,66.0,13.0
Citroen,eC3,Shine,29.2,29.2,57,1215,0.33,2.2,0.0136,89,320,35.7,11.5,0,2,1,1,3,0.0,-5,Hill_Station,0.4183,69.8,13.0
Citroen,eC3,Shine,27.1,29.2,57,1215,0.33,2.2,0.0133,89,320,37.5,24.3,0,2,1,2,1,2.4,-2,Hill_Station,0.3662,74.0,13.0
Citroen,eC3,Shine,25.1,29.2,57,1215,0.33,2.2,0.013,89,320,29.8,7.3,0,2,0,2,4,4.7,0,Hill_Station,0.3965,63.3,13.0
Citroen,eC3,Shine,28.8,29.2,57,1215,0.33,2.2,0.013,89,320,39.9,19.3,0,2,1,1,2,0.5,0,Hill_Station,0.3504,82.2,13.0
Citroen,eC3,Shine,28.0,29.2,57,1215,0.33,2.2,0.013,89,320,41.8,44.2,1,0,1,0,4,1.4,0,Rural_Road,0.1293,216.6,13.0
Citroen,eC3,Shine,28.5,29.2,57,1215,0.33,2.2,0.013,89,320,54.0,23.4,0,0,2,1,5,0.8,0,Rural_Road,0.1518,187.8,13.0
Citroen,eC3,Shine,27.5,29.2,57,1215,0.33,2.2,0.014,89,320,55.3,22.3,0,0,0,0,1,1.9,-8,Rural_Road,0.0905,304.0,13.0
Citroen,eC3,Shine,26.7,29.2,57,1215,0.33,2.2,0.0133,89,320,52.2,22.2,0,0,0,0,2,2.8,-2,Rural_Road,0.0878,304.0,13.0
Citroen,eC3,Shine,27.1,29.2,57,1215,0.33,2.2,0.013,89,320,37.8,24.7,0,0,2,2,4,2.4,0,Rural_Road,0.142,190.9,13.0
Citroen,eC3,Shine,26.6,29.2,57,1215,0.33,2.2,0.013,89,320,41.2,28.0,0,0,0,1,5,3.0,0,Rural_Road,0.0875,304.0,13.0
Citroen,eC3,Shine,27.8,29.2,57,1215,0.33,2.2,0.0133,89,320,41.8,31.0,1,0,0,2,2,1.6,-2,Rural_Road,0.0914,304.0,13.0
Citroen,eC3,Shine,25.2,29.2,57,1215,0.33,2.2,0.013,89,320,52.6,39.1,0,0,0,1,4,4.6,0,Rural_Road,0.0829,304.0,13.0
Citroen,eC3,Shine,25.1,29.2,57,1215,0.33,2.2,0.0133,89,320,57.0,37.9,0,0,0,0,2,4.7,-2,Rural_Road,0.0826,304.0,13.0
Citroen,eC3,Shine,27.2,29.2,57,1215,0.33,2.2,0.013,89,320,36.2,17.6,1,0,0,0,1,2.3,0,Rural_Road,0.0895,304.0,13.0
Citroen,eC3,Shine,27.5,29.2,57,1215,0.33,2.2,0.0133,89,320,56.8,42.4,1,0,1,2,2,1.9,2,Rural_Road,0.156,176.3,13.0
Citroen,eC3,Shine,26.3,29.2,57,1215,0.33,2.2,0.0136,89,320,36.7,40.4,1,0,0,1,1,3.3,-5,Rural_Road,0.105,250.5,13.0
Citroen,eC3,Shine,27.4,29.2,57,1215,0.33,2.2,0.0133,89,320,35.0,20.9,0,2,0,0,4,2.1,-2,Ghat_Road,0.244,112.3,13.0
Citroen,eC3,Shine,26.3,29.2,57,1215,0.33,2.2,0.013,89,320,31.6,23.8,0,2,1,0,4,3.3,0,Ghat_Road,0.3433,76.6,13.0
Citroen,eC3,Shine,27.4,29.2,57,1215,0.33,2.2,0.0133,89,320,24.8,24.8,0,2,1,1,2,2.1,-2,Ghat_Road,0.3615,75.8,13.0
Citroen,eC3,Shine,28.1,29.2,57,1215,0.33,2.2,0.014,89,320,24.3,21.5,0,2,1,1,2,1.3,-8,Ghat_Road,0.3439,81.7,13.0
Citroen,eC3,Shine,27.8,29.2,57,1215,0.33,2.2,0.013,89,320,34.1,28.6,0,2,2,1,1,1.6,0,Ghat_Road,0.544,51.1,13.0
Citroen,eC3,Shine,27.5,29.2,57,1215,0.33,2.2,0.0136,89,320,22.0,32.5,1,2,0,0,3,1.9,-5,Ghat_Road,0.2783,98.8,13.0
Citroen,eC3,Shine,26.4,29.2,57,1215,0.33,2.2,0.0136,89,320,28.9,30.3,1,2,1,0,4,3.2,-5,Ghat_Road,0.3929,67.2,13.0
Citroen,eC3,Shine,27.3,29.2,57,1215,0.33,2.2,0.013,89,320,17.0,31.6,0,2,0,0,3,2.2,0,Ghat_Road,0.2382,114.6,13.0
Citroen,eC3,Shine,25.8,29.2,57,1215,0.33,2.2,0.013,89,320,24.3,18.9,0,2,1,1,3,3.9,0,Ghat_Road,0.3702,69.7,13.0
Citroen,eC3,Shine,24.9,29.2,57,1215,0.33,2.2,0.013,89,320,19.2,12.2,0,2,1,1,1,4.9,0,Ghat_Road,0.342,72.8,13.0
Maruti Suzuki,e Vitara,Long Range,54.4,61.0,144,1710,0.28,2.35,0.0112,93,500,18.1,44.7,1,0,1,0,3,3.6,-2,Delhi,0.2912,186.8,18.0
Maruti Suzuki,e Vitara,Long Range,55.3,61.0,144,1710,0.28,2.35,0.0119,93,500,30.3,36.5,0,0,1,1,1,3.1,-8,Delhi,0.1164,475.0,18.0
Maruti Suzuki,e Vitara,Long Range,56.4,61.0,144,1710,0.28,2.35,0.011,93,500,17.3,28.5,0,0,1,0,4,2.5,0,Delhi,0.1187,475.0,18.0
Maruti Suzuki,e Vitara,Long Range,60.1,61.0,144,1710,0.28,2.35,0.011,93,500,21.1,19.6,0,0,0,2,2,0.5,0,Delhi,0.1265,475.0,18.0
Maruti Suzuki,e Vitara,Long Range,60.5,61.0,144,1710,0.28,2.35,0.011,93,500,32.3,37.9,1,0,2,2,3,0.3,0,Delhi,0.3929,154.0,18.0
Maruti Suzuki,e Vitara,Long Range,53.3,61.0,144,1710,0.28,2.35,0.0116,93,500,31.7,19.9,0,0,2,1,3,4.2,-5,Delhi,0.2055,259.4,18.0
Maruti Suzuki,e Vitara,Long Range,55.1,61.0,144,1710,0.28,2.35,0.0116,93,500,23.4,10.7,0,0,2,1,1,3.2,-5,Delhi,0.1785,308.6,18.0
Maruti Suzuki,e Vitara,Long Range,59.2,61.0,144,1710,0.28,2.35,0.0112,93,500,21.7,18.2,0,0,2,1,4,1.0,-2,Delhi,0.1904,310.9,18.0
Maruti Suzuki,e Vitara,Long Range,58.3,61.0,144,1710,0.28,2.35,0.0119,93,500,19.9,24.8,1,0,1,1,3,1.5,-8,Delhi,0.1388,420.0,18.0
Maruti Suzuki,e Vitara,Long Range,53.5,61.0,144,1710,0.28,2.35,0.0112,93,500,25.6,27.5,1,0,1,1,3,4.1,-2,Delhi,0.1497,357.3,18.0
Maruti Suzuki,e Vitara,Long Range,56.1,61.0,144,1710,0.28,2.35,0.011,93,500,28.2,23.2,0,0,1,2,2,2.7,0,Delhi,0.1199,467.7,18.0
Maruti Suzuki,e Vitara,Long Range,60.8,61.0,144,1710,0.28,2.35,0.0112,93,500,31.9,38.3,1,0,0,1,1,0.1,2,Delhi,0.1339,454.2,18.0
Maruti Suzuki,e Vitara,Long Range,54.0,61.0,144,1710,0.28,2.35,0.011,93,500,13.5,24.4,0,0,1,1,3,3.8,0,Mumbai,0.1229,439.3,18.0
Maruti Suzuki,e Vitara,Long Range,52.6,61.0,144,1710,0.28,2.35,0.0112,93,500,13.2,26.8,0,0,2,0,4,4.6,-2,Mumbai,0.1789,294.0,18.0
Maruti Suzuki,e Vitara,Long Range,58.8,61.0,144,1710,0.28,2.35,0.011,93,500,29.2,28.0,0,0,2,0,1,1.2,0,Mumbai,0.1634,359.8,18.0
Maruti Suzuki,e Vitara,Long Range,60.5,61.0,144,1710,0.28,2.35,0.011,93,500,22.9,35.4,0,0,2,1,5,0.3,0,Mumbai,0.1956,309.3,18.0
Maruti Suzuki,e Vitara,Long Range,59.9,61.0,144,1710,0.28,2.35,0.0112,93,500,20.5,28.6,0,0,2,2,3,0.6,-2,Mumbai,0.2279,262.8,18.0
Maruti Suzuki,e Vitara,Long Range,59.5,61.0,144,1710,0.28,2.35,0.0112,93,500,26.0,27.8,1,0,2,1,3,0.8,-2,Mumbai,0.2692,221.0,18.0
Maruti Suzuki,e Vitara,Long Range,59.9,61.0,144,1710,0.28,2.35,0.0119,93,500,14.0,33.2,0,0,2,1,1,0.6,-8,Mumbai,0.1804,332.1,18.0
Maruti Suzuki,e Vitara,Long Range,60.8,61.0,144,1710,0.28,2.35,0.011,93,500,22.0,32.8,0,0,1,0,1,0.1,0,Mumbai,0.128,475.0,18.0
Maruti Suzuki,e Vitara,Long Range,59.2,61.0,144,1710,0.28,2.35,0.0112,93,500,15.6,26.6,1,0,0,1,3,1.0,-2,Mumbai,0.1514,391.1,18.0
Maruti Suzuki,e Vitara,Long Range,53.3,61.0,144,1710,0.28,2.35,0.011,93,500,25.0,19.9,0,0,2,1,5,4.2,0,Mumbai,0.2001,266.4,18.0
Maruti Suzuki,e Vitara,Long Range,59.5,61.0,144,1710,0.28,2.35,0.011,93,500,33.1,20.2,0,1,0,2,1,0.8,0,Bangalore,0.2569,231.6,18.0
Maruti Suzuki,e Vitara,Long Range,57.5,61.0,144,1710,0.28,2.35,0.011,93,500,32.5,23.2,0,1,2,1,1,1.9,0,Bangalore,0.5057,113.7,18.0
Maruti Suzuki,e Vitara,Long Range,53.3,61.0,144,1710,0.28,2.35,0.0112,93,500,25.9,32.1,0,1,2,1,3,4.2,-2,Bangalore,0.5384,99.0,18.0
Maruti Suzuki,e Vitara,Long Range,54.0,61.0,144,1710,0.28,2.35,0.0112,93,500,32.3,16.0,0,1,1,1,3,3.8,-2,Bangalore,0.3247,166.3,18.0
Maruti Suzuki,e Vitara,Long Range,56.2,61.0,144,1710,0.28,2.35,0.011,93,500,34.1,28.0,0,1,2,1,1,2.6,0,Bangalore,0.5337,105.3,18.0
Maruti Suzuki,e Vitara,Long Range,57.3,61.0,144,1710,0.28,2.35,0.011,93,500,24.0,33.3,0,1,2,1,1,2.0,0,Bangalore,0.5306,108.0,18.0
Maruti Suzuki,e Vitara,Long Range,53.9,61.0,144,1710,0.28,2.35,0.011,93,500,18.3,23.7,0,1,2,2,3,3.9,0,Bangalore,0.6132,87.9,18.0
Maruti Suzuki,e Vitara,Long Range,59.5,61.0,144,1710,0.28,2.35,0.0116,93,500,26.1,20.1,0,1,2,2,2,0.8,-5,Bangalore,0.631,94.3,18.0
Maruti Suzuki,e Vitara,Long Range,56.8,61.0,144,1710,0.28,2.35,0.0116,93,500,20.8,25.8,0,0,2,1,1,2.3,-5,Chennai,0.1732,327.9,18.0
Maruti Suzuki,e Vitara,Long Range,59.2,61.0,144,1710,0.28,2.35,0.011,93,500,19.1,23.3,0,0,1,1,2,1.0,0,Chennai,0.1246,475.0,18.0
Maruti Suzuki,e Vitara,Long Range,55.7,61.0,144,1710,0.28,2.35,0.011,93,500,20.9,41.4,1,0,2,1,4,2.9,0,Chennai,0.472,118.0,18.0
Maruti Suzuki,e Vitara,Long Range,59.5,61.0,144,1710,0.28,2.35,0.0116,93,500,31.2,41.3,0,0,0,1,3,0.8,-5,Chennai,0.1253,475.0,18.0
Maruti Suzuki,e Vitara,Long Range,55.0,61.0,144,1710,0.28,2.35,0.0116,93,500,23.2,39.2,1,0,2,2,2,3.3,-5,Chennai,0.386,142.5,18.0
Maruti Suzuki,e Vitara,Long Range,55.0,61.0,144,1710,0.28,2.35,0.0119,93,500,31.2,29.7,1,0,0,1,1,3.3,-8,Chennai,0.1158,475.0,18.0
Maruti Suzuki,e Vitara,Long Range,59.2,61.0,144,1710,0.28,2.35,0.011,93,500,20.1,31.7,0,0,2,2,4,1.0,0,Chennai,0.2156,274.6,18.0
Maruti Suzuki,e Vitara,Long Range,60.3,61.0,144,1710,0.28,2.35,0.011,93,500,27.8,37.8,0,0,2,2,1,0.4,0,Chennai,0.2106,286.3,18.0
Maruti Suzuki,e Vitara,Long Range,55.0,61.0,144,1710,0.28,2.35,0.011,93,500,38.6,28.8,0,1,2,0,4,3.3,0,Pune,0.5159,106.6,18.0
Maruti Suzuki,e Vitara,Long Range,57.7,61.0,144,1710,0.28,2.35,0.0119,93,500,37.9,25.5,0,1,0,1,1,1.8,-8,Pune,0.2463,234.3,18.0
Maruti Suzuki,e Vitara,Long Range,59.4,61.0,144,1710,0.28,2.35,0.0112,93,500,18.5,32.3,0,1,2,2,3,0.9,-2,Pune,0.62,95.8,18.0
Maruti Suzuki,e Vitara,Long Range,52.9,61.0,144,1710,0.28,2.35,0.0112,93,500,36.3,29.3,1,1,1,1,2,4.4,-2,Pune,0.3707,142.7,18.0
Maruti Suzuki,e Vitara,Long Range,57.5,61.0,144,1710,0.28,2.35,0.0112,93,500,35.8,35.9,1,1,2,1,2,1.9,-2,Pune,0.6432,89.4,18.0
Maruti Suzuki,e Vitara,Long Range,55.3,61.0,144,1710,0.28,2.35,0.0112,93,500,37.7,15.2,0,1,1,1,1,3.1,-2,Pune,0.3131,176.6,18.0
Maruti Suzuki,e Vitara,Long Range,58.4,61.0,144,1710,0.28,2.35,0.0116,93,500,35.9,15.0,0,1,1,0,5,1.4,-5,Pune,0.3456,169.0,18.0
Maruti Suzuki,e Vitara,Long Range,52.4,61.0,144,1710,0.28,2.35,0.0112,93,500,38.8,14.8,0,1,0,1,1,4.7,-2,Pune,0.2584,202.8,18.0
Maruti Suzuki,e Vitara,Long Range,53.7,61.0,144,1710,0.28,2.35,0.0119,93,500,35.2,35.9,0,1,1,1,2,4.0,-8,Pune,0.3333,161.1,18.0
Maruti Suzuki,e Vitara,Long Range,60.3,61.0,144,1710,0.28,2.35,0.011,93,500,18.6,31.3,0,1,2,1,3,0.4,0,Pune,0.5145,117.2,18.0
Maruti Suzuki,e Vitara,Long Range,58.3,61.0,144,1710,0.28,2.35,0.011,93,500,21.8,29.3,1,0,1,1,4,1.5,0,Hyderabad,0.1588,367.2,18.0
Maruti Suzuki,e Vitara,Long Range,52.0,61.0,144,1710,0.28,2.35,0.0112,93,500,23.9,42.3,1,0,2,0,2,4.9,-2,Hyderabad,0.3972,130.9,18.0
Maruti Suzuki,e Vitara,Long Range,59.9,61.0,144,1710,0.28,2.35,0.0116,93,500,27.1,23.1,0,0,0,0,4,0.6,-5,Hyderabad,0.1261,475.0,18.0
Maruti Suzuki,e Vitara,Long Range,53.5,61.0,144,1710,0.28,2.35,0.0116,93,500,33.4,25.3,0,0,1,1,2,4.1,-5,Hyderabad,0.1159,461.5,18.0
Maruti Suzuki,e Vitara,Long Range,54.8,61.0,144,1710,0.28,2.35,0.0116,93,500,30.8,33.2,1,0,2,1,1,3.4,-5,Hyderabad,0.3208,170.8,18.0
Maruti Suzuki,e Vitara,Long Range,53.3,61.0,144,1710,0.28,2.35,0.0116,93,500,24.7,25.0,0,0,2,1,4,4.2,-5,Hyderabad,0.182,292.8,18.0
Maruti Suzuki,e Vitara,Long Range,53.3,61.0,144,1710,0.28,2.35,0.011,93,500,31.7,25.3,1,0,2,1,2,4.2,0,Hyderabad,0.2336,228.2,18.0
Maruti Suzuki,e Vitara,Long Range,57.3,61.0,144,1710,0.28,2.35,0.011,93,500,32.9,38.7,0,0,1,2,4,2.0,0,Hyderabad,0.1339,428.0,18.0
Maruti Suzuki,e Vitara,Long Range,57.2,61.0,144,1710,0.28,2.35,0.0112,93,500,12.8,23.6,0,0,0,0,3,2.1,-2,Kolkata,0.1204,475.0,18.0
Maruti Suzuki,e Vitara,Long Range,53.9,61.0,144,1710,0.28,2.35,0.011,93,500,26.4,41.6,1,0,1,2,2,3.9,0,Kolkata,0.3082,174.9,18.0
Maruti Suzuki,e Vitara,Long Range,59.5,61.0,144,1710,0.28,2.35,0.011,93,500,12.5,18.7,0,0,1,1,1,0.8,0,Kolkata,0.1253,475.0,18.0
Maruti Suzuki,e Vitara,Long Range,60.3,61.0,144,1710,0.28,2.35,0.011,93,500,17.6,38.0,1,0,0,0,1,0.4,0,Kolkata,0.1733,348.0,18.0
Maruti Suzuki,e Vitara,Long Range,54.2,61.0,144,1710,0.28,2.35,0.011,93,500,15.4,36.2,0,0,1,2,1,3.7,0,Kolkata,0.1141,475.0,18.0
Maruti Suzuki,e Vitara,Long Range,52.9,61.0,144,1710,0.28,2.35,0.0116,93,500,20.5,26.8,1,0,2,0,4,4.4,-5,Kolkata,0.2574,205.5,18.0
Maruti Suzuki,e Vitara,Long Range,56.1,61.0,144,1710,0.28,2.35,0.0116,93,500,25.3,19.2,0,0,0,0,4,2.7,-5,Kolkata,0.1181,475.0,18.0
Maruti Suzuki,e Vitara,Long Range,55.9,61.0,144,1710,0.28,2.35,0.0112,93,500,17.1,28.3,0,0,2,1,2,2.8,-2,Kolkata,0.1742,320.9,18.0
Maruti Suzuki,e Vitara,Long Range,56.1,61.0,144,1710,0.28,2.35,0.0116,93,500,27.0,38.6,0,0,2,1,1,2.7,-5,Kolkata,0.1689,332.1,18.0
Maruti Suzuki,e Vitara,Long Range,53.5,61.0,144,1710,0.28,2.35,0.0116,93,500,27.4,15.5,0,0,2,1,2,4.1,-5,Kolkata,0.1752,305.4,18.0
Maruti Suzuki,e Vitara,Long Range,55.0,61.0,144,1710,0.28,2.35,0.0116,93,500,77.8,17.1,0,0,0,1,4,3.3,-5,Highway_NH,0.1412,389.4,18.0
Maruti Suzuki,e Vitara,Long Range,53.5,61.0,144,1710,0.28,2.35,0.0112,93,500,95.1,32.1,0,0,1,1,3,4.1,-2,Highway_NH,0.2154,248.4,18.0
Maruti Suzuki,e Vitara,Long Range,52.0,61.0,144,1710,0.28,2.35,0.0112,93,500,89.1,23.8,1,0,1,1,4,4.9,-2,Highway_NH,0.2047,254.0,18.0
Maruti Suzuki,e Vitara,Long Range,53.9,61.0,144,1710,0.28,2.35,0.011,93,500,92.5,15.2,0,0,0,2,4,3.9,0,Highway_NH,0.1812,297.5,18.0
Maruti Suzuki,e Vitara,Long Range,55.3,61.0,144,1710,0.28,2.35,0.0112,93,500,73.9,31.6,0,0,2,0,1,3.1,-2,Highway_NH,0.245,225.7,18.0
Maruti Suzuki,e Vitara,Long Range,58.3,61.0,144,1710,0.28,2.35,0.0112,93,500,88.0,36.1,1,0,0,1,2,1.5,-2,Highway_NH,0.1636,356.4,18.0
Maruti Suzuki,e Vitara,Long Range,55.3,61.0,144,1710,0.28,2.35,0.0112,93,500,72.0,44.4,0,0,1,2,3,3.1,-2,Highway_NH,0.2122,260.6,18.0
Maruti Suzuki,e Vitara,Long Range,58.8,61.0,144,1710,0.28,2.35,0.011,93,500,78.6,18.4,0,0,2,0,2,1.2,0,Highway_NH,0.2652,221.7,18.0
Maruti Suzuki,e Vitara,Long Range,57.2,61.0,144,1710,0.28,2.35,0.0112,93,500,111.6,37.7,1,0,0,1,1,2.1,-2,Expressway,0.2024,282.6,18.0
Maruti Suzuki,e Vitara,Long Range,55.3,61.0,144,1710,0.28,2.35,0.011,93,500,103.7,37.0,1,0,1,1,2,3.1,0,Expressway,0.2424,228.1,18.0
Maruti Suzuki,e Vitara,Long Range,52.0,61.0,144,1710,0.28,2.35,0.0112,93,500,96.4,42.7,1,0,0,1,2,4.9,-2,Expressway,0.2057,252.8,18.0
Maruti Suzuki,e Vitara,Long Range,53.1,61.0,144,1710,0.28,2.35,0.0119,93,500,116.3,37.1,1,0,0,1,5,4.3,-8,Expressway,0.2334,227.5,18.0
Maruti Suzuki,e Vitara,Long Range,60.3,61.0,144,1710,0.28,2.35,0.011,93,500,95.0,42.2,1,0,0,0,5,0.4,0,Expressway,0.1807,333.7,18.0
Maruti Suzuki,e Vitara,Long Range,52.8,61.0,144,1710,0.28,2.35,0.0112,93,500,92.2,16.4,0,0,0,1,2,4.5,-2,Expressway,0.1417,372.6,18.0
Maruti Suzuki,e Vitara,Long Range,55.9,61.0,144,1710,0.28,2.35,0.0112,93,500,109.2,38.2,0,0,1,1,4,2.8,-2,Expressway,0.2539,220.2,18.0
Maruti Suzuki,e Vitara,Long Range,55.0,61.0,144,1710,0.28,2.35,0.0116,93,500,111.9,42.3,1,0,0,1,4,3.3,-5,Expressway,0.2356,233.4,18.0
Maruti Suzuki,e Vitara,Long Range,60.5,61.0,144,1710,0.28,2.35,0.0116,93,500,107.1,41.8,1,0,1,1,2,0.3,-5,Expressway,0.3022,200.2,18.0
Maruti Suzuki,e Vitara,Long Range,57.9,61.0,144,1710,0.28,2.35,0.0112,93,500,117.1,27.3,0,0,0,1,4,1.7,-2,Expressway,0.2142,270.3,18.0
Maruti Suzuki,e Vitara,Long Range,53.5,61.0,144,1710,0.28,2.35,0.011,93,500,33.4,25.4,0,2,0,2,2,4.1,0,Hill_Station,0.5796,92.3,18.0
Maruti Suzuki,e Vitara,Long Range,54.6,61.0,144,1710,0.28,2.35,0.0112,93,500,22.6,16.6,0,2,0,1,2,3.5,-2,Hill_Station,0.4995,109.3,18.0
Maruti Suzuki,e Vitara,Long Range,55.1,61.0,144,1710,0.28,2.35,0.0112,93,500,20.6,26.0,1,2,2,1,2,3.2,-2,Hill_Station,1.102,50.0,18.0
Maruti Suzuki,e Vitara,Long Range,60.3,61.0,144,1710,0.28,2.35,0.0119,93,500,20.4,6.3,1,2,2,0,5,0.4,-8,Hill_Station,1.206,50.0,18.0
Maruti Suzuki,e Vitara,Long Range,59.7,61.0,144,1710,0.28,2.35,0.0116,93,500,29.0,28.7,0,2,1,1,2,0.7,-5,Hill_Station,0.6633,90.0,18.0
Maruti Suzuki,e Vitara,Long Range,57.9,61.0,144,1710,0.28,2.35,0.0112,93,500,39.8,19.5,0,2,1,1,3,1.7,-2,Hill_Station,0.7338,78.9,18.0
Maruti Suzuki,e Vitara,Long Range,59.2,61.0,144,1710,0.28,2.35,0.0116,93,500,22.4,27.0,0,2,2,0,4,1.0,-5,Hill_Station,1.0496,56.4,18.0
Maruti Suzuki,e Vitara,Long Range,55.0,61.0,144,1710,0.28,2.35,0.0116,93,500,21.5,16.8,0,2,2,1,2,3.3,-5,Hill_Station,1.1,50.0,18.0
Maruti Suzuki,e Vitara,Long Range,54.6,61.0,144,1710,0.28,2.35,0.0119,93,500,31.0,7.4,0,2,1,1,2,3.5,-8,Hill_Station,0.7994,68.3,18.0
Maruti Suzuki,e Vitara,Long Range,60.3,61.0,144,1710,0.28,2.35,0.011,93,500,27.3,15.6,0,2,2,0,1,0.4,0,Hill_Station,0.9466,63.7,18.0
Maruti Suzuki,e Vitara,Long Range,54.4,61.0,144,1710,0.28,2.35,0.011,93,500,49.0,21.4,0,0,0,1,2,3.6,0,Rural_Road,0.1145,475.0,18.0
Maruti Suzuki,e Vitara,Long Range,59.2,61.0,144,1710,0.28,2.35,0.011,93,500,52.2,26.4,1,0,0,1,4,1.0,0,Rural_Road,0.1246,475.0,18.0
Maruti Suzuki,e Vitara,Long Range,58.8,61.0,144,1710,0.28,2.35,0.0112,93,500,41.3,22.9,0,0,0,1,1,1.2,-2,Rural_Road,0.1238,475.0,18.0
Maruti Suzuki,e Vitara,Long Range,55.7,61.0,144,1710,0.28,2.35,0.011,93,500,58.5,10.3,0,0,0,2,1,2.9,0,Rural_Road,0.1173,475.0,18.0
Maruti Suzuki,e Vitara,Long Range,59.4,61.0,144,1710,0.28,2.35,0.0119,93,500,33.5,36.7,0,0,0,1,4,0.9,-8,Rural_Road,0.1251,475.0,18.0
Maruti Suzuki,e Vitara,Long Range,54.4,61.0,144,1710,0.28,2.35,0.0119,93,500,52.8,25.4,1,0,0,2,2,3.6,-8,Rural_Road,0.1316,413.3,18.0
Maruti Suzuki,e Vitara,Long Range,57.2,61.0,144,1710,0.28,2.35,0.0119,93,500,39.5,39.8,0,0,0,0,2,2.1,-8,Rural_Road,0.1204,475.0,18.0
Maruti Suzuki,e Vitara,Long Range,57.5,61.0,144,1710,0.28,2.35,0.0116,93,500,57.2,26.2,0,0,1,1,4,1.9,-5,Rural_Road,0.1453,395.8,18.0
Maruti Suzuki,e Vitara,Long Range,51.9,61.0,144,1710,0.28,2.35,0.0112,93,500,43.7,34.2,0,0,2,0,3,5.0,-2,Rural_Road,0.1936,268.1,18.0
Maruti Suzuki,e Vitara,Long Range,58.4,61.0,144,1710,0.28,2.35,0.0112,93,500,58.2,28.0,0,0,1,1,4,1.4,-2,Rural_Road,0.1408,414.8,18.0
Maruti Suzuki,e Vitara,Long Range,53.7,61.0,144,1710,0.28,2.35,0.011,93,500,49.2,27.7,0,0,1,1,4,4.0,0,Rural_Road,0.1326,405.0,18.0
Maruti Suzuki,e Vitara,Long Range,60.3,61.0,144,1710,0.28,2.35,0.0116,93,500,43.0,29.1,1,0,0,2,2,0.4,-5,Rural_Road,0.1341,449.6,18.0
Maruti Suzuki,e Vitara,Long Range,57.9,61.0,144,1710,0.28,2.35,0.0112,93,500,17.3,14.8,0,2,0,1,2,1.7,-2,Ghat_Road,0.4996,115.9,18.0
Maruti Suzuki,e Vitara,Long Range,57.5,61.0,144,1710,0.28,2.35,0.0119,93,500,31.2,21.1,0,2,1,1,2,1.9,-8,Ghat_Road,0.687,83.7,18.0
Maruti Suzuki,e Vitara,Long Range,58.3,61.0,144,1710,0.28,2.35,0.011,93,500,16.3,21.4,0,2,0,1,4,1.5,0,Ghat_Road,0.5339,109.2,18.0
Maruti Suzuki,e Vitara,Long Range,60.8,61.0,144,1710,0.28,2.35,0.0119,93,500,15.3,16.1,0,2,0,2,1,0.1,-8,Ghat_Road,0.5376,113.1,18.0
Maruti Suzuki,e Vitara,Long Range,54.8,61.0,144,1710,0.28,2.35,0.0112,93,500,21.4,28.7,0,2,2,2,2,3.4,-2,Ghat_Road,1.096,50.0,18.0
Maruti Suzuki,e Vitara,Long Range,58.3,61.0,144,1710,0.28,2.35,0.0116,93,500,19.7,20.7,0,2,2,2,3,1.5,-5,Ghat_Road,1.166,50.0,18.0
Maruti Suzuki,e Vitara,Long Range,54.8,61.0,144,1710,0.28,2.35,0.011,93,500,15.7,31.0,0,2,2,0,4,3.4,0,Ghat_Road,1.06,51.7,18.0
Maruti Suzuki,e Vitara,Long Range,56.2,61.0,144,1710,0.28,2.35,0.0112,93,500,18.6,10.2,0,2,0,1,2,2.6,-2,Ghat_Road,0.5357,104.9,18.0
Maruti Suzuki,e Vitara,Long Range,59.2,61.0,144,1710,0.28,2.35,0.0112,93,500,28.2,24.6,0,2,1,0,1,1.0,-2,Ghat_Road,0.5633,105.1,18.0
Maruti Suzuki,e Vitara,Medium Range,46.6,49.0,106,1620,0.28,2.35,0.011,93,400,27.6,26.1,0,0,0,0,1,1.6,0,Delhi,0.1226,380.0,15.0
Maruti Suzuki,e Vitara,Medium Range,45.3,49.0,106,1620,0.28,2.35,0.0116,93,400,15.8,40.2,1,0,2,1,2,2.5,-5,Delhi,0.5976,75.8,15.0
Maruti Suzuki,e Vitara,Medium Range,43.7,49.0,106,1620,0.28,2.35,0.011,93,400,24.9,19.3,0,0,2,0,2,3.6,0,Delhi,0.1514,288.6,15.0
Maruti Suzuki,e Vitara,Medium Range,46.1,49.0,106,1620,0.28,2.35,0.011,93,400,31.4,23.3,0,0,2,0,2,2.0,0,Delhi,0.1571,293.5,15.0
Maruti Suzuki,e Vitara,Medium Range,43.7,49.0,106,1620,0.28,2.35,0.0112,93,400,29.2,41.8,1,0,2,1,2,3.6,-2,Delhi,0.417,104.8,15.0
Maruti Suzuki,e Vitara,Medium Range,45.3,49.0,106,1620,0.28,2.35,0.0112,93,400,30.2,25.7,0,0,0,2,1,2.5,-2,Delhi,0.1192,380.0,15.0
Maruti Suzuki,e Vitara,Medium Range,46.8,49.0,106,1620,0.28,2.35,0.0112,93,400,17.5,13.8,0,0,2,1,3,1.5,-2,Delhi,0.1921,243.6,15.0
Maruti Suzuki,e Vitara,Medium Range,48.9,49.0,106,1620,0.28,2.35,0.0112,93,400,23.0,33.8,1,0,2,1,2,0.1,-2,Delhi,0.3429,142.6,15.0
Maruti Suzuki,e Vitara,Medium Range,44.4,49.0,106,1620,0.28,2.35,0.0119,93,400,24.8,27.7,0,0,1,1,3,3.1,-8,Delhi,0.1168,380.0,15.0
Maruti Suzuki,e Vitara,Medium Range,44.6,49.0,106,1620,0.28,2.35,0.0116,93,400,21.3,26.7,1,0,1,1,2,3.0,-5,Mumbai,0.168,265.5,15.0
Maruti Suzuki,e Vitara,Medium Range,45.6,49.0,106,1620,0.28,2.35,0.0112,93,400,17.8,26.4,0,0,2,1,2,2.3,-2,Mumbai,0.177,257.6,15.0
Maruti Suzuki,e Vitara,Medium Range,45.5,49.0,106,1620,0.28,2.35,0.011,93,400,25.8,20.9,0,0,1,1,2,2.4,0,Mumbai,0.1197,380.0,15.0
Maruti Suzuki,e Vitara,Medium Range,43.0,49.0,106,1620,0.28,2.35,0.0119,93,400,16.7,25.6,0,0,2,0,1,4.1,-8,Mumbai,0.1627,264.3,15.0
Maruti Suzuki,e Vitara,Medium Range,45.5,49.0,106,1620,0.28,2.35,0.0112,93,400,27.7,19.4,0,0,1,1,1,2.4,-2,Mumbai,0.1197,380.0,15.0
Maruti Suzuki,e Vitara,Medium Range,41.9,49.0,106,1620,0.28,2.35,0.0116,93,400,13.1,31.5,0,0,0,1,1,4.8,-5,Mumbai,0.1103,380.0,15.0
Maruti Suzuki,e Vitara,Medium Range,42.7,49.0,106,1620,0.28,2.35,0.0112,93,400,28.3,24.2,0,0,2,1,1,4.3,-2,Mumbai,0.1781,239.8,15.0
Maruti Suzuki,e Vitara,Medium Range,44.9,49.0,106,1620,0.28,2.35,0.0119,93,400,28.8,29.9,0,0,2,0,2,2.8,-8,Mumbai,0.1706,263.2,15.0
Maruti Suzuki,e Vitara,Medium Range,47.8,49.0,106,1620,0.28,2.35,0.0112,93,400,22.9,18.7,0,0,2,0,2,0.8,-2,Mumbai,0.1572,304.0,15.0
Maruti Suzuki,e Vitara,Medium Range,48.1,49.0,106,1620,0.28,2.35,0.011,93,400,12.6,26.3,1,0,1,1,1,0.6,0,Mumbai,0.1842,261.2,15.0
Maruti Suzuki,e Vitara,Medium Range,44.3,49.0,106,1620,0.28,2.35,0.0112,93,400,32.2,26.2,0,1,2,1,3,3.2,-2,Bangalore,0.5716,77.5,15.0
Maruti Suzuki,e Vitara,Medium Range,42.8,49.0,106,1620,0.28,2.35,0.0116,93,400,29.5,22.1,0,1,2,1,2,4.2,-5,Bangalore,0.5213,82.1,15.0
Maruti Suzuki,e Vitara,Medium Range,46.1,49.0,106,1620,0.28,2.35,0.011,93,400,25.7,31.1,0,1,2,2,1,2.0,0,Bangalore,0.567,81.3,15.0
Maruti Suzuki,e Vitara,Medium Range,43.4,49.0,106,1620,0.28,2.35,0.011,93,400,25.6,20.3,0,1,2,0,1,3.8,0,Bangalore,0.4759,91.2,15.0
Maruti Suzuki,e Vitara,Medium Range,43.6,49.0,106,1620,0.28,2.35,0.0116,93,400,17.8,16.2,0,1,2,1,1,3.7,-5,Bangalore,0.5052,86.3,15.0
Maruti Suzuki,e Vitara,Medium Range,43.7,49.0,106,1620,0.28,2.35,0.0112,93,400,27.6,29.0,0,1,2,1,3,3.6,-2,Bangalore,0.5297,82.5,15.0
Maruti Suzuki,e Vitara,Medium Range,45.5,49.0,106,1620,0.28,2.35,0.0119,93,400,18.3,17.2,0,1,1,0,3,2.4,-8,Bangalore,0.3225,141.1,15.0
Maruti Suzuki,e Vitara,Medium Range,45.3,49.0,106,1620,0.28,2.35,0.011,93,400,25.3,24.5,0,1,1,0,2,2.5,0,Bangalore,0.2789,162.4,15.0
Maruti Suzuki,e Vitara,Medium Range,42.2,49.0,106,1620,0.28,2.35,0.0116,93,400,21.3,19.6,0,1,0,2,2,4.6,-5,Bangalore,0.2784,151.6,15.0
Maruti Suzuki,e Vitara,Medium Range,46.4,49.0,106,1620,0.28,2.35,0.0116,93,400,27.9,23.7,0,1,2,0,1,1.8,-5,Bangalore,0.4284,108.3,15.0
Maruti Suzuki,e Vitara,Medium Range,47.7,49.0,106,1620,0.28,2.35,0.011,93,400,23.7,40.5,1,0,2,0,1,0.9,0,Chennai,0.3949,120.8,15.0
Maruti Suzuki,e Vitara,Medium Range,42.5,49.0,106,1620,0.28,2.35,0.0112,93,400,34.1,35.5,1,0,0,1,2,4.4,-2,Chennai,0.1423,298.6,15.0
Maruti Suzuki,e Vitara,Medium Range,41.9,49.0,106,1620,0.28,2.35,0.0119,93,400,17.2,24.8,0,0,2,1,1,4.8,-8,Chennai,0.1847,226.8,15.0
Maruti Suzuki,e Vitara,Medium Range,44.1,49.0,106,1620,0.28,2.35,0.011,93,400,17.9,27.2,0,0,1,2,2,3.3,0,Chennai,0.1197,368.4,15.0
Maruti Suzuki,e Vitara,Medium Range,44.3,49.0,106,1620,0.28,2.35,0.011,93,400,18.0,40.0,1,0,2,1,4,3.2,0,Chennai,0.4581,96.7,15.0
Maruti Suzuki,e Vitara,Medium Range,48.9,49.0,106,1620,0.28,2.35,0.011,93,400,26.2,28.0,0,0,2,1,2,0.1,0,Chennai,0.1689,289.6,15.0
Maruti Suzuki,e Vitara,Medium Range,47.8,49.0,106,1620,0.28,2.35,0.0116,93,400,22.6,29.5,0,0,2,1,1,0.8,-5,Chennai,0.1627,293.8,15.0
Maruti Suzuki,e Vitara,Medium Range,46.2,49.0,106,1620,0.28,2.35,0.0116,93,400,16.2,26.0,0,0,2,1,5,1.9,-5,Chennai,0.2161,213.8,15.0
Maruti Suzuki,e Vitara,Medium Range,47.5,49.0,106,1620,0.28,2.35,0.0116,93,400,18.1,33.6,0,0,2,0,4,1.0,-5,Chennai,0.1673,283.9,15.0
Maruti Suzuki,e Vitara,Medium Range,47.7,49.0,106,1620,0.28,2.35,0.011,93,400,34.4,39.5,0,0,2,2,4,0.9,0,Chennai,0.2396,199.1,15.0
Maruti Suzuki,e Vitara,Medium Range,48.9,49.0,106,1620,0.28,2.35,0.0116,93,400,19.1,38.9,1,0,2,1,2,0.1,-5,Chennai,0.413,118.4,15.0
Maruti Suzuki,e Vitara,Medium Range,48.1,49.0,106,1620,0.28,2.35,0.011,93,400,39.5,33.4,0,1,1,1,3,0.6,0,Pune,0.3532,136.2,15.0
Maruti Suzuki,e Vitara,Medium Range,43.1,49.0,106,1620,0.28,2.35,0.0112,93,400,36.7,35.5,1,1,1,1,1,4.0,-2,Pune,0.4197,102.7,15.0
Maruti Suzuki,e Vitara,Medium Range,44.1,49.0,106,1620,0.28,2.35,0.011,93,400,20.0,39.6,1,1,0,1,3,3.3,0,Pune,0.3097,142.4,15.0
Maruti Suzuki,e Vitara,Medium Range,42.4,49.0,106,1620,0.28,2.35,0.011,93,400,27.1,27.8,0,1,0,0,3,4.5,0,Pune,0.1999,212.1,15.0
Maruti Suzuki,e Vitara,Medium Range,47.5,49.0,106,1620,0.28,2.35,0.0112,93,400,23.4,19.9,0,1,0,2,2,1.0,-2,Pune,0.258,184.1,15.0
Maruti Suzuki,e Vitara,Medium Range,44.9,49.0,106,1620,0.28,2.35,0.011,93,400,25.1,29.1,1,1,2,1,5,2.8,0,Pune,0.6803,66.0,15.0
Maruti Suzuki,e Vitara,Medium Range,47.8,49.0,106,1620,0.28,2.35,0.011,93,400,21.4,36.4,0,1,2,1,2,0.8,0,Pune,0.5224,91.5,15.0
Maruti Suzuki,e Vitara,Medium Range,45.6,49.0,106,1620,0.28,2.35,0.011,93,400,19.6,21.3,0,1,1,1,1,2.3,0,Pune,0.3075,148.3,15.0
Maruti Suzuki,e Vitara,Medium Range,43.6,49.0,106,1620,0.28,2.35,0.011,93,400,22.0,25.4,1,1,2,0,1,3.7,0,Pune,0.5111,85.3,15.0
Maruti Suzuki,e Vitara,Medium Range,48.1,49.0,106,1620,0.28,2.35,0.0112,93,400,29.6,37.1,0,1,1,0,2,0.6,-2,Pune,0.2756,174.5,15.0
Maruti Suzuki,e Vitara,Medium Range,47.4,49.0,106,1620,0.28,2.35,0.0112,93,400,38.2,24.7,0,1,2,2,2,1.1,-2,Pune,0.652,72.7,15.0
Maruti Suzuki,e Vitara,Medium Range,46.8,49.0,106,1620,0.28,2.35,0.0116,93,400,23.9,32.1,0,0,1,2,1,1.5,-5,Hyderabad,0.1368,342.2,15.0
Maruti Suzuki,e Vitara,Medium Range,43.6,49.0,106,1620,0.28,2.35,0.0116,93,400,20.2,38.8,1,0,2,0,3,3.7,-5,Hyderabad,0.3615,120.6,15.0
Maruti Suzuki,e Vitara,Medium Range,45.2,49.0,106,1620,0.28,2.35,0.0112,93,400,20.9,27.8,0,0,0,1,1,2.6,-2,Hyderabad,0.1189,380.0,15.0
Maruti Suzuki,e Vitara,Medium Range,45.6,49.0,106,1620,0.28,2.35,0.0112,93,400,22.8,23.5,0,0,1,2,3,2.3,-2,Hyderabad,0.1441,316.4,15.0
Maruti Suzuki,e Vitara,Medium Range,43.3,49.0,106,1620,0.28,2.35,0.0116,93,400,21.0,26.8,0,0,1,2,1,3.9,-5,Hyderabad,0.1246,347.5,15.0
Maruti Suzuki,e Vitara,Medium Range,44.6,49.0,106,1620,0.28,2.35,0.0116,93,400,16.0,41.3,1,0,2,1,1,3.0,-5,Hyderabad,0.5995,74.4,15.0
Maruti Suzuki,e Vitara,Medium Range,44.6,49.0,106,1620,0.28,2.35,0.0116,93,400,28.0,33.2,1,0,2,2,2,3.0,-5,Hyderabad,0.3512,127.0,15.0
Maruti Suzuki,e Vitara,Medium Range,47.2,49.0,106,1620,0.28,2.35,0.0116,93,400,33.8,19.9,0,0,2,1,1,1.2,-5,Hyderabad,0.1924,245.3,15.0
Maruti Suzuki,e Vitara,Medium Range,48.9,49.0,106,1620,0.28,2.35,0.0116,93,400,22.4,29.0,0,0,1,0,2,0.1,-5,Kolkata,0.1287,380.0,15.0
Maruti Suzuki,e Vitara,Medium Range,48.3,49.0,106,1620,0.28,2.35,0.011,93,400,12.3,41.1,1,0,2,0,2,0.5,0,Kolkata,0.6169,78.3,15.0
Maruti Suzuki,e Vitara,Medium Range,48.7,49.0,106,1620,0.28,2.35,0.011,93,400,20.1,21.2,0,0,2,1,3,0.2,0,Kolkata,0.1696,287.1,15.0
Maruti Suzuki,e Vitara,Medium Range,47.4,49.0,106,1620,0.28,2.35,0.0116,93,400,27.1,30.9,1,0,1,1,2,1.1,-5,Kolkata,0.1745,271.6,15.0
Maruti Suzuki,e Vitara,Medium Range,48.7,49.0,106,1620,0.28,2.35,0.011,93,400,18.1,30.6,0,0,2,0,2,0.2,0,Kolkata,0.1635,297.8,15.0
Maruti Suzuki,e Vitara,Medium Range,41.8,49.0,106,1620,0.28,2.35,0.0116,93,400,26.6,17.9,1,0,2,0,3,4.9,-5,Kolkata,0.188,222.3,15.0
Maruti Suzuki,e Vitara,Medium Range,43.3,49.0,106,1620,0.28,2.35,0.0112,93,400,19.2,38.1,0,0,2,1,4,3.9,2,Kolkata,0.2083,207.9,15.0
Maruti Suzuki,e Vitara,Medium Range,47.5,49.0,106,1620,0.28,2.35,0.0116,93,400,24.0,12.6,1,0,2,2,4,1.0,-5,Kolkata,0.2984,159.2,15.0
Maruti Suzuki,e Vitara,Medium Range,47.4,49.0,106,1620,0.28,2.35,0.0112,93,400,14.6,25.4,0,0,2,2,4,1.1,-2,Kolkata,0.2396,197.8,15.0
Maruti Suzuki,e Vitara,Medium Range,43.6,49.0,106,1620,0.28,2.35,0.0112,93,400,21.9,23.1,0,0,1,1,2,3.7,-2,Kolkata,0.1156,377.3,15.0
Maruti Suzuki,e Vitara,Medium Range,47.7,49.0,106,1620,0.28,2.35,0.0119,93,400,25.8,31.8,0,0,2,1,3,0.9,-8,Kolkata,0.1997,238.9,15.0
Maruti Suzuki,e Vitara,Medium Range,47.7,49.0,106,1620,0.28,2.35,0.0112,93,400,79.3,33.1,1,0,1,1,1,0.9,-2,Highway_NH,0.1954,244.1,15.0
Maruti Suzuki,e Vitara,Medium Range,48.7,49.0,106,1620,0.28,2.35,0.0116,93,400,76.3,32.5,1,0,2,2,1,0.2,-5,Highway_NH,0.3599,135.3,15.0
Maruti Suzuki,e Vitara,Medium Range,47.1,49.0,106,1620,0.28,2.35,0.0112,93,400,79.8,40.9,0,0,1,1,4,1.3,-2,Highway_NH,0.1992,236.5,15.0
Maruti Suzuki,e Vitara,Medium Range,46.6,49.0,106,1620,0.28,2.35,0.011,93,400,73.6,27.3,0,0,0,0,2,1.6,0,Highway_NH,0.1226,380.0,15.0
Maruti Suzuki,e Vitara,Medium Range,44.4,49.0,106,1620,0.28,2.35,0.011,93,400,89.3,25.0,0,0,1,2,2,3.1,0,Highway_NH,0.2254,197.0,15.0
Maruti Suzuki,e Vitara,Medium Range,43.6,49.0,106,1620,0.28,2.35,0.011,93,400,70.0,22.2,0,0,1,1,2,3.7,0,Highway_NH,0.1658,262.9,15.0
Maruti Suzuki,e Vitara,Medium Range,44.3,49.0,106,1620,0.28,2.35,0.0112,93,400,80.5,33.8,0,0,2,0,3,3.2,-2,Highway_NH,0.2746,161.3,15.0
Maruti Suzuki,e Vitara,Medium Range,46.2,49.0,106,1620,0.28,2.35,0.0112,93,400,95.3,28.7,0,0,1,1,4,1.9,-2,Highway_NH,0.2159,214.0,15.0
Maruti Suzuki,e Vitara,Medium Range,43.1,49.0,106,1620,0.28,2.35,0.011,93,400,89.6,31.1,1,0,1,1,1,4.0,0,Highway_NH,0.2064,208.8,15.0
Maruti Suzuki,e Vitara,Medium Range,47.5,49.0,106,1620,0.28,2.35,0.011,93,400,74.6,43.2,1,0,0,1,3,1.0,0,Highway_NH,0.1925,246.7,15.0
Maruti Suzuki,e Vitara,Medium Range,41.9,49.0,106,1620,0.28,2.35,0.0116,93,400,101.5,37.3,0,0,0,1,3,4.8,-5,Expressway,0.1877,223.2,15.0
Maruti Suzuki,e Vitara,Medium Range,44.3,49.0,106,1620,0.28,2.35,0.0116,93,400,109.9,44.5,1,0,0,1,2,3.2,-5,Expressway,0.2276,194.6,15.0
Maruti Suzuki,e Vitara,Medium Range,44.7,49.0,106,1620,0.28,2.35,0.011,93,400,105.8,27.8,1,0,0,0,3,2.9,0,Expressway,0.1803,247.9,15.0
Maruti Suzuki,e Vitara,Medium Range,44.7,49.0,106,1620,0.28,2.35,0.0112,93,400,102.4,22.6,0,0,0,1,2,2.9,-2,Expressway,0.1674,267.1,15.0
Maruti Suzuki,e Vitara,Medium Range,47.4,49.0,106,1620,0.28,2.35,0.0112,93,400,112.6,42.7,1,0,0,2,3,1.1,-2,Expressway,0.2607,181.8,15.0
Maruti Suzuki,e Vitara,Medium Range,43.4,49.0,106,1620,0.28,2.35,0.0112,93,400,107.7,15.4,0,0,0,1,2,3.8,-2,Expressway,0.1894,229.1,15.0
Maruti Suzuki,e Vitara,Medium Range,47.7,49.0,106,1620,0.28,2.35,0.0116,93,400,80.2,16.2,0,0,0,0,4,0.9,-5,Expressway,0.1255,380.0,15.0
Maruti Suzuki,e Vitara,Medium Range,46.9,49.0,106,1620,0.28,2.35,0.011,93,400,101.7,41.0,0,0,0,2,4,1.4,0,Expressway,0.2228,210.5,15.0
Maruti Suzuki,e Vitara,Medium Range,45.0,49.0,106,1620,0.28,2.35,0.0112,93,400,36.0,8.5,1,2,1,2,3,2.7,2,Hill_Station,1.0112,44.5,15.0
Maruti Suzuki,e Vitara,Medium Range,42.8,49.0,106,1620,0.28,2.35,0.0112,93,400,25.8,10.6,1,2,2,1,5,4.2,-2,Hill_Station,1.07,40.0,15.0
Maruti Suzuki,e Vitara,Medium Range,42.7,49.0,106,1620,0.28,2.35,0.0112,93,400,31.4,28.1,0,2,2,1,5,4.3,-2,Hill_Station,1.0675,40.0,15.0
Maruti Suzuki,e Vitara,Medium Range,48.0,49.0,106,1620,0.28,2.35,0.011,93,400,32.6,12.5,0,2,0,1,4,0.7,0,Hill_Station,0.6015,79.8,15.0
Maruti Suzuki,e Vitara,Medium Range,42.7,49.0,106,1620,0.28,2.35,0.011,93,400,34.3,17.3,0,2,2,0,1,4.3,0,Hill_Station,0.9683,44.1,15.0
Maruti Suzuki,e Vitara,Medium Range,46.8,49.0,106,1620,0.28,2.35,0.011,93,400,20.8,23.8,0,2,1,2,2,1.5,0,Hill_Station,0.6903,67.8,15.0
Maruti Suzuki,e Vitara,Medium Range,49.0,49.0,106,1620,0.28,2.35,0.011,93,400,30.2,28.9,0,2,1,0,4,0.0,0,Hill_Station,0.5983,81.9,15.0
Maruti Suzuki,e Vitara,Medium Range,47.8,49.0,106,1620,0.28,2.35,0.011,93,400,25.1,5.9,0,2,1,0,1,0.8,0,Hill_Station,0.6035,79.2,15.0
Maruti Suzuki,e Vitara,Medium Range,48.3,49.0,106,1620,0.28,2.35,0.011,93,400,22.7,21.6,0,2,2,1,4,0.5,0,Hill_Station,1.2045,40.1,15.0
Maruti Suzuki,e Vitara,Medium Range,48.0,49.0,106,1620,0.28,2.35,0.0112,93,400,32.1,40.1,0,0,2,0,4,0.7,2,Rural_Road,0.218,220.2,15.0
Maruti Suzuki,e Vitara,Medium Range,46.4,49.0,106,1620,0.28,2.35,0.011,93,400,47.4,30.9,0,0,1,1,2,1.8,0,Rural_Road,0.1221,380.0,15.0
Maruti Suzuki,e Vitara,Medium Range,43.0,49.0,106,1620,0.28,2.35,0.0116,93,400,40.7,39.1,1,0,0,1,4,4.1,-5,Rural_Road,0.1394,308.5,15.0
Maruti Suzuki,e Vitara,Medium Range,48.7,49.0,106,1620,0.28,2.35,0.0116,93,400,56.0,19.0,0,0,0,1,3,0.2,-5,Rural_Road,0.1282,380.0,15.0
Maruti Suzuki,e Vitara,Medium Range,45.2,49.0,106,1620,0.28,2.35,0.0116,93,400,41.4,30.7,0,0,0,2,5,2.6,-5,Rural_Road,0.1189,380.0,15.0
Maruti Suzuki,e Vitara,Medium Range,43.9,49.0,106,1620,0.28,2.35,0.011,93,400,54.6,40.5,1,0,2,0,2,3.5,0,Rural_Road,0.3066,143.2,15.0
Maruti Suzuki,e Vitara,Medium Range,48.7,49.0,106,1620,0.28,2.35,0.0112,93,400,31.5,11.2,0,0,1,1,1,0.2,-2,Rural_Road,0.1282,380.0,15.0
Maruti Suzuki,e Vitara,Medium Range,46.8,49.0,106,1620,0.28,2.35,0.011,93,400,46.3,21.3,0,0,0,1,2,1.5,0,Rural_Road,0.1232,380.0,15.0
Maruti Suzuki,e Vitara,Medium Range,48.1,49.0,106,1620,0.28,2.35,0.0112,93,400,56.0,10.2,0,0,0,1,4,0.6,-2,Rural_Road,0.1266,380.0,15.0
Maruti Suzuki,e Vitara,Medium Range,46.2,49.0,106,1620,0.28,2.35,0.011,93,400,25.9,17.0,1,2,0,1,3,1.9,0,Ghat_Road,0.5304,87.1,15.0
Maruti Suzuki,e Vitara,Medium Range,45.0,49.0,106,1620,0.28,2.35,0.0112,93,400,26.5,28.8,0,2,0,1,3,2.7,-2,Ghat_Road,0.4934,91.2,15.0
Maruti Suzuki,e Vitara,Medium Range,41.9,49.0,106,1620,0.28,2.35,0.011,93,400,16.9,21.9,0,2,2,0,2,4.8,0,Ghat_Road,0.9976,42.0,15.0
Maruti Suzuki,e Vitara,Medium Range,45.3,49.0,106,1620,0.28,2.35,0.0112,93,400,19.5,19.2,0,2,2,1,4,2.5,2,Ghat_Road,1.1325,40.0,15.0
Maruti Suzuki,e Vitara,Medium Range,44.4,49.0,106,1620,0.28,2.35,0.0112,93,400,24.6,34.6,1,2,0,1,2,3.1,-2,Ghat_Road,0.5324,83.4,15.0
Maruti Suzuki,e Vitara,Medium Range,41.8,49.0,106,1620,0.28,2.35,0.011,93,400,31.3,11.1,0,2,1,2,5,4.9,0,Ghat_Road,1.0146,41.2,15.0
Maruti Suzuki,e Vitara,Medium Range,45.2,49.0,106,1620,0.28,2.35,0.0112,93,400,22.3,34.7,0,2,0,0,1,2.6,-2,Ghat_Road,0.4305,105.0,15.0
Maruti Suzuki,e Vitara,Medium Range,47.5,49.0,106,1620,0.28,2.35,0.0112,93,400,17.0,23.9,0,2,1,1,2,1.0,2,Ghat_Road,0.6805,69.8,15.0
Maruti Suzuki,e Vitara,Medium Range,42.2,49.0,106,1620,0.28,2.35,0.0116,93,400,15.1,21.4,0,2,2,2,1,4.6,-5,Ghat_Road,1.055,40.0,15.0
Maruti Suzuki,e Vitara,Medium Range,46.2,49.0,106,1620,0.28,2.35,0.011,93,400,29.0,12.7,0,2,2,0,2,1.9,0,Ghat_Road,1.082,42.7,15.0
Maruti Suzuki,e Vitara,Medium Range,46.6,49.0,106,1620,0.28,2.35,0.011,93,400,28.3,29.2,0,2,2,1,4,1.6,0,Ghat_Road,1.165,40.0,15.0
Maruti Suzuki,e Vitara,Medium Range,48.3,49.0,106,1620,0.28,2.35,0.011,93,400,31.1,30.6,1,2,0,0,4,0.5,0,Ghat_Road,0.4835,99.9,15.0
Toyota,Urban Cruiser EV,Long Range,56.1,61.0,144,1740,0.29,2.38,0.011,93,490,27.7,32.2,1,0,1,1,2,2.7,0,Delhi,0.2028,276.6,19.0
Toyota,Urban Cruiser EV,Long Range,54.2,61.0,144,1740,0.29,2.38,0.0119,93,490,25.8,16.6,0,0,2,2,3,3.7,-8,Delhi,0.2816,192.5,19.0
Toyota,Urban Cruiser EV,Long Range,56.6,61.0,144,1740,0.29,2.38,0.011,93,490,20.0,18.3,0,0,2,0,2,2.4,0,Delhi,0.1991,284.3,19.0
Toyota,Urban Cruiser EV,Long Range,59.0,61.0,144,1740,0.29,2.38,0.011,93,490,28.0,32.0,0,0,2,1,4,1.1,0,Delhi,0.2715,217.3,19.0
Toyota,Urban Cruiser EV,Long Range,53.5,61.0,144,1740,0.29,2.38,0.011,93,490,24.6,14.1,0,0,2,0,3,4.1,0,Delhi,0.2074,258.0,19.0
Toyota,Urban Cruiser EV,Long Range,57.2,61.0,144,1740,0.29,2.38,0.011,93,490,26.5,31.0,1,0,2,1,3,2.1,0,Delhi,0.3584,159.6,19.0
Toyota,Urban Cruiser EV,Long Range,55.7,61.0,144,1740,0.29,2.38,0.0119,93,490,27.8,46.6,0,0,2,1,2,2.9,-8,Delhi,0.261,213.4,19.0
Toyota,Urban Cruiser EV,Long Range,52.0,61.0,144,1740,0.29,2.38,0.011,93,490,24.6,31.9,0,0,2,0,4,4.9,0,Delhi,0.1992,261.0,19.0
Toyota,Urban Cruiser EV,Long Range,56.8,61.0,144,1740,0.29,2.38,0.011,93,490,24.7,28.7,0,0,2,2,3,2.3,0,Mumbai,0.2297,247.3,19.0
Toyota,Urban Cruiser EV,Long Range,57.9,61.0,144,1740,0.29,2.38,0.011,93,490,21.1,28.1,1,0,1,1,1,1.7,0,Mumbai,0.1822,317.8,19.0
Toyota,Urban Cruiser EV,Long Range,61.0,61.0,144,1740,0.29,2.38,0.011,93,490,26.1,35.3,0,0,1,1,1,0.0,0,Mumbai,0.131,465.5,19.0
Toyota,Urban Cruiser EV,Long Range,58.6,61.0,144,1740,0.29,2.38,0.0116,93,490,16.5,25.7,0,0,2,0,1,1.3,-5,Mumbai,0.1996,293.6,19.0
Toyota,Urban Cruiser EV,Long Range,57.9,61.0,144,1740,0.29,2.38,0.011,93,490,16.1,26.8,0,0,1,1,3,1.7,0,Mumbai,0.1244,465.5,19.0
Toyota,Urban Cruiser EV,Long Range,60.5,61.0,144,1740,0.29,2.38,0.011,93,490,21.9,30.8,0,0,2,0,2,0.3,0,Mumbai,0.1955,309.5,19.0
Toyota,Urban Cruiser EV,Long Range,57.2,61.0,144,1740,0.29,2.38,0.0116,93,490,17.4,23.9,0,0,1,0,2,2.1,-5,Mumbai,0.1229,465.5,19.0
Toyota,Urban Cruiser EV,Long Range,56.4,61.0,144,1740,0.29,2.38,0.011,93,490,17.0,27.7,0,0,1,0,4,2.5,0,Mumbai,0.1212,465.5,19.0
Toyota,Urban Cruiser EV,Long Range,59.5,61.0,144,1740,0.29,2.38,0.0112,93,490,12.1,35.9,0,0,1,1,1,0.8,2,Mumbai,0.1327,448.4,19.0
Toyota,Urban Cruiser EV,Long Range,54.6,61.0,144,1740,0.29,2.38,0.011,93,490,21.6,34.4,0,0,2,1,4,3.5,0,Mumbai,0.232,235.3,19.0
Toyota,Urban Cruiser EV,Long Range,52.8,61.0,144,1740,0.29,2.38,0.011,93,490,23.7,28.5,0,0,2,1,1,4.5,0,Mumbai,0.222,237.8,19.0
Toyota,Urban Cruiser EV,Long Range,52.9,61.0,144,1740,0.29,2.38,0.0112,93,490,18.7,19.5,0,1,2,1,4,4.4,-2,Bangalore,0.6596,80.2,19.0
Toyota,Urban Cruiser EV,Long Range,53.9,61.0,144,1740,0.29,2.38,0.011,93,490,25.0,19.2,0,1,2,0,2,3.9,0,Bangalore,0.571,94.4,19.0
Toyota,Urban Cruiser EV,Long Range,52.6,61.0,144,1740,0.29,2.38,0.0119,93,490,20.9,23.8,0,1,1,1,4,4.6,-8,Bangalore,0.397,132.5,19.0
Toyota,Urban Cruiser EV,Long Range,58.3,61.0,144,1740,0.29,2.38,0.0112,93,490,25.7,24.5,0,1,2,1,1,1.5,-2,Bangalore,0.5925,98.4,19.0
Toyota,Urban Cruiser EV,Long Range,56.8,61.0,144,1740,0.29,2.38,0.0112,93,490,15.8,25.3,1,1,0,1,1,2.3,-2,Bangalore,0.332,171.1,19.0
Toyota,Urban Cruiser EV,Long Range,56.2,61.0,144,1740,0.29,2.38,0.0119,93,490,24.1,33.8,1,1,0,1,2,2.6,-8,Bangalore,0.3335,168.5,19.0
Toyota,Urban Cruiser EV,Long Range,56.6,61.0,144,1740,0.29,2.38,0.0112,93,490,31.4,37.7,0,1,2,2,3,2.4,-2,Bangalore,0.7905,71.6,19.0
Toyota,Urban Cruiser EV,Long Range,60.3,61.0,144,1740,0.29,2.38,0.0119,93,490,20.4,16.8,0,1,2,2,4,0.4,-8,Bangalore,0.8689,69.4,19.0
Toyota,Urban Cruiser EV,Long Range,59.4,61.0,144,1740,0.29,2.38,0.0116,93,490,26.7,15.8,0,1,2,2,3,0.9,-5,Bangalore,0.7063,84.1,19.0
Toyota,Urban Cruiser EV,Long Range,53.1,61.0,144,1740,0.29,2.38,0.0116,93,490,24.4,34.4,0,1,1,1,1,4.3,-5,Bangalore,0.3627,146.4,19.0
Toyota,Urban Cruiser EV,Long Range,52.9,61.0,144,1740,0.29,2.38,0.011,93,490,22.0,35.1,1,1,1,1,4,4.4,0,Bangalore,0.5409,97.8,19.0
Toyota,Urban Cruiser EV,Long Range,52.0,61.0,144,1740,0.29,2.38,0.0116,93,490,33.3,30.5,0,1,1,1,2,4.9,-5,Bangalore,0.4217,123.3,19.0
Toyota,Urban Cruiser EV,Long Range,60.3,61.0,144,1740,0.29,2.38,0.0112,93,490,23.7,34.5,0,0,1,0,4,0.4,-2,Chennai,0.1295,465.5,19.0
Toyota,Urban Cruiser EV,Long Range,52.4,61.0,144,1740,0.29,2.38,0.0112,93,490,24.4,32.9,1,0,2,0,1,4.7,-2,Chennai,0.3308,158.4,19.0
Toyota,Urban Cruiser EV,Long Range,56.4,61.0,144,1740,0.29,2.38,0.011,93,490,33.9,29.0,1,0,2,1,1,2.5,0,Chennai,0.2725,207.0,19.0
Toyota,Urban Cruiser EV,Long Range,55.9,61.0,144,1740,0.29,2.38,0.0112,93,490,31.9,25.3,0,0,1,0,1,2.8,-2,Chennai,0.1268,441.0,19.0
Toyota,Urban Cruiser EV,Long Range,53.1,61.0,144,1740,0.29,2.38,0.0112,93,490,27.3,30.0,0,0,2,2,4,4.3,-2,Chennai,0.2607,203.7,19.0
Toyota,Urban Cruiser EV,Long Range,55.1,61.0,144,1740,0.29,2.38,0.011,93,490,33.1,25.4,0,0,1,0,2,3.2,0,Chennai,0.1184,465.5,19.0
Toyota,Urban Cruiser EV,Long Range,57.9,61.0,144,1740,0.29,2.38,0.0116,93,490,31.8,38.8,0,0,2,2,1,1.7,-5,Chennai,0.2546,227.4,19.0
Toyota,Urban Cruiser EV,Long Range,55.0,61.0,144,1740,0.29,2.38,0.011,93,490,33.9,35.3,0,0,1,1,3,3.3,0,Chennai,0.1401,392.5,19.0
Toyota,Urban Cruiser EV,Long Range,55.9,61.0,144,1740,0.29,2.38,0.0119,93,490,16.6,37.3,1,0,2,1,4,2.8,-8,Chennai,0.5432,102.9,19.0
Toyota,Urban Cruiser EV,Long Range,55.3,61.0,144,1740,0.29,2.38,0.011,93,490,26.1,23.4,0,0,2,0,2,3.1,0,Chennai,0.188,294.1,19.0
Toyota,Urban Cruiser EV,Long Range,54.4,61.0,144,1740,0.29,2.38,0.0116,93,490,37.5,22.8,0,1,0,0,1,3.6,-5,Pune,0.2467,220.5,19.0
Toyota,Urban Cruiser EV,Long Range,57.9,61.0,144,1740,0.29,2.38,0.0116,93,490,36.4,31.3,0,1,1,1,3,1.7,-5,Pune,0.4007,144.5,19.0
Toyota,Urban Cruiser EV,Long Range,56.2,61.0,144,1740,0.29,2.38,0.011,93,490,29.5,20.7,0,1,2,1,3,2.6,0,Pune,0.6675,84.2,19.0
Toyota,Urban Cruiser EV,Long Range,57.7,61.0,144,1740,0.29,2.38,0.011,93,490,30.3,15.5,0,1,0,1,2,1.8,0,Pune,0.2732,211.2,19.0
Toyota,Urban Cruiser EV,Long Range,56.6,61.0,144,1740,0.29,2.38,0.0112,93,490,19.5,12.8,0,1,0,1,1,2.4,-2,Pune,0.2974,190.3,19.0
Toyota,Urban Cruiser EV,Long Range,60.3,61.0,144,1740,0.29,2.38,0.011,93,490,36.9,27.6,1,1,2,1,2,0.4,0,Pune,0.7327,82.3,19.0
Toyota,Urban Cruiser EV,Long Range,60.6,61.0,144,1740,0.29,2.38,0.011,93,490,25.8,26.9,0,1,1,1,3,0.2,0,Pune,0.385,157.4,19.0
Toyota,Urban Cruiser EV,Long Range,55.0,61.0,144,1740,0.29,2.38,0.011,93,490,39.7,21.7,0,1,1,1,3,3.3,0,Pune,0.402,136.8,19.0
Toyota,Urban Cruiser EV,Long Range,58.3,61.0,144,1740,0.29,2.38,0.0112,93,490,36.0,18.3,0,1,1,2,1,1.5,2,Pune,0.4231,137.8,19.0
Toyota,Urban Cruiser EV,Long Range,56.4,61.0,144,1740,0.29,2.38,0.011,93,490,23.6,21.7,0,0,2,2,1,2.5,0,Hyderabad,0.2243,251.4,19.0
Toyota,Urban Cruiser EV,Long Range,54.2,61.0,144,1740,0.29,2.38,0.011,93,490,20.2,28.2,0,0,2,1,4,3.7,0,Hyderabad,0.2177,249.0,19.0
Toyota,Urban Cruiser EV,Long Range,58.3,61.0,144,1740,0.29,2.38,0.011,93,490,26.3,20.6,0,0,1,1,2,1.5,0,Hyderabad,0.1262,461.8,19.0
Toyota,Urban Cruiser EV,Long Range,55.7,61.0,144,1740,0.29,2.38,0.0112,93,490,34.8,34.1,0,0,0,1,4,2.9,-2,Hyderabad,0.1197,465.5,19.0
Toyota,Urban Cruiser EV,Long Range,56.8,61.0,144,1740,0.29,2.38,0.011,93,490,18.5,37.4,1,0,1,1,2,2.3,0,Hyderabad,0.3381,168.0,19.0
Toyota,Urban Cruiser EV,Long Range,56.2,61.0,144,1740,0.29,2.38,0.0116,93,490,31.8,40.7,1,0,0,1,2,2.6,-5,Hyderabad,0.1957,287.2,19.0
Toyota,Urban Cruiser EV,Long Range,51.9,61.0,144,1740,0.29,2.38,0.011,93,490,15.9,33.4,1,0,2,1,2,5.0,0,Hyderabad,0.4693,110.6,19.0
Toyota,Urban Cruiser EV,Long Range,52.8,61.0,144,1740,0.29,2.38,0.0112,93,490,21.2,16.1,0,0,2,0,2,4.5,-2,Hyderabad,0.2032,259.9,19.0
Toyota,Urban Cruiser EV,Long Range,57.2,61.0,144,1740,0.29,2.38,0.011,93,490,32.4,42.9,1,0,2,1,4,2.1,0,Hyderabad,0.4831,118.4,19.0
Toyota,Urban Cruiser EV,Long Range,55.0,61.0,144,1740,0.29,2.38,0.0112,93,490,18.1,36.0,1,0,2,0,3,3.3,-2,Hyderabad,0.4283,128.4,19.0
Toyota,Urban Cruiser EV,Long Range,60.8,61.0,144,1740,0.29,2.38,0.011,93,490,24.8,17.4,0,0,2,1,3,0.1,0,Hyderabad,0.2127,285.8,19.0
Toyota,Urban Cruiser EV,Long Range,56.1,61.0,144,1740,0.29,2.38,0.011,93,490,17.1,39.5,0,0,0,1,3,2.7,0,Kolkata,0.1205,465.5,19.0
Toyota,Urban Cruiser EV,Long Range,55.7,61.0,144,1740,0.29,2.38,0.0119,93,490,21.4,35.0,1,0,1,1,3,2.9,-8,Kolkata,0.2971,187.5,19.0
Toyota,Urban Cruiser EV,Long Range,57.3,61.0,144,1740,0.29,2.38,0.0112,93,490,20.5,33.0,1,0,2,2,3,2.0,-2,Kolkata,0.4591,124.8,19.0
Toyota,Urban Cruiser EV,Long Range,60.6,61.0,144,1740,0.29,2.38,0.0119,93,490,19.5,30.3,1,0,2,2,3,0.2,-8,Kolkata,0.5166,117.3,19.0
Toyota,Urban Cruiser EV,Long Range,60.6,61.0,144,1740,0.29,2.38,0.011,93,490,12.6,38.2,1,0,1,1,2,0.2,0,Kolkata,0.3809,159.1,19.0
Toyota,Urban Cruiser EV,Long Range,55.3,61.0,144,1740,0.29,2.38,0.011,93,490,26.0,21.5,0,0,2,2,3,3.1,0,Kolkata,0.2351,235.2,19.0
Toyota,Urban Cruiser EV,Long Range,60.8,61.0,144,1740,0.29,2.38,0.011,93,490,22.2,35.9,1,0,0,1,2,0.1,0,Kolkata,0.1888,322.1,19.0
Toyota,Urban Cruiser EV,Long Range,53.9,61.0,144,1740,0.29,2.38,0.0116,93,490,27.2,20.0,0,0,2,0,1,3.9,-5,Kolkata,0.2064,261.1,19.0
Toyota,Urban Cruiser EV,Long Range,57.5,61.0,144,1740,0.29,2.38,0.011,93,490,89.3,33.9,1,0,1,2,2,1.9,0,Highway_NH,0.2979,193.0,19.0
Toyota,Urban Cruiser EV,Long Range,55.5,61.0,144,1740,0.29,2.38,0.0112,93,490,77.5,31.2,1,0,2,2,2,3.0,-2,Highway_NH,0.4339,127.9,19.0
Toyota,Urban Cruiser EV,Long Range,53.9,61.0,144,1740,0.29,2.38,0.011,93,490,91.6,15.4,0,0,1,1,3,3.9,0,Highway_NH,0.2344,229.9,19.0
Toyota,Urban Cruiser EV,Long Range,60.8,61.0,144,1740,0.29,2.38,0.011,93,490,93.6,34.3,0,0,0,1,1,0.1,0,Highway_NH,0.1933,314.5,19.0
Toyota,Urban Cruiser EV,Long Range,59.0,61.0,144,1740,0.29,2.38,0.0112,93,490,97.3,24.6,0,0,2,1,2,1.1,2,Highway_NH,0.4357,135.4,19.0
Toyota,Urban Cruiser EV,Long Range,58.6,61.0,144,1740,0.29,2.38,0.0116,93,490,89.5,22.2,0,0,0,1,3,1.3,-5,Highway_NH,0.1728,339.1,19.0
Toyota,Urban Cruiser EV,Long Range,58.3,61.0,144,1740,0.29,2.38,0.0116,93,490,79.3,38.8,1,0,0,0,1,1.5,-5,Highway_NH,0.1734,336.2,19.0
Toyota,Urban Cruiser EV,Long Range,58.4,61.0,144,1740,0.29,2.38,0.0119,93,490,83.6,38.2,1,0,1,2,3,1.4,-8,Highway_NH,0.2972,196.5,19.0
Toyota,Urban Cruiser EV,Long Range,55.1,61.0,144,1740,0.29,2.38,0.011,93,490,116.8,19.6,0,0,0,1,1,3.2,0,Expressway,0.2652,207.8,19.0
Toyota,Urban Cruiser EV,Long Range,52.9,61.0,144,1740,0.29,2.38,0.011,93,490,88.4,18.2,0,0,0,2,1,4.4,0,Expressway,0.1842,287.2,19.0
Toyota,Urban Cruiser EV,Long Range,59.7,61.0,144,1740,0.29,2.38,0.0116,93,490,117.5,40.4,0,0,0,1,2,0.7,-5,Expressway,0.2544,234.7,19.0
Toyota,Urban Cruiser EV,Long Range,56.6,61.0,144,1740,0.29,2.38,0.0119,93,490,112.7,44.4,1,0,1,0,1,2.4,-8,Expressway,0.3253,174.0,19.0
Toyota,Urban Cruiser EV,Long Range,59.7,61.0,144,1740,0.29,2.38,0.011,93,490,107.9,36.4,0,0,0,2,3,0.7,0,Expressway,0.2445,244.2,19.0
Toyota,Urban Cruiser EV,Long Range,52.9,61.0,144,1740,0.29,2.38,0.0116,93,490,94.2,37.2,1,0,0,1,1,4.4,-5,Expressway,0.2079,254.4,19.0
Toyota,Urban Cruiser EV,Long Range,58.1,61.0,144,1740,0.29,2.38,0.011,93,490,98.1,24.7,0,0,2,2,1,1.6,0,Expressway,0.535,108.6,19.0
Toyota,Urban Cruiser EV,Long Range,55.0,61.0,144,1740,0.29,2.38,0.0119,93,490,85.2,16.9,0,0,1,1,2,3.3,-8,Expressway,0.2549,215.8,19.0
Toyota,Urban Cruiser EV,Long Range,53.7,61.0,144,1740,0.29,2.38,0.011,93,490,92.7,22.8,0,0,0,2,3,4.0,0,Expressway,0.2232,240.6,19.0
Toyota,Urban Cruiser EV,Long Range,55.9,61.0,144,1740,0.29,2.38,0.0112,93,490,38.4,25.4,0,2,0,0,3,2.8,-2,Hill_Station,0.5722,97.7,19.0
Toyota,Urban Cruiser EV,Long Range,60.3,61.0,144,1740,0.29,2.38,0.011,93,490,20.1,12.2,0,2,2,1,1,0.4,0,Hill_Station,1.2306,49.0,19.0
Toyota,Urban Cruiser EV,Long Range,58.3,61.0,144,1740,0.29,2.38,0.0116,93,490,39.5,28.9,1,2,1,2,2,1.5,-5,Hill_Station,1.0411,56.0,19.0
Toyota,Urban Cruiser EV,Long Range,56.4,61.0,144,1740,0.29,2.38,0.011,93,490,27.1,22.0,0,2,0,0,4,2.5,0,Hill_Station,0.5629,100.2,19.0
Toyota,Urban Cruiser EV,Long Range,57.0,61.0,144,1740,0.29,2.38,0.0112,93,490,32.6,7.7,0,2,1,1,2,2.2,-2,Hill_Station,0.9299,61.3,19.0
Toyota,Urban Cruiser EV,Long Range,60.5,61.0,144,1740,0.29,2.38,0.0112,93,490,32.5,7.5,0,2,1,0,4,0.3,-2,Hill_Station,0.9167,66.0,19.0
Toyota,Urban Cruiser EV,Long Range,56.1,61.0,144,1740,0.29,2.38,0.0112,93,490,23.4,20.0,0,2,1,1,5,2.7,-2,Hill_Station,0.8604,65.2,19.0
Toyota,Urban Cruiser EV,Long Range,55.0,61.0,144,1740,0.29,2.38,0.011,93,490,33.2,17.1,0,2,1,0,1,3.3,0,Hill_Station,0.6433,85.5,19.0
Toyota,Urban Cruiser EV,Long Range,59.9,61.0,144,1740,0.29,2.38,0.0116,93,490,39.9,22.4,0,0,0,1,3,0.6,-5,Rural_Road,0.1287,465.5,19.0
Toyota,Urban Cruiser EV,Long Range,59.7,61.0,144,1740,0.29,2.38,0.0112,93,490,36.1,18.0,0,0,0,2,4,0.7,-2,Rural_Road,0.1298,459.9,19.0
Toyota,Urban Cruiser EV,Long Range,57.7,61.0,144,1740,0.29,2.38,0.011,93,490,43.4,43.6,1,0,0,2,2,1.8,0,Rural_Road,0.2198,262.5,19.0
Toyota,Urban Cruiser EV,Long Range,55.1,61.0,144,1740,0.29,2.38,0.011,93,490,42.3,40.8,0,0,0,1,5,3.2,0,Rural_Road,0.1207,456.5,19.0
Toyota,Urban Cruiser EV,Long Range,54.4,61.0,144,1740,0.29,2.38,0.0112,93,490,54.7,44.5,0,0,0,0,1,3.6,2,Rural_Road,0.1169,465.5,19.0
Toyota,Urban Cruiser EV,Long Range,61.0,61.0,144,1740,0.29,2.38,0.011,93,490,43.7,39.9,0,0,1,0,3,0.0,0,Rural_Road,0.1416,430.9,19.0
Toyota,Urban Cruiser EV,Long Range,55.9,61.0,144,1740,0.29,2.38,0.0119,93,490,53.5,18.3,0,0,1,1,2,2.8,-8,Rural_Road,0.1721,324.9,19.0
Toyota,Urban Cruiser EV,Long Range,58.3,61.0,144,1740,0.29,2.38,0.0112,93,490,55.2,28.5,0,0,0,2,2,1.5,-2,Rural_Road,0.1408,414.1,19.0
Toyota,Urban Cruiser EV,Long Range,55.0,61.0,144,1740,0.29,2.38,0.011,93,490,46.9,12.0,0,0,0,2,2,3.3,0,Rural_Road,0.1301,422.8,19.0
Toyota,Urban Cruiser EV,Long Range,60.6,61.0,144,1740,0.29,2.38,0.0112,93,490,20.6,22.0,1,2,1,1,2,0.2,-2,Ghat_Road,0.8189,74.0,19.0
Toyota,Urban Cruiser EV,Long Range,58.1,61.0,144,1740,0.29,2.38,0.011,93,490,34.4,20.6,1,2,0,1,1,1.6,0,Ghat_Road,0.5947,97.7,19.0
Toyota,Urban Cruiser EV,Long Range,60.5,61.0,144,1740,0.29,2.38,0.0116,93,490,26.9,34.6,1,2,1,0,1,0.3,-5,Ghat_Road,0.7796,77.6,19.0
Toyota,Urban Cruiser EV,Long Range,60.6,61.0,144,1740,0.29,2.38,0.011,93,490,26.4,21.9,0,2,0,0,2,0.2,0,Ghat_Road,0.5211,116.3,19.0
Toyota,Urban Cruiser EV,Long Range,60.6,61.0,144,1740,0.29,2.38,0.0116,93,490,24.7,23.0,0,2,0,1,2,0.2,-5,Ghat_Road,0.6209,97.6,19.0
Toyota,Urban Cruiser EV,Long Range,56.6,61.0,144,1740,0.29,2.38,0.011,93,490,24.2,21.7,1,2,1,2,2,2.4,0,Ghat_Road,0.9203,61.5,19.0
Toyota,Urban Cruiser EV,Long Range,58.3,61.0,144,1740,0.29,2.38,0.011,93,490,26.6,11.7,0,2,2,1,4,1.5,0,Ghat_Road,1.1898,49.0,19.0
Toyota,Urban Cruiser EV,Long Range,57.5,61.0,144,1740,0.29,2.38,0.0112,93,490,27.4,15.3,1,2,2,0,4,1.9,2,Ghat_Road,1.1735,49.0,19.0
Rolls-Royce,Spectre,Standard,94.7,102.0,430,2975,0.25,2.8,0.0102,94,530,27.6,13.8,0,0,2,1,1,2.4,-2,Delhi,0.2486,380.9,750.0
Rolls-Royce,Spectre,Standard,92.8,102.0,430,2975,0.25,2.8,0.0108,94,530,20.5,18.0,0,0,1,2,1,3.0,-8,Delhi,0.1843,503.5,750.0
Rolls-Royce,Spectre,Standard,94.7,102.0,430,2975,0.25,2.8,0.0105,94,530,15.1,10.2,0,0,2,0,4,2.4,-5,Delhi,0.2412,392.6,750.0
Rolls-Royce,Spectre,Standard,96.2,102.0,430,2975,0.25,2.8,0.0102,94,530,32.3,18.7,0,0,2,1,2,1.9,-2,Delhi,0.2143,448.9,750.0
Rolls-Royce,Spectre,Standard,101.7,102.0,430,2975,0.25,2.8,0.0108,94,530,22.8,17.5,0,0,2,1,2,0.1,-8,Delhi,0.2384,426.6,750.0
Rolls-Royce,Spectre,Standard,96.8,102.0,430,2975,0.25,2.8,0.01,94,530,30.1,31.7,0,0,2,1,2,1.7,0,Delhi,0.1962,493.4,750.0
Rolls-Royce,Spectre,Standard,93.4,102.0,430,2975,0.25,2.8,0.0108,94,530,31.5,15.7,0,0,2,1,2,2.8,-8,Delhi,0.2384,391.8,750.0
Rolls-Royce,Spectre,Standard,91.3,102.0,430,2975,0.25,2.8,0.0102,94,530,25.1,33.2,0,0,1,0,3,3.5,-2,Delhi,0.1813,503.5,750.0
Rolls-Royce,Spectre,Standard,92.8,102.0,430,2975,0.25,2.8,0.0108,94,530,22.3,25.3,0,0,2,2,1,3.0,-8,Delhi,0.2567,361.5,750.0
Rolls-Royce,Spectre,Standard,94.7,102.0,430,2975,0.25,2.8,0.0102,94,530,15.9,37.8,0,0,1,1,3,2.4,-2,Mumbai,0.1881,503.5,750.0
Rolls-Royce,Spectre,Standard,98.0,102.0,430,2975,0.25,2.8,0.01,94,530,21.6,29.9,0,0,2,1,2,1.3,0,Mumbai,0.2191,447.2,750.0
Rolls-Royce,Spectre,Standard,99.9,102.0,430,2975,0.25,2.8,0.0102,94,530,16.2,33.2,1,0,2,1,4,0.7,-2,Mumbai,0.3938,253.7,750.0
Rolls-Royce,Spectre,Standard,91.3,102.0,430,2975,0.25,2.8,0.0102,94,530,14.8,32.0,0,0,2,2,1,3.5,-2,Mumbai,0.2473,369.2,750.0
Rolls-Royce,Spectre,Standard,93.7,102.0,430,2975,0.25,2.8,0.0102,94,530,29.6,37.4,1,0,2,2,1,2.7,-2,Mumbai,0.3894,240.6,750.0
Rolls-Royce,Spectre,Standard,98.3,102.0,430,2975,0.25,2.8,0.01,94,530,27.1,33.0,1,0,1,1,2,1.2,0,Mumbai,0.1952,503.5,750.0
Rolls-Royce,Spectre,Standard,89.1,102.0,430,2975,0.25,2.8,0.01,94,530,23.2,30.2,0,0,2,0,4,4.2,0,Mumbai,0.1971,452.0,750.0
Rolls-Royce,Spectre,Standard,87.3,102.0,430,2975,0.25,2.8,0.0108,94,530,19.5,24.4,0,0,2,2,5,4.8,-8,Mumbai,0.2503,348.8,750.0
Rolls-Royce,Spectre,Standard,91.6,102.0,430,2975,0.25,2.8,0.0108,94,530,28.8,29.4,0,0,2,1,2,3.4,-8,Mumbai,0.2433,376.5,750.0
Rolls-Royce,Spectre,Standard,99.6,102.0,430,2975,0.25,2.8,0.01,94,530,19.9,37.1,0,1,2,1,1,0.8,0,Bangalore,0.7351,135.5,750.0
Rolls-Royce,Spectre,Standard,100.2,102.0,430,2975,0.25,2.8,0.0105,94,530,20.3,15.0,0,1,2,2,4,0.6,-5,Bangalore,0.7896,126.9,750.0
Rolls-Royce,Spectre,Standard,95.6,102.0,430,2975,0.25,2.8,0.0102,94,530,25.0,28.8,0,1,0,1,2,2.1,-2,Bangalore,0.3246,294.5,750.0
Rolls-Royce,Spectre,Standard,93.4,102.0,430,2975,0.25,2.8,0.0102,94,530,17.6,17.9,0,1,2,1,1,2.8,-2,Bangalore,0.7687,121.5,750.0
Rolls-Royce,Spectre,Standard,88.8,102.0,430,2975,0.25,2.8,0.01,94,530,31.7,18.9,0,1,2,0,3,4.3,0,Bangalore,0.5877,151.1,750.0
Rolls-Royce,Spectre,Standard,94.7,102.0,430,2975,0.25,2.8,0.01,94,530,24.2,30.8,0,1,1,0,2,2.4,0,Bangalore,0.3776,250.8,750.0
Rolls-Royce,Spectre,Standard,97.4,102.0,430,2975,0.25,2.8,0.0105,94,530,19.2,26.2,0,1,2,1,1,1.5,-5,Bangalore,0.6972,139.7,750.0
Rolls-Royce,Spectre,Standard,100.5,102.0,430,2975,0.25,2.8,0.01,94,530,17.8,25.8,0,1,2,1,2,0.5,0,Bangalore,0.7926,126.8,750.0
Rolls-Royce,Spectre,Standard,96.5,102.0,430,2975,0.25,2.8,0.0108,94,530,20.7,36.5,1,0,2,2,4,1.8,-8,Chennai,0.447,215.9,750.0
Rolls-Royce,Spectre,Standard,95.9,102.0,430,2975,0.25,2.8,0.01,94,530,34.5,30.6,1,0,2,1,2,2.0,0,Chennai,0.326,294.2,750.0
Rolls-Royce,Spectre,Standard,92.2,102.0,430,2975,0.25,2.8,0.0105,94,530,33.6,37.9,1,0,1,1,2,3.2,-5,Chennai,0.2176,423.8,750.0
Rolls-Royce,Spectre,Standard,88.5,102.0,430,2975,0.25,2.8,0.0105,94,530,16.7,37.8,1,0,2,1,4,4.4,-5,Chennai,0.4311,205.3,750.0
Rolls-Royce,Spectre,Standard,100.8,102.0,430,2975,0.25,2.8,0.01,94,530,30.6,38.8,0,0,1,0,1,0.4,0,Chennai,0.2002,503.5,750.0
Rolls-Royce,Spectre,Standard,89.1,102.0,430,2975,0.25,2.8,0.0102,94,530,16.2,26.9,1,0,1,2,1,4.2,2,Chennai,0.2226,400.2,750.0
Rolls-Royce,Spectre,Standard,89.5,102.0,430,2975,0.25,2.8,0.01,94,530,23.1,30.2,0,0,1,1,3,4.1,0,Chennai,0.1778,503.5,750.0
Rolls-Royce,Spectre,Standard,87.6,102.0,430,2975,0.25,2.8,0.0102,94,530,18.8,25.4,0,0,2,1,4,4.7,-2,Chennai,0.2169,403.8,750.0
Rolls-Royce,Spectre,Standard,91.6,102.0,430,2975,0.25,2.8,0.0102,94,530,33.6,24.2,0,0,2,1,4,3.4,2,Chennai,0.2242,408.6,750.0
Rolls-Royce,Spectre,Standard,89.1,102.0,430,2975,0.25,2.8,0.0102,94,530,19.6,32.9,1,0,1,1,1,4.2,-2,Chennai,0.2078,428.7,750.0
Rolls-Royce,Spectre,Standard,89.5,102.0,430,2975,0.25,2.8,0.0102,94,530,17.4,23.1,0,0,2,1,1,4.1,-2,Chennai,0.2107,424.8,750.0
Rolls-Royce,Spectre,Standard,90.4,102.0,430,2975,0.25,2.8,0.0108,94,530,33.4,30.9,1,1,1,1,3,3.8,-8,Pune,0.4913,184.0,750.0
Rolls-Royce,Spectre,Standard,100.2,102.0,430,2975,0.25,2.8,0.01,94,530,35.1,26.0,0,1,0,1,1,0.6,0,Pune,0.2983,335.9,750.0
Rolls-Royce,Spectre,Standard,91.9,102.0,430,2975,0.25,2.8,0.0105,94,530,34.1,33.6,0,1,2,1,2,3.3,-5,Pune,0.7119,129.1,750.0
Rolls-Royce,Spectre,Standard,93.4,102.0,430,2975,0.25,2.8,0.0105,94,530,21.5,27.5,0,1,1,1,1,2.8,-5,Pune,0.431,216.7,750.0
Rolls-Royce,Spectre,Standard,92.5,102.0,430,2975,0.25,2.8,0.0102,94,530,21.1,29.8,0,1,0,1,2,3.1,2,Pune,0.3489,265.1,750.0
Rolls-Royce,Spectre,Standard,98.9,102.0,430,2975,0.25,2.8,0.0102,94,530,18.9,31.8,1,1,2,1,2,1.0,2,Pune,0.8691,113.8,750.0
Rolls-Royce,Spectre,Standard,88.5,102.0,430,2975,0.25,2.8,0.0108,94,530,22.6,27.8,0,1,1,1,3,4.4,-8,Pune,0.4436,199.5,750.0
Rolls-Royce,Spectre,Standard,87.9,102.0,430,2975,0.25,2.8,0.01,94,530,25.7,37.4,1,1,2,1,1,4.6,0,Pune,0.8057,109.1,750.0
Rolls-Royce,Spectre,Standard,100.8,102.0,430,2975,0.25,2.8,0.01,94,530,23.8,18.1,0,1,2,1,1,0.4,0,Pune,0.689,146.3,750.0
Rolls-Royce,Spectre,Standard,90.1,102.0,430,2975,0.25,2.8,0.0102,94,530,22.7,16.6,0,1,0,0,1,3.9,-2,Pune,0.2582,348.9,750.0
Rolls-Royce,Spectre,Standard,95.3,102.0,430,2975,0.25,2.8,0.01,94,530,26.6,15.1,0,0,0,0,3,2.2,0,Hyderabad,0.1893,503.5,750.0
Rolls-Royce,Spectre,Standard,88.2,102.0,430,2975,0.25,2.8,0.0105,94,530,22.3,33.6,0,0,2,1,2,4.5,-5,Hyderabad,0.2049,430.4,750.0
Rolls-Royce,Spectre,Standard,91.0,102.0,430,2975,0.25,2.8,0.0108,94,530,21.9,29.6,1,0,2,0,2,3.6,-8,Hyderabad,0.2807,324.2,750.0
Rolls-Royce,Spectre,Standard,88.5,102.0,430,2975,0.25,2.8,0.0102,94,530,31.1,21.3,1,0,1,1,1,4.4,-2,Hyderabad,0.1758,503.5,750.0
Rolls-Royce,Spectre,Standard,87.3,102.0,430,2975,0.25,2.8,0.0105,94,530,22.7,41.4,0,0,2,1,5,4.8,-5,Hyderabad,0.2345,372.3,750.0
Rolls-Royce,Spectre,Standard,96.8,102.0,430,2975,0.25,2.8,0.01,94,530,32.6,27.6,1,0,1,2,2,1.7,0,Hyderabad,0.1923,503.5,750.0
Rolls-Royce,Spectre,Standard,90.7,102.0,430,2975,0.25,2.8,0.0105,94,530,21.3,31.6,0,0,2,2,5,3.7,-5,Hyderabad,0.2473,366.7,750.0
Rolls-Royce,Spectre,Standard,87.6,102.0,430,2975,0.25,2.8,0.0105,94,530,28.1,42.0,1,0,2,2,2,4.7,-5,Hyderabad,0.4474,195.8,750.0
Rolls-Royce,Spectre,Standard,96.2,102.0,430,2975,0.25,2.8,0.01,94,530,16.0,30.1,0,0,2,1,1,1.9,0,Hyderabad,0.2034,473.0,750.0
Rolls-Royce,Spectre,Standard,95.0,102.0,430,2975,0.25,2.8,0.0102,94,530,24.7,18.3,0,0,0,1,1,2.3,-2,Hyderabad,0.1887,503.5,750.0
Rolls-Royce,Spectre,Standard,92.8,102.0,430,2975,0.25,2.8,0.0102,94,530,29.9,27.5,1,0,2,2,4,3.0,-2,Hyderabad,0.3116,297.8,750.0
Rolls-Royce,Spectre,Standard,87.0,102.0,430,2975,0.25,2.8,0.0102,94,530,19.9,18.4,0,0,2,2,5,4.9,-2,Kolkata,0.2613,332.9,750.0
Rolls-Royce,Spectre,Standard,100.5,102.0,430,2975,0.25,2.8,0.0102,94,530,12.8,40.3,1,0,2,2,2,0.5,2,Kolkata,0.6941,144.8,750.0
Rolls-Royce,Spectre,Standard,88.5,102.0,430,2975,0.25,2.8,0.0102,94,530,21.1,37.2,1,0,1,1,1,4.4,-2,Kolkata,0.225,393.3,750.0
Rolls-Royce,Spectre,Standard,101.1,102.0,430,2975,0.25,2.8,0.0105,94,530,25.1,18.5,0,0,2,0,2,0.3,-5,Kolkata,0.2008,503.5,750.0
Rolls-Royce,Spectre,Standard,89.1,102.0,430,2975,0.25,2.8,0.0102,94,530,18.5,13.8,0,0,0,0,2,4.2,-2,Kolkata,0.177,503.5,750.0
Rolls-Royce,Spectre,Standard,95.0,102.0,430,2975,0.25,2.8,0.0105,94,530,15.4,36.2,0,0,0,1,3,2.3,-5,Kolkata,0.1887,503.5,750.0
Rolls-Royce,Spectre,Standard,92.2,102.0,430,2975,0.25,2.8,0.0105,94,530,15.8,31.8,0,0,2,0,5,3.2,-5,Kolkata,0.2344,393.3,750.0
Rolls-Royce,Spectre,Standard,87.9,102.0,430,2975,0.25,2.8,0.01,94,530,15.9,23.6,1,0,1,1,2,4.6,0,Kolkata,0.1746,503.5,750.0
Rolls-Royce,Spectre,Standard,98.0,102.0,430,2975,0.25,2.8,0.0102,94,530,13.6,39.2,1,0,2,1,5,1.3,-2,Kolkata,0.4718,207.7,750.0
Rolls-Royce,Spectre,Standard,95.0,102.0,430,2975,0.25,2.8,0.0105,94,530,71.8,36.0,1,0,1,1,3,2.3,-5,Highway_NH,0.2052,463.0,750.0
Rolls-Royce,Spectre,Standard,96.5,102.0,430,2975,0.25,2.8,0.01,94,530,87.5,34.8,1,0,0,1,2,1.8,0,Highway_NH,0.1917,503.5,750.0
Rolls-Royce,Spectre,Standard,91.9,102.0,430,2975,0.25,2.8,0.01,94,530,79.7,23.0,0,0,2,1,2,3.3,0,Highway_NH,0.2979,308.5,750.0
Rolls-Royce,Spectre,Standard,98.6,102.0,430,2975,0.25,2.8,0.01,94,530,92.0,19.9,1,0,2,1,1,1.1,0,Highway_NH,0.3958,249.1,750.0
Rolls-Royce,Spectre,Standard,91.3,102.0,430,2975,0.25,2.8,0.01,94,530,98.4,40.0,1,0,0,1,3,3.5,0,Highway_NH,0.183,498.9,750.0
Rolls-Royce,Spectre,Standard,101.4,102.0,430,2975,0.25,2.8,0.0105,94,530,86.3,26.4,0,0,2,0,1,0.2,-5,Highway_NH,0.3023,335.4,750.0
Rolls-Royce,Spectre,Standard,90.4,102.0,430,2975,0.25,2.8,0.0102,94,530,90.2,34.3,0,0,0,1,2,3.8,2,Highway_NH,0.1795,503.5,750.0
Rolls-Royce,Spectre,Standard,97.1,102.0,430,2975,0.25,2.8,0.0108,94,530,83.3,40.3,0,0,2,0,4,1.6,-8,Highway_NH,0.3249,298.9,750.0
Rolls-Royce,Spectre,Standard,95.0,102.0,430,2975,0.25,2.8,0.01,94,530,81.4,37.2,1,0,0,1,1,2.3,0,Highway_NH,0.1887,503.5,750.0
Rolls-Royce,Spectre,Standard,91.3,102.0,430,2975,0.25,2.8,0.01,94,530,93.8,42.0,0,0,0,0,1,3.5,0,Highway_NH,0.1813,503.5,750.0
Rolls-Royce,Spectre,Standard,91.0,102.0,430,2975,0.25,2.8,0.01,94,530,110.2,40.2,0,0,2,1,2,3.6,0,Expressway,0.484,188.0,750.0
Rolls-Royce,Spectre,Standard,98.3,102.0,430,2975,0.25,2.8,0.01,94,530,103.1,29.7,0,0,1,1,1,1.2,0,Expressway,0.2218,443.1,750.0
Rolls-Royce,Spectre,Standard,98.9,102.0,430,2975,0.25,2.8,0.0105,94,530,91.1,16.6,0,0,0,1,3,1.0,-5,Expressway,0.1964,503.5,750.0
Rolls-Royce,Spectre,Standard,94.4,102.0,430,2975,0.25,2.8,0.0105,94,530,107.2,38.1,1,0,0,0,1,2.5,-5,Expressway,0.1875,503.5,750.0
Rolls-Royce,Spectre,Standard,96.8,102.0,430,2975,0.25,2.8,0.0102,94,530,84.5,16.1,0,0,0,1,2,1.7,-2,Expressway,0.1923,503.5,750.0
Rolls-Royce,Spectre,Standard,93.1,102.0,430,2975,0.25,2.8,0.0105,94,530,109.2,37.7,0,0,0,1,2,2.9,-5,Expressway,0.2002,465.0,750.0
Rolls-Royce,Spectre,Standard,96.8,102.0,430,2975,0.25,2.8,0.0102,94,530,101.4,44.2,1,0,1,1,2,1.7,2,Expressway,0.2877,336.5,750.0
Rolls-Royce,Spectre,Standard,98.9,102.0,430,2975,0.25,2.8,0.0102,94,530,97.1,27.2,0,0,2,1,3,1.0,-2,Expressway,0.3914,252.7,750.0
Rolls-Royce,Spectre,Standard,99.9,102.0,430,2975,0.25,2.8,0.0105,94,530,98.7,23.9,0,0,0,2,5,0.7,-5,Expressway,0.2137,467.4,750.0
Rolls-Royce,Spectre,Standard,91.6,102.0,430,2975,0.25,2.8,0.0108,94,530,90.1,43.9,1,0,0,1,2,3.4,-8,Expressway,0.1993,459.5,750.0
Rolls-Royce,Spectre,Standard,100.2,102.0,430,2975,0.25,2.8,0.0108,94,530,94.2,31.7,1,0,1,0,4,0.6,-8,Expressway,0.2305,434.7,750.0
Rolls-Royce,Spectre,Standard,98.3,102.0,430,2975,0.25,2.8,0.0105,94,530,39.7,16.4,0,2,2,1,4,1.2,-5,Hill_Station,1.6746,58.7,750.0
Rolls-Royce,Spectre,Standard,96.8,102.0,430,2975,0.25,2.8,0.0102,94,530,23.1,16.2,0,2,1,0,1,1.7,-2,Hill_Station,0.8705,111.2,750.0
Rolls-Royce,Spectre,Standard,92.2,102.0,430,2975,0.25,2.8,0.0102,94,530,23.6,6.5,0,2,2,2,3,3.2,-2,Hill_Station,1.7396,53.0,750.0
Rolls-Royce,Spectre,Standard,95.9,102.0,430,2975,0.25,2.8,0.0102,94,530,31.9,9.1,0,2,0,2,1,2.0,-2,Hill_Station,0.8855,108.3,750.0
Rolls-Royce,Spectre,Standard,101.7,102.0,430,2975,0.25,2.8,0.0102,94,530,24.8,26.4,1,2,1,1,1,0.1,2,Hill_Station,0.9229,110.2,750.0
Rolls-Royce,Spectre,Standard,89.1,102.0,430,2975,0.25,2.8,0.0108,94,530,20.6,23.5,0,2,0,1,5,4.2,-8,Hill_Station,0.7382,120.7,750.0
Rolls-Royce,Spectre,Standard,91.6,102.0,430,2975,0.25,2.8,0.0102,94,530,38.1,8.5,0,2,2,2,1,3.4,-2,Hill_Station,1.7283,53.0,750.0
Rolls-Royce,Spectre,Standard,90.7,102.0,430,2975,0.25,2.8,0.01,94,530,26.9,14.4,0,2,1,1,2,3.7,0,Hill_Station,1.0941,82.9,750.0
Rolls-Royce,Spectre,Standard,91.6,102.0,430,2975,0.25,2.8,0.0105,94,530,21.5,15.3,0,2,1,1,1,3.4,-5,Hill_Station,0.9703,94.4,750.0
Rolls-Royce,Spectre,Standard,99.2,102.0,430,2975,0.25,2.8,0.0108,94,530,43.7,44.6,1,0,2,2,4,0.9,-8,Rural_Road,0.4218,235.2,750.0
Rolls-Royce,Spectre,Standard,99.9,102.0,430,2975,0.25,2.8,0.01,94,530,42.1,21.3,0,0,0,0,2,0.7,0,Rural_Road,0.1984,503.5,750.0
Rolls-Royce,Spectre,Standard,92.2,102.0,430,2975,0.25,2.8,0.01,94,530,32.7,28.0,0,0,0,1,1,3.2,0,Rural_Road,0.1831,503.5,750.0
Rolls-Royce,Spectre,Standard,101.7,102.0,430,2975,0.25,2.8,0.0102,94,530,44.0,18.9,0,0,0,1,2,0.1,-2,Rural_Road,0.202,503.5,750.0
Rolls-Royce,Spectre,Standard,100.8,102.0,430,2975,0.25,2.8,0.01,94,530,58.2,15.4,0,0,0,2,3,0.4,0,Rural_Road,0.2002,503.5,750.0
Rolls-Royce,Spectre,Standard,97.1,102.0,430,2975,0.25,2.8,0.01,94,530,56.5,26.1,0,0,0,1,2,1.6,0,Rural_Road,0.1929,503.5,750.0
Rolls-Royce,Spectre,Standard,96.8,102.0,430,2975,0.25,2.8,0.0108,94,530,34.1,10.7,0,0,0,2,2,1.7,-8,Rural_Road,0.1923,503.5,750.0
Rolls-Royce,Spectre,Standard,90.1,102.0,430,2975,0.25,2.8,0.0108,94,530,48.8,10.6,0,0,0,0,2,3.9,-8,Rural_Road,0.1789,503.5,750.0
Rolls-Royce,Spectre,Standard,94.0,102.0,430,2975,0.25,2.8,0.01,94,530,16.6,11.7,0,2,2,1,2,2.6,0,Ghat_Road,1.5798,59.5,750.0
Rolls-Royce,Spectre,Standard,100.8,102.0,430,2975,0.25,2.8,0.0102,94,530,21.4,30.0,0,2,0,1,2,0.4,2,Ghat_Road,0.7701,130.9,750.0
Rolls-Royce,Spectre,Standard,93.7,102.0,430,2975,0.25,2.8,0.0102,94,530,25.1,30.6,0,2,2,1,3,2.7,-2,Ghat_Road,1.5186,61.7,750.0
Rolls-Royce,Spectre,Standard,87.9,102.0,430,2975,0.25,2.8,0.01,94,530,31.5,11.8,0,2,1,1,4,4.6,0,Ghat_Road,1.0452,84.1,750.0
Rolls-Royce,Spectre,Standard,95.0,102.0,430,2975,0.25,2.8,0.01,94,530,32.8,25.2,0,2,1,1,1,2.3,0,Ghat_Road,0.9378,101.3,750.0
Rolls-Royce,Spectre,Standard,101.4,102.0,430,2975,0.25,2.8,0.0105,94,530,26.3,12.2,0,2,2,1,1,0.2,-5,Ghat_Road,1.489,68.1,750.0
Rolls-Royce,Spectre,Standard,101.4,102.0,430,2975,0.25,2.8,0.0102,94,530,18.0,22.8,0,2,0,2,1,0.2,-2,Ghat_Road,0.7556,134.2,750.0
Rolls-Royce,Spectre,Standard,88.8,102.0,430,2975,0.25,2.8,0.0102,94,530,25.5,26.1,0,2,0,1,2,4.3,2,Ghat_Road,0.7064,125.7,750.0
Rolls-Royce,Spectre,Standard,98.6,102.0,430,2975,0.25,2.8,0.0102,94,530,21.3,22.7,1,2,1,1,2,1.1,-2,Ghat_Road,1.0051,98.1,750.0
Mini,Countryman E,ALL4,64.4,64.6,230,2055,0.28,2.4,0.011,93,462,25.7,19.1,0,0,2,1,1,0.1,0,Delhi,0.2264,284.5,55.0
Mini,Countryman E,ALL4,59.4,64.6,230,2055,0.28,2.4,0.0116,93,462,19.0,30.0,0,0,2,1,4,2.7,-5,Delhi,0.2595,228.9,55.0
Mini,Countryman E,ALL4,62.1,64.6,230,2055,0.28,2.4,0.0112,93,462,28.3,37.6,0,0,2,1,1,1.3,-2,Delhi,0.2248,276.2,55.0
Mini,Countryman E,ALL4,55.7,64.6,230,2055,0.28,2.4,0.011,93,462,19.0,17.1,0,0,2,0,3,4.6,0,Delhi,0.223,249.8,55.0
Mini,Countryman E,ALL4,59.2,64.6,230,2055,0.28,2.4,0.0116,93,462,25.6,43.2,1,0,1,1,3,2.8,-5,Delhi,0.3432,172.5,55.0
Mini,Countryman E,ALL4,57.6,64.6,230,2055,0.28,2.4,0.011,93,462,32.0,23.4,0,0,2,2,3,3.6,0,Delhi,0.3075,187.3,55.0
Mini,Countryman E,ALL4,55.3,64.6,230,2055,0.28,2.4,0.0119,93,462,28.9,18.4,0,0,2,0,2,4.8,-8,Delhi,0.2194,252.1,55.0
Mini,Countryman E,ALL4,57.4,64.6,230,2055,0.28,2.4,0.011,93,462,24.6,22.0,0,0,2,1,1,3.7,0,Delhi,0.2467,232.7,55.0
Mini,Countryman E,ALL4,61.5,64.6,230,2055,0.28,2.4,0.011,93,462,19.4,35.2,1,0,2,1,3,1.6,0,Delhi,0.5357,114.8,55.0
Mini,Countryman E,ALL4,58.0,64.6,230,2055,0.28,2.4,0.0119,93,462,21.9,25.1,0,0,2,1,2,3.4,-8,Mumbai,0.2539,228.4,55.0
Mini,Countryman E,ALL4,64.2,64.6,230,2055,0.28,2.4,0.0116,93,462,28.4,32.2,0,0,1,1,1,0.2,-5,Mumbai,0.1525,420.9,55.0
Mini,Countryman E,ALL4,57.2,64.6,230,2055,0.28,2.4,0.0116,93,462,12.3,23.4,0,0,0,2,3,3.8,-5,Mumbai,0.1321,432.9,55.0
Mini,Countryman E,ALL4,63.6,64.6,230,2055,0.28,2.4,0.0112,93,462,18.4,29.4,0,0,2,0,3,0.5,2,Mumbai,0.2379,267.3,55.0
Mini,Countryman E,ALL4,63.0,64.6,230,2055,0.28,2.4,0.011,93,462,21.7,36.0,0,0,2,1,2,0.8,0,Mumbai,0.2285,275.7,55.0
Mini,Countryman E,ALL4,63.4,64.6,230,2055,0.28,2.4,0.0116,93,462,19.0,19.7,0,0,1,0,2,0.6,-5,Mumbai,0.1445,438.9,55.0
Mini,Countryman E,ALL4,61.9,64.6,230,2055,0.28,2.4,0.0112,93,462,15.7,24.0,0,0,0,0,3,1.4,-2,Mumbai,0.141,438.9,55.0
Mini,Countryman E,ALL4,56.1,64.6,230,2055,0.28,2.4,0.0112,93,462,12.4,29.6,0,0,1,1,2,4.4,-2,Mumbai,0.1685,333.0,55.0
Mini,Countryman E,ALL4,58.6,64.6,230,2055,0.28,2.4,0.0112,93,462,28.7,22.5,0,0,2,0,2,3.1,-2,Mumbai,0.242,242.1,55.0
Mini,Countryman E,ALL4,56.7,64.6,230,2055,0.28,2.4,0.0116,93,462,22.6,33.6,1,0,2,1,3,4.1,-5,Mumbai,0.387,146.5,55.0
Mini,Countryman E,ALL4,62.3,64.6,230,2055,0.28,2.4,0.011,93,462,15.2,33.9,1,0,1,0,1,1.2,0,Mumbai,0.2645,235.5,55.0
Mini,Countryman E,ALL4,57.0,64.6,230,2055,0.28,2.4,0.0112,93,462,14.1,21.3,0,0,2,1,1,3.9,-2,Mumbai,0.2364,241.1,55.0
Mini,Countryman E,ALL4,62.7,64.6,230,2055,0.28,2.4,0.011,93,462,17.7,15.4,0,1,1,0,1,1.0,0,Bangalore,0.3981,157.5,55.0
Mini,Countryman E,ALL4,55.7,64.6,230,2055,0.28,2.4,0.0116,93,462,32.2,21.1,0,1,0,1,2,4.6,-5,Bangalore,0.3216,173.2,55.0
Mini,Countryman E,ALL4,56.5,64.6,230,2055,0.28,2.4,0.011,93,462,28.0,31.2,0,1,2,1,2,4.2,0,Bangalore,0.695,81.3,55.0
Mini,Countryman E,ALL4,57.4,64.6,230,2055,0.28,2.4,0.0119,93,462,31.3,22.0,0,1,2,1,4,3.7,-8,Bangalore,0.7842,73.2,55.0
Mini,Countryman E,ALL4,57.2,64.6,230,2055,0.28,2.4,0.0116,93,462,27.2,23.5,0,1,0,2,2,3.8,-5,Bangalore,0.3953,144.7,55.0
Mini,Countryman E,ALL4,58.0,64.6,230,2055,0.28,2.4,0.011,93,462,20.8,27.5,0,1,2,1,5,3.4,0,Bangalore,0.8101,71.6,55.0
Mini,Countryman E,ALL4,56.3,64.6,230,2055,0.28,2.4,0.0112,93,462,21.8,19.9,0,1,2,2,1,4.3,2,Bangalore,0.7907,71.2,55.0
Mini,Countryman E,ALL4,60.5,64.6,230,2055,0.28,2.4,0.011,93,462,25.6,15.8,0,1,1,1,2,2.1,0,Bangalore,0.4528,133.6,55.0
Mini,Countryman E,ALL4,62.7,64.6,230,2055,0.28,2.4,0.0116,93,462,20.4,28.5,1,1,2,1,4,1.0,-5,Bangalore,0.9248,67.8,55.0
Mini,Countryman E,ALL4,58.8,64.6,230,2055,0.28,2.4,0.0112,93,462,24.7,23.4,0,1,2,0,3,3.0,2,Bangalore,0.6697,87.8,55.0
Mini,Countryman E,ALL4,58.2,64.6,230,2055,0.28,2.4,0.0112,93,462,24.4,36.5,0,1,2,0,4,3.3,-2,Bangalore,0.634,91.8,55.0
Mini,Countryman E,ALL4,57.2,64.6,230,2055,0.28,2.4,0.0112,93,462,16.6,24.7,0,0,1,1,4,3.8,-2,Chennai,0.1393,410.5,55.0
Mini,Countryman E,ALL4,61.7,64.6,230,2055,0.28,2.4,0.0112,93,462,20.2,28.3,0,0,2,2,2,1.5,-2,Chennai,0.2681,230.1,55.0
Mini,Countryman E,ALL4,63.8,64.6,230,2055,0.28,2.4,0.011,93,462,31.4,22.4,0,0,0,1,1,0.4,0,Chennai,0.1454,438.9,55.0
Mini,Countryman E,ALL4,58.6,64.6,230,2055,0.28,2.4,0.0112,93,462,25.7,32.1,1,0,2,0,4,3.1,-2,Chennai,0.3395,172.6,55.0
Mini,Countryman E,ALL4,64.2,64.6,230,2055,0.28,2.4,0.0119,93,462,34.4,41.4,1,0,2,2,4,0.2,-8,Chennai,0.5681,113.0,55.0
Mini,Countryman E,ALL4,64.0,64.6,230,2055,0.28,2.4,0.011,93,462,30.2,28.9,0,0,2,2,4,0.3,0,Chennai,0.2988,214.2,55.0
Mini,Countryman E,ALL4,64.2,64.6,230,2055,0.28,2.4,0.0119,93,462,24.0,39.0,0,0,2,0,3,0.2,-8,Chennai,0.2261,283.9,55.0
Mini,Countryman E,ALL4,62.5,64.6,230,2055,0.28,2.4,0.0116,93,462,33.3,41.0,0,0,2,0,4,1.1,-5,Chennai,0.2518,248.2,55.0
Mini,Countryman E,ALL4,62.1,64.6,230,2055,0.28,2.4,0.0119,93,462,26.6,29.9,1,0,1,1,4,1.3,-8,Chennai,0.2271,273.4,55.0
Mini,Countryman E,ALL4,59.8,64.6,230,2055,0.28,2.4,0.0112,93,462,19.4,17.7,1,1,2,1,1,2.5,-2,Pune,0.7456,80.2,55.0
Mini,Countryman E,ALL4,63.8,64.6,230,2055,0.28,2.4,0.0112,93,462,30.4,35.6,1,1,1,1,1,0.4,2,Pune,0.5286,120.7,55.0
Mini,Countryman E,ALL4,62.7,64.6,230,2055,0.28,2.4,0.011,93,462,38.7,35.1,0,1,2,0,2,1.0,0,Pune,0.6365,98.5,55.0
Mini,Countryman E,ALL4,62.9,64.6,230,2055,0.28,2.4,0.0116,93,462,18.2,29.9,0,1,2,1,4,0.9,-5,Pune,0.7044,89.3,55.0
Mini,Countryman E,ALL4,61.5,64.6,230,2055,0.28,2.4,0.0112,93,462,35.1,29.7,0,1,1,2,2,1.6,-2,Pune,0.5462,112.6,55.0
Mini,Countryman E,ALL4,56.8,64.6,230,2055,0.28,2.4,0.0112,93,462,26.8,33.0,1,1,2,1,2,4.0,-2,Pune,0.8023,70.8,55.0
Mini,Countryman E,ALL4,59.6,64.6,230,2055,0.28,2.4,0.0112,93,462,23.1,17.9,0,1,0,2,3,2.6,2,Pune,0.3906,152.6,55.0
Mini,Countryman E,ALL4,63.8,64.6,230,2055,0.28,2.4,0.0119,93,462,22.6,21.5,0,1,2,0,2,0.4,-8,Pune,0.6444,99.0,55.0
Mini,Countryman E,ALL4,64.2,64.6,230,2055,0.28,2.4,0.011,93,462,19.1,18.3,0,0,1,0,2,0.2,0,Hyderabad,0.1463,438.9,55.0
Mini,Countryman E,ALL4,61.9,64.6,230,2055,0.28,2.4,0.0112,93,462,16.0,18.9,0,0,2,1,1,1.4,2,Hyderabad,0.2732,226.6,55.0
Mini,Countryman E,ALL4,63.2,64.6,230,2055,0.28,2.4,0.011,93,462,31.4,25.5,1,0,1,1,4,0.7,0,Hyderabad,0.1884,335.4,55.0
Mini,Countryman E,ALL4,56.7,64.6,230,2055,0.28,2.4,0.011,93,462,18.8,31.9,1,0,2,1,4,4.1,0,Hyderabad,0.4741,119.6,55.0
Mini,Countryman E,ALL4,60.7,64.6,230,2055,0.28,2.4,0.0112,93,462,16.0,36.9,1,0,0,0,1,2.0,-2,Hyderabad,0.2218,273.7,55.0
Mini,Countryman E,ALL4,64.4,64.6,230,2055,0.28,2.4,0.0112,93,462,19.8,15.5,0,0,1,1,2,0.1,-2,Hyderabad,0.1541,417.9,55.0
Mini,Countryman E,ALL4,60.3,64.6,230,2055,0.28,2.4,0.011,93,462,34.9,33.2,1,0,1,2,1,2.2,0,Hyderabad,0.2278,264.7,55.0
Mini,Countryman E,ALL4,57.0,64.6,230,2055,0.28,2.4,0.0116,93,462,20.0,27.9,0,0,1,2,3,3.9,-5,Hyderabad,0.1709,333.5,55.0
Mini,Countryman E,ALL4,62.7,64.6,230,2055,0.28,2.4,0.0112,93,462,21.3,13.5,0,0,1,1,1,1.0,-2,Kolkata,0.1577,397.5,55.0
Mini,Countryman E,ALL4,56.3,64.6,230,2055,0.28,2.4,0.011,93,462,23.2,16.7,0,0,2,2,5,4.3,0,Kolkata,0.2831,198.9,55.0
Mini,Countryman E,ALL4,57.0,64.6,230,2055,0.28,2.4,0.011,93,462,27.1,17.8,0,0,1,1,4,3.9,0,Kolkata,0.1565,364.3,55.0
Mini,Countryman E,ALL4,56.3,64.6,230,2055,0.28,2.4,0.0119,93,462,19.0,29.6,0,0,2,1,1,4.3,-8,Kolkata,0.2323,242.4,55.0
Mini,Countryman E,ALL4,58.6,64.6,230,2055,0.28,2.4,0.011,93,462,12.0,31.9,0,0,2,1,1,3.1,0,Kolkata,0.2312,253.5,55.0
Mini,Countryman E,ALL4,62.7,64.6,230,2055,0.28,2.4,0.0112,93,462,13.8,41.8,1,0,1,0,3,1.0,-2,Kolkata,0.3966,158.1,55.0
Mini,Countryman E,ALL4,60.7,64.6,230,2055,0.28,2.4,0.0112,93,462,24.5,25.7,0,0,1,1,4,2.0,-2,Kolkata,0.1447,419.5,55.0
Mini,Countryman E,ALL4,55.7,64.6,230,2055,0.28,2.4,0.011,93,462,16.9,30.6,0,0,2,1,3,4.6,0,Kolkata,0.2179,255.6,55.0
Mini,Countryman E,ALL4,59.4,64.6,230,2055,0.28,2.4,0.0112,93,462,86.9,34.5,1,0,0,0,2,2.7,2,Highway_NH,0.1707,348.0,55.0
Mini,Countryman E,ALL4,57.0,64.6,230,2055,0.28,2.4,0.011,93,462,80.2,25.1,0,0,2,0,3,3.9,0,Highway_NH,0.3326,171.4,55.0
Mini,Countryman E,ALL4,62.9,64.6,230,2055,0.28,2.4,0.011,93,462,98.4,38.9,1,0,1,1,2,0.9,0,Highway_NH,0.3095,203.2,55.0
Mini,Countryman E,ALL4,56.8,64.6,230,2055,0.28,2.4,0.0112,93,462,73.5,28.2,1,0,0,0,1,4.0,-2,Highway_NH,0.1474,385.3,55.0
Mini,Countryman E,ALL4,64.0,64.6,230,2055,0.28,2.4,0.011,93,462,78.7,21.3,1,0,0,1,1,0.3,0,Highway_NH,0.1556,411.3,55.0
Mini,Countryman E,ALL4,63.0,64.6,230,2055,0.28,2.4,0.0116,93,462,93.5,16.5,0,0,0,1,1,0.8,-5,Highway_NH,0.1921,328.0,55.0
Mini,Countryman E,ALL4,61.5,64.6,230,2055,0.28,2.4,0.0116,93,462,94.0,41.0,1,0,1,1,4,1.6,-5,Highway_NH,0.3565,172.5,55.0
Mini,Countryman E,ALL4,57.8,64.6,230,2055,0.28,2.4,0.011,93,462,81.6,29.1,0,0,2,2,2,3.5,0,Highway_NH,0.4366,132.4,55.0
Mini,Countryman E,ALL4,58.6,64.6,230,2055,0.28,2.4,0.011,93,462,80.1,26.9,1,0,0,1,2,3.1,0,Highway_NH,0.1938,302.3,55.0
Mini,Countryman E,ALL4,59.0,64.6,230,2055,0.28,2.4,0.0112,93,462,86.7,30.5,0,0,1,0,5,2.9,-2,Highway_NH,0.2308,255.6,55.0
Mini,Countryman E,ALL4,64.4,64.6,230,2055,0.28,2.4,0.011,93,462,91.0,16.2,0,0,1,1,1,0.1,0,Expressway,0.2465,261.3,55.0
Mini,Countryman E,ALL4,55.7,64.6,230,2055,0.28,2.4,0.0119,93,462,85.5,36.4,1,0,1,2,3,4.6,-8,Expressway,0.3244,171.7,55.0
Mini,Countryman E,ALL4,64.0,64.6,230,2055,0.28,2.4,0.011,93,462,86.0,33.9,0,0,0,2,2,0.3,0,Expressway,0.2025,316.1,55.0
Mini,Countryman E,ALL4,64.4,64.6,230,2055,0.28,2.4,0.011,93,462,104.9,37.5,1,0,2,1,2,0.1,0,Expressway,0.5557,115.9,55.0
Mini,Countryman E,ALL4,55.1,64.6,230,2055,0.28,2.4,0.0112,93,462,115.1,18.1,0,0,0,1,2,4.9,2,Expressway,0.2424,227.3,55.0
Mini,Countryman E,ALL4,57.8,64.6,230,2055,0.28,2.4,0.011,93,462,89.6,27.7,0,0,0,1,1,3.5,0,Expressway,0.1887,306.3,55.0
Mini,Countryman E,ALL4,59.8,64.6,230,2055,0.28,2.4,0.0112,93,462,84.5,22.3,1,0,0,1,2,2.5,2,Expressway,0.1863,321.0,55.0
Mini,Countryman E,ALL4,61.9,64.6,230,2055,0.28,2.4,0.011,93,462,95.5,29.3,0,0,0,1,2,1.4,0,Expressway,0.2026,305.6,55.0
Mini,Countryman E,ALL4,61.7,64.6,230,2055,0.28,2.4,0.011,93,462,89.6,27.7,0,0,0,1,2,1.5,0,Expressway,0.179,344.6,55.0
Mini,Countryman E,ALL4,60.9,64.6,230,2055,0.28,2.4,0.011,93,462,118.9,22.0,0,0,0,1,2,1.9,0,Expressway,0.264,230.7,55.0
Mini,Countryman E,ALL4,58.6,64.6,230,2055,0.28,2.4,0.0112,93,462,109.6,31.1,0,0,1,1,2,3.1,-2,Expressway,0.3159,185.5,55.0
Mini,Countryman E,ALL4,58.0,64.6,230,2055,0.28,2.4,0.0119,93,462,119.1,41.3,1,0,0,0,2,3.4,-8,Expressway,0.2665,217.6,55.0
Mini,Countryman E,ALL4,59.9,64.6,230,2055,0.28,2.4,0.011,93,462,26.1,13.2,0,2,1,1,1,2.4,0,Hill_Station,0.9258,64.7,55.0
Mini,Countryman E,ALL4,55.5,64.6,230,2055,0.28,2.4,0.0116,93,462,29.3,14.3,0,2,2,1,1,4.7,-5,Hill_Station,1.2013,46.2,55.0
Mini,Countryman E,ALL4,61.5,64.6,230,2055,0.28,2.4,0.0116,93,462,23.7,21.9,0,2,1,1,1,1.6,-5,Hill_Station,0.8029,76.6,55.0
Mini,Countryman E,ALL4,55.7,64.6,230,2055,0.28,2.4,0.0116,93,462,32.7,25.2,0,2,0,0,3,4.6,-5,Hill_Station,0.6155,90.5,55.0
Mini,Countryman E,ALL4,63.2,64.6,230,2055,0.28,2.4,0.011,93,462,38.2,12.1,0,2,0,1,4,0.7,0,Hill_Station,0.7736,81.7,55.0
Mini,Countryman E,ALL4,62.3,64.6,230,2055,0.28,2.4,0.0112,93,462,27.8,16.8,0,2,0,0,3,1.2,-2,Hill_Station,0.6084,102.4,55.0
Mini,Countryman E,ALL4,57.2,64.6,230,2055,0.28,2.4,0.0116,93,462,31.3,16.4,0,2,1,1,1,3.8,-5,Hill_Station,0.8525,67.1,55.0
Mini,Countryman E,ALL4,62.5,64.6,230,2055,0.28,2.4,0.0116,93,462,33.9,7.9,0,2,0,1,2,1.1,-5,Hill_Station,0.8065,77.5,55.0
Mini,Countryman E,ALL4,61.3,64.6,230,2055,0.28,2.4,0.011,93,462,37.0,21.1,0,2,0,1,5,1.7,0,Hill_Station,0.7038,87.1,55.0
Mini,Countryman E,ALL4,56.8,64.6,230,2055,0.28,2.4,0.0116,93,462,37.7,6.3,0,2,2,0,2,4.0,-5,Hill_Station,1.2294,46.2,55.0
Mini,Countryman E,ALL4,62.3,64.6,230,2055,0.28,2.4,0.011,93,462,29.8,12.6,0,2,0,1,2,1.2,0,Hill_Station,0.7032,88.6,55.0
Mini,Countryman E,ALL4,59.4,64.6,230,2055,0.28,2.4,0.011,93,462,38.4,12.2,0,2,1,1,3,2.7,0,Hill_Station,1.0348,57.4,55.0
Mini,Countryman E,ALL4,61.3,64.6,230,2055,0.28,2.4,0.0116,93,462,31.2,32.5,0,0,0,0,4,1.7,-5,Rural_Road,0.1397,438.9,55.0
Mini,Countryman E,ALL4,63.8,64.6,230,2055,0.28,2.4,0.011,93,462,48.1,24.3,0,0,0,0,4,0.4,0,Rural_Road,0.1454,438.9,55.0
Mini,Countryman E,ALL4,58.8,64.6,230,2055,0.28,2.4,0.011,93,462,32.2,25.2,0,0,1,0,3,3.0,0,Rural_Road,0.1377,426.9,55.0
Mini,Countryman E,ALL4,56.3,64.6,230,2055,0.28,2.4,0.011,93,462,40.1,32.5,1,0,0,1,4,4.3,0,Rural_Road,0.1637,343.9,55.0
Mini,Countryman E,ALL4,63.8,64.6,230,2055,0.28,2.4,0.0116,93,462,33.9,33.5,1,0,0,0,4,0.4,-5,Rural_Road,0.1454,438.9,55.0
Mini,Countryman E,ALL4,64.2,64.6,230,2055,0.28,2.4,0.0119,93,462,30.9,10.3,0,0,1,1,2,0.2,-8,Rural_Road,0.1881,341.3,55.0
Mini,Countryman E,ALL4,63.4,64.6,230,2055,0.28,2.4,0.0116,93,462,40.9,25.8,0,0,0,2,4,0.6,-5,Rural_Road,0.1445,438.9,55.0
Mini,Countryman E,ALL4,60.1,64.6,230,2055,0.28,2.4,0.0112,93,462,60.0,40.5,0,0,1,1,1,2.3,-2,Rural_Road,0.1903,315.8,55.0
Mini,Countryman E,ALL4,61.7,64.6,230,2055,0.28,2.4,0.0112,93,462,42.6,33.8,0,0,2,2,2,1.5,-2,Rural_Road,0.2806,219.9,55.0
Mini,Countryman E,ALL4,55.1,64.6,230,2055,0.28,2.4,0.011,93,462,33.0,38.5,0,0,1,0,1,4.9,0,Rural_Road,0.1279,430.7,55.0
Mini,Countryman E,ALL4,57.6,64.6,230,2055,0.28,2.4,0.0119,93,462,46.4,34.0,1,0,0,1,1,3.6,-8,Rural_Road,0.1554,370.6,55.0
Mini,Countryman E,ALL4,57.6,64.6,230,2055,0.28,2.4,0.011,93,462,26.3,24.6,0,2,1,0,4,3.6,0,Ghat_Road,0.9275,62.1,55.0
Mini,Countryman E,ALL4,62.7,64.6,230,2055,0.28,2.4,0.011,93,462,19.0,17.7,0,2,1,2,3,1.0,0,Ghat_Road,1.0792,58.1,55.0
Mini,Countryman E,ALL4,60.7,64.6,230,2055,0.28,2.4,0.0112,93,462,25.1,21.7,0,2,2,2,2,2.0,-2,Ghat_Road,1.3139,46.2,55.0
Mini,Countryman E,ALL4,62.9,64.6,230,2055,0.28,2.4,0.0116,93,462,25.0,34.1,0,2,2,1,3,0.9,-5,Ghat_Road,1.3615,46.2,55.0
Mini,Countryman E,ALL4,61.1,64.6,230,2055,0.28,2.4,0.011,93,462,27.3,28.8,0,2,0,1,4,1.8,0,Ghat_Road,0.6951,87.9,55.0
Mini,Countryman E,ALL4,59.2,64.6,230,2055,0.28,2.4,0.0116,93,462,23.9,13.4,0,2,0,1,3,2.8,-5,Ghat_Road,0.8033,73.7,55.0
Mini,Countryman E,ALL4,62.1,64.6,230,2055,0.28,2.4,0.0112,93,462,16.4,29.1,1,2,1,1,3,1.3,-2,Ghat_Road,1.0231,60.7,55.0
Mini,Countryman E,ALL4,56.7,64.6,230,2055,0.28,2.4,0.0116,93,462,32.9,28.2,0,2,2,1,3,4.1,-5,Ghat_Road,1.2273,46.2,55.0
Mini,Countryman E,ALL4,59.8,64.6,230,2055,0.28,2.4,0.0116,93,462,19.1,28.7,1,2,1,1,2,2.5,-5,Ghat_Road,1.0328,57.9,55.0
Smart,#1 Pro+,Standard,55.9,62.0,200,1820,0.29,2.3,0.011,92,440,19.4,28.5,0,0,2,0,4,3.3,0,Delhi,0.232,241.0,25.0
Smart,#1 Pro+,Standard,56.4,62.0,200,1820,0.29,2.3,0.0116,92,440,34.6,28.4,0,0,0,2,1,3.0,-5,Delhi,0.1349,418.0,25.0
Smart,#1 Pro+,Standard,54.2,62.0,200,1820,0.29,2.3,0.0112,92,440,17.9,27.1,0,0,2,1,3,4.2,-2,Delhi,0.2526,214.6,25.0
Smart,#1 Pro+,Standard,61.6,62.0,200,1820,0.29,2.3,0.0112,92,440,20.3,23.3,0,0,1,1,2,0.2,-2,Delhi,0.157,392.3,25.0
Smart,#1 Pro+,Standard,56.6,62.0,200,1820,0.29,2.3,0.0119,92,440,23.6,42.3,0,0,2,1,1,2.9,-8,Delhi,0.2802,202.0,25.0
Smart,#1 Pro+,Standard,61.3,62.0,200,1820,0.29,2.3,0.0119,92,440,20.3,32.8,1,0,1,1,1,0.4,-8,Delhi,0.2543,241.1,25.0
Smart,#1 Pro+,Standard,60.3,62.0,200,1820,0.29,2.3,0.011,92,440,27.7,29.9,0,0,2,1,1,0.9,0,Delhi,0.2441,247.0,25.0
Smart,#1 Pro+,Standard,61.4,62.0,200,1820,0.29,2.3,0.0112,92,440,20.9,17.4,0,0,2,0,2,0.3,-2,Delhi,0.2229,275.5,25.0
Smart,#1 Pro+,Standard,57.2,62.0,200,1820,0.29,2.3,0.011,92,440,34.1,23.4,0,0,2,1,1,2.6,0,Delhi,0.2501,228.7,25.0
Smart,#1 Pro+,Standard,57.9,62.0,200,1820,0.29,2.3,0.0116,92,440,34.3,37.6,1,0,2,1,2,2.2,-5,Delhi,0.4886,118.5,25.0
Smart,#1 Pro+,Standard,59.0,62.0,200,1820,0.29,2.3,0.0116,92,440,29.2,39.0,0,0,1,2,2,1.6,-5,Delhi,0.1793,329.1,25.0
Smart,#1 Pro+,Standard,54.0,62.0,200,1820,0.29,2.3,0.011,92,440,33.4,25.2,1,0,2,1,2,4.3,0,Delhi,0.3327,162.3,25.0
Smart,#1 Pro+,Standard,60.3,62.0,200,1820,0.29,2.3,0.011,92,440,12.3,25.0,0,0,2,2,4,0.9,0,Mumbai,0.2903,207.7,25.0
Smart,#1 Pro+,Standard,55.9,62.0,200,1820,0.29,2.3,0.0112,92,440,22.5,34.7,0,0,1,1,3,3.3,-2,Mumbai,0.156,358.3,25.0
Smart,#1 Pro+,Standard,52.7,62.0,200,1820,0.29,2.3,0.0116,92,440,25.0,36.5,0,0,2,1,3,5.0,-5,Mumbai,0.263,200.4,25.0
Smart,#1 Pro+,Standard,59.6,62.0,200,1820,0.29,2.3,0.0116,92,440,23.6,22.1,1,0,2,1,4,1.3,-5,Mumbai,0.3459,172.3,25.0
Smart,#1 Pro+,Standard,60.0,62.0,200,1820,0.29,2.3,0.0116,92,440,26.3,37.9,1,0,1,1,3,1.1,-5,Mumbai,0.2841,211.2,25.0
Smart,#1 Pro+,Standard,59.2,62.0,200,1820,0.29,2.3,0.011,92,440,23.7,29.7,0,0,2,2,1,1.5,0,Mumbai,0.2741,216.0,25.0
Smart,#1 Pro+,Standard,52.9,62.0,200,1820,0.29,2.3,0.011,92,440,26.1,32.8,1,0,2,1,1,4.9,0,Mumbai,0.3584,147.6,25.0
Smart,#1 Pro+,Standard,58.8,62.0,200,1820,0.29,2.3,0.011,92,440,29.1,24.0,0,0,1,1,5,1.7,0,Mumbai,0.1603,366.8,25.0
Smart,#1 Pro+,Standard,54.7,62.0,200,1820,0.29,2.3,0.011,92,440,29.2,29.1,0,0,2,1,2,3.9,0,Mumbai,0.2573,212.6,25.0
Smart,#1 Pro+,Standard,58.3,62.0,200,1820,0.29,2.3,0.0112,92,440,12.6,24.4,0,0,2,1,2,2.0,-2,Mumbai,0.2645,220.4,25.0
Smart,#1 Pro+,Standard,53.6,62.0,200,1820,0.29,2.3,0.0112,92,440,20.5,26.1,0,1,1,1,2,4.5,2,Bangalore,0.4271,125.5,25.0
Smart,#1 Pro+,Standard,60.1,62.0,200,1820,0.29,2.3,0.0112,92,440,25.3,36.8,1,1,1,1,2,1.0,-2,Bangalore,0.579,103.8,25.0
Smart,#1 Pro+,Standard,59.0,62.0,200,1820,0.29,2.3,0.0119,92,440,23.4,30.7,0,1,2,0,4,1.6,-8,Bangalore,0.7412,79.6,25.0
Smart,#1 Pro+,Standard,53.3,62.0,200,1820,0.29,2.3,0.0112,92,440,25.4,21.4,0,1,2,2,1,4.7,-2,Bangalore,0.8625,61.8,25.0
Smart,#1 Pro+,Standard,59.8,62.0,200,1820,0.29,2.3,0.011,92,440,27.0,34.5,1,1,2,0,3,1.2,0,Bangalore,0.7756,77.1,25.0
Smart,#1 Pro+,Standard,58.7,62.0,200,1820,0.29,2.3,0.0119,92,440,17.0,36.3,1,1,2,1,3,1.8,-8,Bangalore,1.1532,50.9,25.0
Smart,#1 Pro+,Standard,60.0,62.0,200,1820,0.29,2.3,0.0112,92,440,32.6,15.6,1,1,2,0,1,1.1,-2,Bangalore,0.6417,93.5,25.0
Smart,#1 Pro+,Standard,61.6,62.0,200,1820,0.29,2.3,0.0116,92,440,28.6,34.5,0,1,2,2,1,0.2,-5,Bangalore,0.7877,78.2,25.0
Smart,#1 Pro+,Standard,57.5,62.0,200,1820,0.29,2.3,0.0112,92,440,25.3,36.5,1,1,2,0,3,2.4,-2,Bangalore,0.8647,66.5,25.0
Smart,#1 Pro+,Standard,56.6,62.0,200,1820,0.29,2.3,0.011,92,440,34.8,35.1,0,1,2,0,1,2.9,0,Bangalore,0.6227,90.9,25.0
Smart,#1 Pro+,Standard,61.8,62.0,200,1820,0.29,2.3,0.0112,92,440,19.1,20.8,0,1,0,0,3,0.1,-2,Bangalore,0.2999,206.1,25.0
Smart,#1 Pro+,Standard,58.5,62.0,200,1820,0.29,2.3,0.011,92,440,20.8,25.6,0,1,2,0,2,1.9,0,Bangalore,0.5903,99.1,25.0
Smart,#1 Pro+,Standard,60.1,62.0,200,1820,0.29,2.3,0.0112,92,440,19.8,26.9,0,0,2,1,3,1.0,-2,Chennai,0.2738,219.5,25.0
Smart,#1 Pro+,Standard,60.0,62.0,200,1820,0.29,2.3,0.0119,92,440,24.0,29.7,1,0,2,2,3,1.1,-8,Chennai,0.4655,128.9,25.0
Smart,#1 Pro+,Standard,54.9,62.0,200,1820,0.29,2.3,0.011,92,440,21.0,32.8,1,0,2,1,3,3.8,0,Chennai,0.4637,118.4,25.0
Smart,#1 Pro+,Standard,60.7,62.0,200,1820,0.29,2.3,0.0116,92,440,34.6,38.7,1,0,2,1,2,0.7,-5,Chennai,0.4242,143.1,25.0
Smart,#1 Pro+,Standard,59.2,62.0,200,1820,0.29,2.3,0.0112,92,440,18.9,31.7,1,0,2,1,2,1.5,-2,Chennai,0.4512,131.2,25.0
Smart,#1 Pro+,Standard,57.7,62.0,200,1820,0.29,2.3,0.0112,92,440,20.4,36.1,1,0,2,0,1,2.3,-2,Chennai,0.4206,137.2,25.0
Smart,#1 Pro+,Standard,53.4,62.0,200,1820,0.29,2.3,0.011,92,440,17.6,33.5,0,0,2,1,2,4.6,0,Chennai,0.2587,206.4,25.0
Smart,#1 Pro+,Standard,53.8,62.0,200,1820,0.29,2.3,0.0112,92,440,27.9,34.3,0,0,0,1,3,4.4,-2,Chennai,0.1287,418.0,25.0
Smart,#1 Pro+,Standard,61.1,62.0,200,1820,0.29,2.3,0.0119,92,440,25.8,24.5,0,0,2,1,2,0.5,-8,Chennai,0.261,234.1,25.0
Smart,#1 Pro+,Standard,60.5,62.0,200,1820,0.29,2.3,0.0112,92,440,16.6,31.1,0,0,1,1,4,0.8,-2,Chennai,0.1681,360.0,25.0
Smart,#1 Pro+,Standard,57.9,62.0,200,1820,0.29,2.3,0.0112,92,440,32.2,29.1,0,0,1,2,4,2.2,-2,Chennai,0.189,306.4,25.0
Smart,#1 Pro+,Standard,55.7,62.0,200,1820,0.29,2.3,0.0112,92,440,40.0,16.2,0,1,1,2,2,3.4,-2,Pune,0.4982,111.8,25.0
Smart,#1 Pro+,Standard,54.4,62.0,200,1820,0.29,2.3,0.0116,92,440,20.4,13.0,0,1,2,0,3,4.1,-5,Pune,0.7473,72.8,25.0
Smart,#1 Pro+,Standard,62.0,62.0,200,1820,0.29,2.3,0.011,92,440,37.8,21.7,0,1,1,1,1,0.0,0,Pune,0.447,138.7,25.0
Smart,#1 Pro+,Standard,56.8,62.0,200,1820,0.29,2.3,0.0112,92,440,35.8,16.4,0,1,0,0,5,2.8,-2,Pune,0.3357,169.2,25.0
Smart,#1 Pro+,Standard,55.5,62.0,200,1820,0.29,2.3,0.0116,92,440,21.7,19.3,0,1,0,1,2,3.5,-5,Pune,0.3132,177.2,25.0
Smart,#1 Pro+,Standard,58.3,62.0,200,1820,0.29,2.3,0.011,92,440,18.8,18.4,0,1,2,2,1,2.0,0,Pune,0.8293,70.3,25.0
Smart,#1 Pro+,Standard,55.1,62.0,200,1820,0.29,2.3,0.011,92,440,22.3,18.8,0,1,0,2,2,3.7,0,Pune,0.3583,153.8,25.0
Smart,#1 Pro+,Standard,59.0,62.0,200,1820,0.29,2.3,0.0119,92,440,24.4,20.0,0,1,1,1,2,1.6,-8,Pune,0.4724,124.9,25.0
Smart,#1 Pro+,Standard,58.8,62.0,200,1820,0.29,2.3,0.0112,92,440,25.0,14.2,0,1,1,0,1,1.7,-2,Pune,0.4058,144.9,25.0
Smart,#1 Pro+,Standard,57.9,62.0,200,1820,0.29,2.3,0.0116,92,440,31.9,30.3,1,0,1,1,2,2.2,-5,Hyderabad,0.2309,250.8,25.0
Smart,#1 Pro+,Standard,53.4,62.0,200,1820,0.29,2.3,0.0119,92,440,15.3,22.7,0,0,2,1,2,4.6,-8,Hyderabad,0.2882,185.3,25.0
Smart,#1 Pro+,Standard,55.3,62.0,200,1820,0.29,2.3,0.011,92,440,26.9,15.3,0,0,1,2,2,3.6,0,Hyderabad,0.1642,336.8,25.0
Smart,#1 Pro+,Standard,55.1,62.0,200,1820,0.29,2.3,0.011,92,440,31.0,32.9,1,0,2,1,1,3.7,0,Hyderabad,0.4051,136.0,25.0
Smart,#1 Pro+,Standard,54.0,62.0,200,1820,0.29,2.3,0.011,92,440,22.3,39.3,1,0,0,1,3,4.3,0,Hyderabad,0.2365,228.3,25.0
Smart,#1 Pro+,Standard,59.4,62.0,200,1820,0.29,2.3,0.0116,92,440,17.0,35.1,0,0,2,1,4,1.4,-5,Hyderabad,0.3015,197.0,25.0
Smart,#1 Pro+,Standard,55.5,62.0,200,1820,0.29,2.3,0.011,92,440,33.0,20.6,0,0,1,1,4,3.5,0,Hyderabad,0.1666,333.2,25.0
Smart,#1 Pro+,Standard,56.8,62.0,200,1820,0.29,2.3,0.0116,92,440,27.5,34.3,0,0,2,1,3,2.8,-5,Hyderabad,0.2463,230.6,25.0
Smart,#1 Pro+,Standard,54.7,62.0,200,1820,0.29,2.3,0.011,92,440,17.1,35.6,0,0,2,2,2,3.9,0,Kolkata,0.29,188.6,25.0
Smart,#1 Pro+,Standard,54.6,62.0,200,1820,0.29,2.3,0.0112,92,440,25.9,42.0,1,0,0,0,4,4.0,-2,Kolkata,0.2272,240.3,25.0
Smart,#1 Pro+,Standard,59.4,62.0,200,1820,0.29,2.3,0.0112,92,440,14.7,28.9,1,0,2,1,2,1.4,-2,Kolkata,0.416,142.8,25.0
Smart,#1 Pro+,Standard,60.1,62.0,200,1820,0.29,2.3,0.011,92,440,21.0,20.2,0,0,2,2,4,1.0,0,Kolkata,0.2658,226.1,25.0
Smart,#1 Pro+,Standard,53.1,62.0,200,1820,0.29,2.3,0.011,92,440,22.4,16.5,1,0,2,1,1,4.8,0,Kolkata,0.3059,173.6,25.0
Smart,#1 Pro+,Standard,57.9,62.0,200,1820,0.29,2.3,0.011,92,440,21.3,40.9,0,0,2,1,3,2.2,0,Kolkata,0.2704,214.1,25.0
Smart,#1 Pro+,Standard,61.6,62.0,200,1820,0.29,2.3,0.0112,92,440,21.4,12.7,0,0,2,2,5,0.2,-2,Kolkata,0.3494,176.3,25.0
Smart,#1 Pro+,Standard,58.1,62.0,200,1820,0.29,2.3,0.0112,92,440,22.5,15.4,0,0,2,2,3,2.1,-2,Kolkata,0.2783,208.8,25.0
Smart,#1 Pro+,Standard,59.0,62.0,200,1820,0.29,2.3,0.0116,92,440,19.4,33.9,0,0,2,1,2,1.6,-5,Kolkata,0.2434,242.4,25.0
Smart,#1 Pro+,Standard,57.7,62.0,200,1820,0.29,2.3,0.011,92,440,18.9,38.2,1,0,2,1,1,2.3,0,Kolkata,0.5175,111.5,25.0
Smart,#1 Pro+,Standard,52.9,62.0,200,1820,0.29,2.3,0.0112,92,440,13.5,32.6,1,0,2,1,4,4.9,-2,Kolkata,0.5911,89.5,25.0
Smart,#1 Pro+,Standard,53.8,62.0,200,1820,0.29,2.3,0.0112,92,440,92.7,36.6,1,0,0,2,4,4.4,-2,Highway_NH,0.2842,189.3,25.0
Smart,#1 Pro+,Standard,56.0,62.0,200,1820,0.29,2.3,0.011,92,440,87.6,38.9,1,0,0,1,5,3.2,0,Highway_NH,0.2324,241.0,25.0
Smart,#1 Pro+,Standard,53.1,62.0,200,1820,0.29,2.3,0.0112,92,440,96.8,25.9,0,0,0,1,3,4.8,-2,Highway_NH,0.2122,250.2,25.0
Smart,#1 Pro+,Standard,60.1,62.0,200,1820,0.29,2.3,0.0112,92,440,79.0,30.8,0,0,0,2,2,1.0,-2,Highway_NH,0.1966,305.7,25.0
Smart,#1 Pro+,Standard,60.9,62.0,200,1820,0.29,2.3,0.0112,92,440,71.8,27.9,0,0,1,1,2,0.6,-2,Highway_NH,0.2125,286.6,25.0
Smart,#1 Pro+,Standard,55.5,62.0,200,1820,0.29,2.3,0.011,92,440,71.9,20.5,0,0,0,0,3,3.5,0,Highway_NH,0.143,388.2,25.0
Smart,#1 Pro+,Standard,56.8,62.0,200,1820,0.29,2.3,0.0119,92,440,73.5,42.1,1,0,0,1,1,2.8,-8,Highway_NH,0.2246,252.9,25.0
Smart,#1 Pro+,Standard,58.8,62.0,200,1820,0.29,2.3,0.0119,92,440,92.6,42.2,1,0,0,1,1,1.7,-8,Highway_NH,0.2539,231.6,25.0
Smart,#1 Pro+,Standard,54.2,62.0,200,1820,0.29,2.3,0.011,92,440,78.0,29.2,0,0,0,1,1,4.2,0,Highway_NH,0.1752,309.3,25.0
Smart,#1 Pro+,Standard,55.9,62.0,200,1820,0.29,2.3,0.0119,92,440,88.8,23.2,0,0,1,0,3,3.3,-8,Highway_NH,0.2936,190.4,25.0
Smart,#1 Pro+,Standard,54.0,62.0,200,1820,0.29,2.3,0.0116,92,440,97.2,42.6,1,0,2,1,1,4.3,-5,Highway_NH,0.5625,96.0,25.0
Smart,#1 Pro+,Standard,59.8,62.0,200,1820,0.29,2.3,0.011,92,440,89.1,37.5,1,0,0,1,2,1.2,0,Expressway,0.2124,281.5,25.0
Smart,#1 Pro+,Standard,58.5,62.0,200,1820,0.29,2.3,0.0112,92,440,107.1,22.1,0,0,1,1,4,1.9,-2,Expressway,0.3558,164.4,25.0
Smart,#1 Pro+,Standard,53.4,62.0,200,1820,0.29,2.3,0.011,92,440,108.1,42.9,1,0,0,1,1,4.6,0,Expressway,0.3027,176.4,25.0
Smart,#1 Pro+,Standard,54.0,62.0,200,1820,0.29,2.3,0.011,92,440,108.9,39.0,0,0,1,2,2,4.3,0,Expressway,0.3846,140.4,25.0
Smart,#1 Pro+,Standard,59.8,62.0,200,1820,0.29,2.3,0.0116,92,440,104.1,24.9,0,0,0,0,5,1.2,-5,Expressway,0.2198,272.1,25.0
Smart,#1 Pro+,Standard,59.8,62.0,200,1820,0.29,2.3,0.0116,92,440,85.4,23.5,0,0,0,1,5,1.2,-5,Expressway,0.2161,276.7,25.0
Smart,#1 Pro+,Standard,59.4,62.0,200,1820,0.29,2.3,0.011,92,440,93.9,18.6,0,0,0,1,2,1.4,0,Expressway,0.2043,290.8,25.0
Smart,#1 Pro+,Standard,54.4,62.0,200,1820,0.29,2.3,0.0116,92,440,117.6,42.0,1,0,0,1,3,4.1,-5,Expressway,0.3279,165.9,25.0
Smart,#1 Pro+,Standard,56.4,62.0,200,1820,0.29,2.3,0.011,92,440,101.3,37.2,0,0,0,2,4,3.0,0,Expressway,0.2846,198.2,25.0
Smart,#1 Pro+,Standard,62.0,62.0,200,1820,0.29,2.3,0.0116,92,440,97.3,40.3,1,0,0,1,2,0.0,-5,Expressway,0.2654,233.6,25.0
Smart,#1 Pro+,Standard,57.7,62.0,200,1820,0.29,2.3,0.0116,92,440,81.4,35.0,0,0,1,2,4,2.3,-5,Expressway,0.2962,194.8,25.0
Smart,#1 Pro+,Standard,61.1,62.0,200,1820,0.29,2.3,0.011,92,440,97.1,28.1,0,0,0,1,3,0.5,0,Expressway,0.2155,283.5,25.0
Smart,#1 Pro+,Standard,60.0,62.0,200,1820,0.29,2.3,0.0119,92,440,35.1,18.8,0,2,0,1,1,1.1,-8,Hill_Station,0.7194,83.4,25.0
Smart,#1 Pro+,Standard,57.4,62.0,200,1820,0.29,2.3,0.0112,92,440,24.9,21.1,0,2,0,1,2,2.5,-2,Hill_Station,0.6644,86.4,25.0
Smart,#1 Pro+,Standard,57.4,62.0,200,1820,0.29,2.3,0.011,92,440,29.1,10.1,0,2,0,0,2,2.5,0,Hill_Station,0.6777,84.7,25.0
Smart,#1 Pro+,Standard,55.5,62.0,200,1820,0.29,2.3,0.0116,92,440,29.0,14.4,0,2,1,2,2,3.5,-5,Hill_Station,1.1611,47.8,25.0
Smart,#1 Pro+,Standard,56.0,62.0,200,1820,0.29,2.3,0.011,92,440,35.0,18.8,0,2,2,1,2,3.2,0,Hill_Station,1.2727,44.0,25.0
Smart,#1 Pro+,Standard,53.8,62.0,200,1820,0.29,2.3,0.011,92,440,20.7,13.3,0,2,1,1,1,4.4,0,Hill_Station,1.0189,52.8,25.0
Smart,#1 Pro+,Standard,60.5,62.0,200,1820,0.29,2.3,0.0119,92,440,38.1,26.8,1,2,0,1,1,0.8,-8,Hill_Station,0.6355,95.2,25.0
Smart,#1 Pro+,Standard,55.9,62.0,200,1820,0.29,2.3,0.0112,92,440,32.7,18.1,0,2,2,1,3,3.3,-2,Hill_Station,1.2705,44.0,25.0
Smart,#1 Pro+,Standard,55.7,62.0,200,1820,0.29,2.3,0.011,92,440,26.4,7.6,0,2,1,1,1,3.4,0,Hill_Station,1.0411,53.5,25.0
Smart,#1 Pro+,Standard,55.3,62.0,200,1820,0.29,2.3,0.011,92,440,38.1,23.9,0,2,0,2,1,3.6,0,Hill_Station,0.8097,68.3,25.0
Smart,#1 Pro+,Standard,57.5,62.0,200,1820,0.29,2.3,0.0112,92,440,26.8,16.1,0,2,1,2,2,2.4,-2,Hill_Station,1.1687,49.2,25.0
Smart,#1 Pro+,Standard,57.0,62.0,200,1820,0.29,2.3,0.0112,92,440,59.7,30.7,0,0,1,1,2,2.7,-2,Rural_Road,0.195,292.3,25.0
Smart,#1 Pro+,Standard,59.8,62.0,200,1820,0.29,2.3,0.0112,92,440,35.7,32.3,1,0,0,1,2,1.2,-2,Rural_Road,0.1575,379.7,25.0
Smart,#1 Pro+,Standard,54.9,62.0,200,1820,0.29,2.3,0.011,92,440,30.6,27.5,0,0,1,0,4,3.8,0,Rural_Road,0.1437,382.1,25.0
Smart,#1 Pro+,Standard,56.8,62.0,200,1820,0.29,2.3,0.0116,92,440,52.2,20.3,0,0,0,1,1,2.8,-5,Rural_Road,0.1359,418.0,25.0
Smart,#1 Pro+,Standard,57.4,62.0,200,1820,0.29,2.3,0.0116,92,440,45.1,25.9,0,0,0,1,1,2.5,-5,Rural_Road,0.1373,418.0,25.0
Smart,#1 Pro+,Standard,55.3,62.0,200,1820,0.29,2.3,0.0116,92,440,31.8,30.3,0,0,0,2,1,3.6,-5,Rural_Road,0.1329,416.2,25.0
Smart,#1 Pro+,Standard,58.7,62.0,200,1820,0.29,2.3,0.0119,92,440,53.1,39.1,0,0,0,2,2,1.8,-8,Rural_Road,0.1459,402.2,25.0
Smart,#1 Pro+,Standard,58.7,62.0,200,1820,0.29,2.3,0.0112,92,440,36.4,15.9,0,0,1,2,1,1.8,-2,Rural_Road,0.1667,352.1,25.0
Smart,#1 Pro+,Standard,57.9,62.0,200,1820,0.29,2.3,0.0116,92,440,33.5,34.9,0,0,0,0,1,2.2,-5,Rural_Road,0.1385,418.0,25.0
Smart,#1 Pro+,Standard,54.0,62.0,200,1820,0.29,2.3,0.0119,92,440,49.0,37.1,0,0,0,1,3,4.3,-8,Rural_Road,0.1343,402.2,25.0
Smart,#1 Pro+,Standard,56.8,62.0,200,1820,0.29,2.3,0.0116,92,440,30.7,20.5,0,2,1,1,5,2.8,-5,Ghat_Road,1.0125,56.1,25.0
Smart,#1 Pro+,Standard,58.8,62.0,200,1820,0.29,2.3,0.011,92,440,18.1,30.2,0,2,0,1,1,1.7,0,Ghat_Road,0.6975,84.3,25.0
Smart,#1 Pro+,Standard,56.8,62.0,200,1820,0.29,2.3,0.0116,92,440,19.0,14.2,0,2,0,1,3,2.8,-5,Ghat_Road,0.822,69.1,25.0
Smart,#1 Pro+,Standard,54.2,62.0,200,1820,0.29,2.3,0.011,92,440,31.4,28.3,0,2,0,2,1,4.2,0,Ghat_Road,0.7486,72.4,25.0
Smart,#1 Pro+,Standard,59.6,62.0,200,1820,0.29,2.3,0.011,92,440,21.0,32.3,0,2,1,0,2,1.3,0,Ghat_Road,0.843,70.7,25.0
Smart,#1 Pro+,Standard,58.3,62.0,200,1820,0.29,2.3,0.0116,92,440,26.0,31.0,0,2,2,2,4,2.0,-5,Ghat_Road,1.325,44.0,25.0
Smart,#1 Pro+,Standard,53.6,62.0,200,1820,0.29,2.3,0.011,92,440,26.7,13.8,0,2,2,1,1,4.5,0,Ghat_Road,1.2182,44.0,25.0
Smart,#1 Pro+,Standard,56.2,62.0,200,1820,0.29,2.3,0.0119,92,440,21.8,21.3,0,2,0,0,2,3.1,-8,Ghat_Road,0.5972,94.1,25.0
